ISO-10303-21;
HEADER;
/* Generated by software containing ST-Developer
 * from STEP Tools, Inc. (www.steptools.com) 
 */

FILE_DESCRIPTION(
/* description */ (''),
/* implementation_level */ '2;1');

FILE_NAME(
/* name */ 'base.step',
/* time_stamp */ '2026-08-04T22:30:11+10:00',
/* author */ (''),
/* organization */ (''),
/* preprocessor_version */ 'ST-DEVELOPER v20.1',
/* originating_system */ 'Autodesk Translation Framework v15.8.0.0',
/* authorisation */ '');

FILE_SCHEMA (('AUTOMOTIVE_DESIGN { 1 0 10303 214 3 1 1 }'));
ENDSEC;

DATA;
#10=MECHANICAL_DESIGN_GEOMETRIC_PRESENTATION_REPRESENTATION('',(#13),#4340);
#11=SHAPE_REPRESENTATION_RELATIONSHIP('SRR','None',#4346,#12);
#12=ADVANCED_BREP_SHAPE_REPRESENTATION('',(#14),#4339);
#13=STYLED_ITEM('',(#4355),#14);
#14=MANIFOLD_SOLID_BREP('Body9',#2128);
#15=B_SPLINE_SURFACE_WITH_KNOTS('',3,3,((#3195,#3196,#3197,#3198,#3199,
#3200,#3201),(#3202,#3203,#3204,#3205,#3206,#3207,#3208),(#3209,#3210,#3211,
#3212,#3213,#3214,#3215),(#3216,#3217,#3218,#3219,#3220,#3221,#3222),(#3223,
#3224,#3225,#3226,#3227,#3228,#3229)),.UNSPECIFIED.,.F.,.F.,.F.,(4,1,4),
(4,1,1,1,4),(0.,0.571428571428571,1.),(0.,0.226096366731588,0.339144550097381,
0.565240916828969,0.791337283560556),.UNSPECIFIED.);
#16=B_SPLINE_SURFACE_WITH_KNOTS('',3,3,((#3307,#3308,#3309,#3310,#3311,
#3312,#3313),(#3314,#3315,#3316,#3317,#3318,#3319,#3320),(#3321,#3322,#3323,
#3324,#3325,#3326,#3327),(#3328,#3329,#3330,#3331,#3332,#3333,#3334),(#3335,
#3336,#3337,#3338,#3339,#3340,#3341)),.UNSPECIFIED.,.F.,.F.,.F.,(4,1,4),
(4,1,1,1,4),(0.,0.571428571428571,1.),(0.,0.226246020939292,0.339369031408939,
0.565615052348231,0.791861073287524),.UNSPECIFIED.);
#17=(
BOUNDED_SURFACE()
B_SPLINE_SURFACE(2,2,((#3169,#3170,#3171),(#3172,#3173,#3174),(#3175,#3176,
#3177)),.UNSPECIFIED.,.F.,.F.,.F.)
B_SPLINE_SURFACE_WITH_KNOTS((3,3),(3,3),(-1.5707963267949,0.),(0.0818856642834119,
1.5707963267949),.UNSPECIFIED.)
GEOMETRIC_REPRESENTATION_ITEM()
RATIONAL_B_SPLINE_SURFACE(((1.,0.735457063380655,1.),(0.707106781186545,
0.520046676788004,0.707106781186545),(1.,0.735457063380655,1.)))
REPRESENTATION_ITEM('')
SURFACE()
);
#18=(
BOUNDED_SURFACE()
B_SPLINE_SURFACE(2,2,((#3371,#3372,#3373),(#3374,#3375,#3376),(#3377,#3378,
#3379)),.UNSPECIFIED.,.F.,.F.,.F.)
B_SPLINE_SURFACE_WITH_KNOTS((3,3),(3,3),(-4.44089209850061E-15,1.5707963267949),
(0.0818857295521577,1.5707963267949),.UNSPECIFIED.)
GEOMETRIC_REPRESENTATION_ITEM()
RATIONAL_B_SPLINE_SURFACE(((1.,0.73545708549277,1.),(0.707106781186536,
0.520046692423624,0.707106781186536),(1.,0.73545708549277,1.)))
REPRESENTATION_ITEM('')
SURFACE()
);
#19=ELLIPSE('',#2172,1.0000781215364,1.);
#20=ELLIPSE('',#2214,1.0000781223559,1.);
#21=ELLIPSE('',#2286,1.41421316197809,1.);
#22=ELLIPSE('',#2291,1.4142135623731,1.);
#23=ELLIPSE('',#2293,1.41421356237309,1.);
#24=ELLIPSE('',#2295,1.4142135623731,1.);
#25=ELLIPSE('',#2298,1.41421356237309,1.);
#26=ELLIPSE('',#2318,1.4142135623731,1.);
#27=FACE_BOUND('',#270,.T.);
#28=FACE_BOUND('',#271,.T.);
#29=FACE_BOUND('',#272,.T.);
#30=FACE_BOUND('',#274,.T.);
#31=FACE_BOUND('',#275,.T.);
#32=FACE_BOUND('',#282,.T.);
#33=FACE_BOUND('',#283,.T.);
#34=FACE_BOUND('',#284,.T.);
#35=FACE_BOUND('',#323,.T.);
#36=FACE_BOUND('',#329,.T.);
#37=FACE_BOUND('',#353,.T.);
#38=FACE_BOUND('',#357,.T.);
#39=FACE_BOUND('',#362,.T.);
#40=FACE_BOUND('',#364,.T.);
#41=FACE_BOUND('',#378,.T.);
#42=FACE_BOUND('',#382,.T.);
#43=FACE_BOUND('',#389,.T.);
#44=FACE_BOUND('',#391,.T.);
#45=FACE_BOUND('',#393,.T.);
#46=PLANE('',#2147);
#47=PLANE('',#2152);
#48=PLANE('',#2160);
#49=PLANE('',#2163);
#50=PLANE('',#2164);
#51=PLANE('',#2166);
#52=PLANE('',#2193);
#53=PLANE('',#2215);
#54=PLANE('',#2238);
#55=PLANE('',#2239);
#56=PLANE('',#2251);
#57=PLANE('',#2264);
#58=PLANE('',#2265);
#59=PLANE('',#2266);
#60=PLANE('',#2268);
#61=PLANE('',#2321);
#62=PLANE('',#2322);
#63=PLANE('',#2327);
#64=PLANE('',#2336);
#65=PLANE('',#2345);
#66=PLANE('',#2346);
#67=PLANE('',#2348);
#68=PLANE('',#2349);
#69=PLANE('',#2352);
#70=PLANE('',#2353);
#71=PLANE('',#2355);
#72=PLANE('',#2358);
#73=PLANE('',#2360);
#74=PLANE('',#2361);
#75=PLANE('',#2367);
#76=PLANE('',#2370);
#77=PLANE('',#2371);
#78=PLANE('',#2372);
#79=PLANE('',#2376);
#80=TOROIDAL_SURFACE('',#2140,16.,3.);
#81=TOROIDAL_SURFACE('',#2177,24.,1.);
#82=TOROIDAL_SURFACE('',#2181,16.25,1.);
#83=TOROIDAL_SURFACE('',#2191,6.74999918788672,6.);
#84=TOROIDAL_SURFACE('',#2202,16.25,1.);
#85=TOROIDAL_SURFACE('',#2206,24.,1.);
#86=TOROIDAL_SURFACE('',#2221,6.79999823495745,6.);
#87=TOROIDAL_SURFACE('',#2256,11.25,6.);
#88=TOROIDAL_SURFACE('',#2257,6.74999918788672,6.);
#89=TOROIDAL_SURFACE('',#2262,11.25,6.);
#90=TOROIDAL_SURFACE('',#2263,6.74999918788672,6.);
#91=TOROIDAL_SURFACE('',#2287,18.,1.);
#92=TOROIDAL_SURFACE('',#2299,3.,1.);
#93=TOROIDAL_SURFACE('',#2302,22.,1.);
#94=TOROIDAL_SURFACE('',#2306,18.25,1.);
#95=TOROIDAL_SURFACE('',#2310,22.,1.);
#96=TOROIDAL_SURFACE('',#2313,3.,1.);
#97=TOROIDAL_SURFACE('',#2323,3.75,0.75);
#98=TOROIDAL_SURFACE('',#2330,3.75,0.75);
#99=TOROIDAL_SURFACE('',#2339,3.75,0.75);
#100=TOROIDAL_SURFACE('',#2342,3.75,0.75);
#101=B_SPLINE_CURVE_WITH_KNOTS('',3,(#3022,#3023,#3024,#3025,#3026,#3027,
#3028,#3029,#3030,#3031,#3032,#3033,#3034,#3035,#3036,#3037,#3038,#3039,
#3040),.UNSPECIFIED.,.F.,.F.,(4,2,2,2,3,2,2,2,4),(-0.248719503626624,-0.229152468590816,
-0.152768312393877,-0.0763841561969385,0.,0.0763841561969387,0.152768312393877,
0.229152468590816,0.248719503626624),.UNSPECIFIED.);
#102=B_SPLINE_CURVE_WITH_KNOTS('',3,(#3058,#3059,#3060,#3061),
 .UNSPECIFIED.,.F.,.F.,(4,4),(0.396711123228934,0.444305691591126),
 .UNSPECIFIED.);
#103=B_SPLINE_CURVE_WITH_KNOTS('',3,(#3070,#3071,#3072,#3073),
 .UNSPECIFIED.,.F.,.F.,(4,4),(1.33292991431536,1.3805244794421),
 .UNSPECIFIED.);
#104=B_SPLINE_CURVE_WITH_KNOTS('',3,(#3074,#3075,#3076,#3077),
 .UNSPECIFIED.,.F.,.F.,(4,4),(0.1193034423237,0.120561112653829),
 .UNSPECIFIED.);
#105=B_SPLINE_CURVE_WITH_KNOTS('',3,(#3233,#3234,#3235,#3236,#3237,#3238,
#3239),.UNSPECIFIED.,.F.,.F.,(4,1,1,1,4),(-0.791337283560556,-0.565240916828969,
-0.339144550097381,-0.226096366731588,0.),.UNSPECIFIED.);
#106=B_SPLINE_CURVE_WITH_KNOTS('',3,(#3240,#3241,#3242,#3243,#3244,#3245,
#3246),.UNSPECIFIED.,.F.,.F.,(4,1,1,1,4),(0.,0.226096366731588,0.339144550097381,
0.565240916828969,0.791337283560556),.UNSPECIFIED.);
#107=B_SPLINE_CURVE_WITH_KNOTS('',3,(#3262,#3263,#3264,#3265,#3266,#3267,
#3268,#3269,#3270,#3271,#3272,#3273,#3274,#3275,#3276,#3277,#3278,#3279),
 .UNSPECIFIED.,.F.,.F.,(4,2,2,2,2,2,2,2,4),(-1.98742331497253,-1.98604268379284,
-1.78216299324911,-1.59071845886063,-1.34900860981919,-1.14537668899798,
-1.05115471094281,-1.01250005186394,-1.00487530467967),.UNSPECIFIED.);
#108=B_SPLINE_CURVE_WITH_KNOTS('',3,(#3345,#3346,#3347,#3348,#3349,#3350,
#3351),.UNSPECIFIED.,.F.,.F.,(4,1,1,1,4),(-0.791861073287524,-0.565615052348231,
-0.339369031408939,-0.226246020939292,0.),.UNSPECIFIED.);
#109=B_SPLINE_CURVE_WITH_KNOTS('',3,(#3352,#3353,#3354,#3355,#3356,#3357,
#3358),.UNSPECIFIED.,.F.,.F.,(4,1,1,1,4),(0.,0.226246020939292,0.339369031408939,
0.565615052348231,0.791861073287524),.UNSPECIFIED.);
#110=B_SPLINE_CURVE_WITH_KNOTS('',3,(#3414,#3415,#3416,#3417,#3418,#3419,
#3420,#3421,#3422,#3423,#3424,#3425,#3426,#3427),.UNSPECIFIED.,.F.,.F.,
(4,2,2,2,2,2,4),(-1.99874413660565,-1.9974197399475,-1.82899023109523,-1.65984764305696,
-1.41009653119461,-1.16830710449921,-0.998709869972892),.UNSPECIFIED.);
#111=B_SPLINE_CURVE_WITH_KNOTS('',3,(#3440,#3441,#3442,#3443,#3444,#3445,
#3446,#3447,#3448,#3449,#3450,#3451),.UNSPECIFIED.,.F.,.F.,(4,2,2,2,2,4),
(0.112692393198203,0.129034662559429,0.162104574713492,0.195174486867555,
0.227775091968811,0.260375697070066),.UNSPECIFIED.);
#112=B_SPLINE_CURVE_WITH_KNOTS('',3,(#3453,#3454,#3455,#3456,#3457,#3458,
#3459,#3460,#3461,#3462,#3463,#3464),.UNSPECIFIED.,.F.,.F.,(4,2,2,2,2,4),
(0.260375697070066,0.292976302171322,0.325576907272577,0.35864681942664,
0.391716731580704,0.40805900094193),.UNSPECIFIED.);
#113=B_SPLINE_CURVE_WITH_KNOTS('',3,(#3468,#3469,#3470,#3471,#3472,#3473,
#3474,#3475),.UNSPECIFIED.,.F.,.F.,(4,2,2,4),(0.3451851958631,0.39174702682661,
0.445902372270189,0.500057717713768),.UNSPECIFIED.);
#114=B_SPLINE_CURVE_WITH_KNOTS('',3,(#3477,#3478,#3479,#3480,#3481,#3482,
#3483,#3484),.UNSPECIFIED.,.F.,.F.,(4,2,2,4),(0.500057717713768,0.554213063157347,
0.608368408600926,0.654930239564436),.UNSPECIFIED.);
#115=B_SPLINE_CURVE_WITH_KNOTS('',3,(#3488,#3489,#3490,#3491,#3492,#3493,
#3494,#3495,#3496,#3497,#3498,#3499),.UNSPECIFIED.,.F.,.F.,(4,2,2,2,2,4),
(0.112692393198202,0.129034662559429,0.162104574713492,0.195174486867556,
0.227775091968811,0.260375697070066),.UNSPECIFIED.);
#116=B_SPLINE_CURVE_WITH_KNOTS('',3,(#3501,#3502,#3503,#3504,#3505,#3506,
#3507,#3508,#3509,#3510,#3511,#3512),.UNSPECIFIED.,.F.,.F.,(4,2,2,2,2,4),
(0.260375697070066,0.292976302171321,0.325576907272576,0.35864681942664,
0.391716731580703,0.408059000941929),.UNSPECIFIED.);
#117=B_SPLINE_CURVE_WITH_KNOTS('',3,(#3539,#3540,#3541,#3542,#3543,#3544,
#3545,#3546),.UNSPECIFIED.,.F.,.F.,(4,2,2,4),(-0.147683127860486,-0.131341017056824,
-0.0982711124260106,-0.079105572291108),.UNSPECIFIED.);
#118=B_SPLINE_CURVE_WITH_KNOTS('',3,(#3548,#3549,#3550,#3551,#3552,#3553,
#3554,#3555,#3556,#3557,#3558,#3559),.UNSPECIFIED.,.F.,.F.,(4,2,2,2,2,4),
(0.43517938373913,0.449905720870392,0.482619001752816,0.54072122456681,
0.598823447380805,0.65481597860903),.UNSPECIFIED.);
#119=B_SPLINE_CURVE_WITH_KNOTS('',3,(#3563,#3564,#3565,#3566,#3567,#3568,
#3569,#3570,#3571,#3572,#3573,#3574),.UNSPECIFIED.,.F.,.F.,(4,2,2,2,2,4),
(0.0602119143997644,0.116204445627988,0.174306668441983,0.232408891255977,
0.265122172138401,0.279848509269664),.UNSPECIFIED.);
#120=B_SPLINE_CURVE_WITH_KNOTS('',3,(#3576,#3577,#3578,#3579,#3580,#3581,
#3582,#3583),.UNSPECIFIED.,.F.,.F.,(4,2,2,4),(0.0791055722911079,0.098271112426011,
0.131341017056824,0.147683127831581),.UNSPECIFIED.);
#121=B_SPLINE_CURVE_WITH_KNOTS('',3,(#3587,#3588,#3589,#3590,#3591,#3592,
#3593,#3594,#3595,#3596,#3597,#3598,#3599,#3600,#3601),.UNSPECIFIED.,.F.,
 .F.,(4,2,2,3,2,2,4),(1.91027067674173,1.94493709024311,2.00322107917482,
2.06150506810654,2.11978905703825,2.17807304596997,2.21273945947135),
 .UNSPECIFIED.);
#122=B_SPLINE_CURVE_WITH_KNOTS('',3,(#3605,#3606,#3607,#3608,#3609,#3610,
#3611,#3612),.UNSPECIFIED.,.F.,.F.,(4,2,2,4),(-0.147683127860486,-0.131341017056824,
-0.098271112426011,-0.079105332671369),.UNSPECIFIED.);
#123=B_SPLINE_CURVE_WITH_KNOTS('',3,(#3614,#3615,#3616,#3617,#3618,#3619,
#3620,#3621,#3622,#3623,#3624,#3625),.UNSPECIFIED.,.F.,.F.,(4,2,2,2,2,4),
(0.435179622427486,0.449905720873118,0.482619001755872,0.540721224570054,
0.598823447384236,0.654815978611922),.UNSPECIFIED.);
#124=B_SPLINE_CURVE_WITH_KNOTS('',3,(#3629,#3630,#3631,#3632,#3633,#3634,
#3635,#3636,#3637,#3638,#3639,#3640),.UNSPECIFIED.,.F.,.F.,(4,2,2,2,2,4),
(0.0602119144006766,0.116204445628363,0.174306668442545,0.232408891256727,
0.265122172139481,0.279848747957972),.UNSPECIFIED.);
#125=B_SPLINE_CURVE_WITH_KNOTS('',3,(#3642,#3643,#3644,#3645,#3646,#3647,
#3648,#3649),.UNSPECIFIED.,.F.,.F.,(4,2,2,4),(0.079105811910712,0.098271112426011,
0.131341017056824,0.14768312783158),.UNSPECIFIED.);
#126=B_SPLINE_CURVE_WITH_KNOTS('',3,(#3696,#3697,#3698,#3699,#3700,#3701,
#3702,#3703,#3704,#3705,#3706,#3707,#3708,#3709),.UNSPECIFIED.,.F.,.F.,
(4,2,2,2,2,2,4),(-2.01015976628975,-2.00883605031982,-1.83725954818758,
-1.6649248207579,-1.41489753116493,-1.17218266762774,-1.004418023359),
 .UNSPECIFIED.);
#127=B_SPLINE_CURVE_WITH_KNOTS('',3,(#3712,#3713,#3714,#3715,#3716,#3717,
#3718,#3719,#3720,#3721,#3722,#3723,#3724,#3725,#3726,#3727,#3728,#3729),
 .UNSPECIFIED.,.F.,.F.,(4,2,2,2,2,2,2,2,4),(0.888577581745394,0.999649807347592,
1.11072203294979,1.22179429824248,1.33286656353517,1.44393887858988,1.55501119364459,
1.66608329377776,1.77715539391092),.UNSPECIFIED.);
#128=B_SPLINE_CURVE_WITH_KNOTS('',3,(#3738,#3739,#3740,#3741,#3742,#3743,
#3744,#3745,#3746,#3747,#3748,#3749,#3750,#3751),.UNSPECIFIED.,.F.,.F.,
(4,2,2,2,2,2,4),(-1.00441798447775,-0.836653347302067,-0.593938494026839,
-0.343911215005014,-0.171576494861642,0.,0.00132371591409431),
 .UNSPECIFIED.);
#129=B_SPLINE_CURVE_WITH_KNOTS('',3,(#3753,#3754,#3755,#3756,#3757,#3758,
#3759,#3760,#3761,#3762,#3763,#3764,#3765,#3766,#3767,#3768,#3769,#3770),
 .UNSPECIFIED.,.F.,.F.,(4,2,2,2,2,2,2,2,4),(1.77715539464695,1.88822749453699,
1.99929959442703,2.1103719097935,2.22144422515997,2.33251649063595,2.44358875611192,
2.55466098179493,2.66573320747794),.UNSPECIFIED.);
#130=B_SPLINE_CURVE_WITH_KNOTS('',3,(#3787,#3788,#3789,#3790,#3791,#3792,
#3793,#3794,#3795,#3796,#3797,#3798,#3799,#3800),.UNSPECIFIED.,.F.,.F.,
(4,2,2,2,2,2,4),(0.383520344336696,0.403654559780863,0.436026728532168,
0.471651034615055,0.507275340697943,0.55983766387598,0.612399987054017),
 .UNSPECIFIED.);
#131=B_SPLINE_CURVE_WITH_KNOTS('',3,(#3802,#3803,#3804,#3805,#3806,#3807,
#3808,#3809,#3810,#3811,#3812,#3813,#3814,#3815,#3816,#3817,#3818,#3819,
#3820,#3821,#3822,#3823),.UNSPECIFIED.,.F.,.F.,(4,2,2,2,2,2,2,2,2,2,4),
(0.,0.0525623231780372,0.105124646356074,0.140748952438962,0.176373258521849,
0.208745427273155,0.24111759602446,0.273658794775734,0.306199993527009,
0.338741192278283,0.357441573593066),.UNSPECIFIED.);
#132=B_SPLINE_CURVE_WITH_KNOTS('',3,(#3825,#3826,#3827,#3828,#3829,#3830,
#3831,#3832,#3833,#3834,#3835,#3836,#3837,#3838,#3839,#3840,#3841,#3842,
#3843,#3844,#3845,#3846,#3847,#3848),.UNSPECIFIED.,.F.,.F.,(4,2,2,2,2,2,
2,2,2,2,2,4),(4.82948741501036E-7,0.0330639264702431,0.0657942312457829,
0.097859122989083,0.131305033131393,0.161542046670097,0.188852475250313,
0.217790263900839,0.254039077607716,0.304415342295562,0.367008998086788,
0.372290117899908),.UNSPECIFIED.);
#133=B_SPLINE_CURVE_WITH_KNOTS('',3,(#3850,#3851,#3852,#3853,#3854,#3855,
#3856,#3857,#3858,#3859,#3860,#3861,#3862,#3863,#3864,#3865),
 .UNSPECIFIED.,.F.,.F.,(4,2,2,2,2,2,2,4),(-0.00533897144596309,0.,0.0632793333220329,
0.114207441041669,0.150853339672934,0.180108125169515,0.207717723801352,
0.235579831387721),.UNSPECIFIED.);
#134=B_SPLINE_CURVE_WITH_KNOTS('',3,(#3868,#3869,#3870,#3871,#3872,#3873,
#3874,#3875,#3876,#3877,#3878,#3879),.UNSPECIFIED.,.F.,.F.,(4,2,2,2,2,4),
(0.235579831387721,0.238285956693673,0.272098125682961,0.304514153042796,
0.337602880227453,0.371028394287618),.UNSPECIFIED.);
#135=B_SPLINE_CURVE_WITH_KNOTS('',3,(#3880,#3881,#3882,#3883,#3884,#3885,
#3886,#3887,#3888,#3889,#3890,#3891),.UNSPECIFIED.,.F.,.F.,(4,2,2,2,2,4),
(0.254958413460951,0.273658794775734,0.306199993527009,0.338741192278283,
0.371282391029557,0.383520344336696),.UNSPECIFIED.);
#136=B_SPLINE_CURVE_WITH_KNOTS('',3,(#3901,#3902,#3903,#3904,#3905,#3906,
#3907,#3908,#3909,#3910,#3911,#3912,#3913,#3914,#3915,#3916,#3917,#3918,
#3919,#3920,#3921,#3922,#3923,#3924,#3925,#3926,#3927,#3928,#3929,#3930,
#3931),.UNSPECIFIED.,.F.,.F.,(4,2,2,2,2,2,2,3,2,2,2,2,2,2,4),(-0.240745271326042,
-0.216250619702027,-0.188376406493079,-0.160502193284132,-0.132627980075184,
-0.0962238876761706,-0.0481119438380853,0.,0.0481119438380853,0.0962238876761707,
0.132627980075184,0.160502193284132,0.188376406493079,0.216250619702027,
0.240745271326043),.UNSPECIFIED.);
#137=B_SPLINE_CURVE_WITH_KNOTS('',3,(#3934,#3935,#3936,#3937,#3938,#3939,
#3940,#3941,#3942,#3943,#3944,#3945,#3946,#3947,#3948,#3949,#3950,#3951,
#3952,#3953,#3954,#3955,#3956,#3957,#3958,#3959,#3960,#3961,#3962,#3963),
 .UNSPECIFIED.,.F.,.F.,(4,2,2,2,2,2,2,2,2,2,2,2,2,2,4),(0.136007541660127,
0.160502193284132,0.188376406493079,0.216250619702027,0.244124832910975,
0.280528925309988,0.328640869148074,0.376752812986159,0.424864756824244,
0.472976700662329,0.509380793061343,0.53725500627029,0.565129219479238,
0.593003432688186,0.617498084312191),.UNSPECIFIED.);
#138=B_SPLINE_CURVE_WITH_KNOTS('',3,(#3967,#3968,#3969,#3970,#3971,#3972),
 .UNSPECIFIED.,.F.,.F.,(4,2,4),(0.533550344520344,0.55983766387598,0.612399987054017),
 .UNSPECIFIED.);
#139=B_SPLINE_CURVE_WITH_KNOTS('',3,(#3975,#3976,#3977,#3978,#3979,#3980),
 .UNSPECIFIED.,.F.,.F.,(4,2,4),(0.,0.0525623231780372,0.0788496425336721),
 .UNSPECIFIED.);
#140=B_SPLINE_CURVE_WITH_KNOTS('',3,(#3986,#3987,#3988,#3989,#3990,#3991),
 .UNSPECIFIED.,.F.,.F.,(4,2,4),(-0.00533897144596831,0.,0.0778621883907715),
 .UNSPECIFIED.);
#141=B_SPLINE_CURVE_WITH_KNOTS('',3,(#3992,#3993,#3994,#3995,#3996,#3997),
 .UNSPECIFIED.,.F.,.F.,(4,2,4),(0.,0.0776062179198676,0.0829276375982358),
 .UNSPECIFIED.);
#142=B_SPLINE_CURVE_WITH_KNOTS('',3,(#4002,#4003,#4004,#4005,#4006,#4007,
#4008,#4009,#4010,#4011,#4012,#4013,#4014,#4015,#4016,#4017,#4018,#4019,
#4020,#4021),.UNSPECIFIED.,.F.,.F.,(4,2,2,2,2,2,2,2,2,4),(0.,0.0540509382297469,
0.108101876459494,0.148674112760625,0.184750976476411,0.220827840192196,
0.256904703907982,0.292981567623768,0.3335538039249,0.387183505364568),
 .UNSPECIFIED.);
#143=B_SPLINE_CURVE_WITH_KNOTS('',3,(#4023,#4024,#4025,#4026,#4027,#4028,
#4029,#4030,#4031,#4032,#4033,#4034,#4035,#4036,#4037,#4038,#4039,#4040,
#4041,#4042),.UNSPECIFIED.,.F.,.F.,(4,2,2,2,2,2,2,2,2,4),(0.496127855404218,
0.549757556843886,0.590329793145018,0.626406656860803,0.662483520576589,
0.698560384292375,0.73463724800816,0.775209484309292,0.829260422539039,
0.883311360768785),.UNSPECIFIED.);
#144=B_SPLINE_CURVE_WITH_KNOTS('',3,(#4044,#4045,#4046,#4047,#4048,#4049,
#4050,#4051,#4052,#4053),.UNSPECIFIED.,.F.,.F.,(4,2,2,2,4),(0.387183505364568,
0.387604742154646,0.441655680384393,0.495706618614139,0.496127855404218),
 .UNSPECIFIED.);
#145=B_SPLINE_CURVE_WITH_KNOTS('',3,(#4058,#4059,#4060,#4061,#4062,#4063,
#4064,#4065,#4066,#4067,#4068,#4069),.UNSPECIFIED.,.F.,.F.,(4,2,2,2,2,4),
(0.,0.0173531681750946,0.0347063363501893,0.0694126727003786,0.107547182158462,
0.145681691616545),.UNSPECIFIED.);
#146=B_SPLINE_CURVE_WITH_KNOTS('',3,(#4070,#4071,#4072,#4073,#4074,#4075,
#4076,#4077,#4078,#4079,#4080,#4081,#4082,#4083,#4084,#4085,#4086,#4087,
#4088,#4089,#4090,#4091,#4092,#4093,#4094,#4095,#4096,#4097),
 .UNSPECIFIED.,.F.,.F.,(4,2,2,2,2,2,2,2,2,2,2,2,2,4),(0.145681691616545,
0.177944404574126,0.210207117531708,0.242593667814781,0.274980218097855,
0.307366768380928,0.339753318664002,0.372016031621584,0.404278744579165,
0.442413254037248,0.480547763495331,0.515254099845521,0.532607268020615,
0.54996043619571),.UNSPECIFIED.);
#147=B_SPLINE_CURVE_WITH_KNOTS('',3,(#4101,#4102,#4103,#4104,#4105,#4106,
#4107,#4108,#4109,#4110,#4111,#4112,#4113,#4114,#4115,#4116),
 .UNSPECIFIED.,.F.,.F.,(4,2,2,2,2,2,2,4),(0.,0.0173531681750946,0.0347063363501893,
0.0694126727003786,0.107547182158462,0.145681691616545,0.177944404574126,
0.197743433820198),.UNSPECIFIED.);
#148=B_SPLINE_CURVE_WITH_KNOTS('',3,(#4118,#4119,#4120,#4121,#4122,#4123,
#4124,#4125,#4126,#4127,#4128,#4129),.UNSPECIFIED.,.F.,.F.,(4,2,2,2,2,4),
(0.404278744579165,0.442413254037248,0.480547763495331,0.515254099845521,
0.532607268020615,0.54996043619571),.UNSPECIFIED.);
#149=B_SPLINE_CURVE_WITH_KNOTS('',3,(#4132,#4133,#4134,#4135,#4136,#4137),
 .UNSPECIFIED.,.F.,.F.,(4,2,4),(0.352217002375511,0.372016031621584,0.404278744579165),
 .UNSPECIFIED.);
#150=B_SPLINE_CURVE_WITH_KNOTS('',3,(#4138,#4139,#4140,#4141,#4142,#4143,
#4144,#4145,#4146,#4147,#4148,#4149,#4150,#4151),.UNSPECIFIED.,.F.,.F.,
(4,2,2,2,2,2,4),(0.197743433820198,0.210207117531708,0.242593667814781,
0.274980218097855,0.307366768380928,0.339753318664002,0.352217002375511),
 .UNSPECIFIED.);
#151=B_SPLINE_CURVE_WITH_KNOTS('',3,(#4156,#4157,#4158,#4159,#4160,#4161,
#4162,#4163,#4164,#4165,#4166,#4167),.UNSPECIFIED.,.F.,.F.,(4,2,2,2,2,4),
(0.295835036454066,0.337722892887256,0.397937986592509,0.519799583133198,
0.591670072911,0.596908829430147),.UNSPECIFIED.);
#152=B_SPLINE_CURVE_WITH_KNOTS('',3,(#4178,#4179,#4180,#4181,#4182,#4183,
#4184,#4185,#4186,#4187,#4188,#4189),.UNSPECIFIED.,.F.,.F.,(4,2,2,2,2,4),
(-0.295835724093737,-0.253947871102419,-0.193732781621165,-0.071871174008258,
0.,0.00523874528619989),.UNSPECIFIED.);
#153=FACE_OUTER_BOUND('',#264,.T.);
#154=FACE_OUTER_BOUND('',#265,.T.);
#155=FACE_OUTER_BOUND('',#266,.T.);
#156=FACE_OUTER_BOUND('',#267,.T.);
#157=FACE_OUTER_BOUND('',#268,.T.);
#158=FACE_OUTER_BOUND('',#269,.T.);
#159=FACE_OUTER_BOUND('',#273,.T.);
#160=FACE_OUTER_BOUND('',#276,.T.);
#161=FACE_OUTER_BOUND('',#277,.T.);
#162=FACE_OUTER_BOUND('',#278,.T.);
#163=FACE_OUTER_BOUND('',#279,.T.);
#164=FACE_OUTER_BOUND('',#280,.T.);
#165=FACE_OUTER_BOUND('',#281,.T.);
#166=FACE_OUTER_BOUND('',#285,.T.);
#167=FACE_OUTER_BOUND('',#286,.T.);
#168=FACE_OUTER_BOUND('',#287,.T.);
#169=FACE_OUTER_BOUND('',#288,.T.);
#170=FACE_OUTER_BOUND('',#289,.T.);
#171=FACE_OUTER_BOUND('',#290,.T.);
#172=FACE_OUTER_BOUND('',#291,.T.);
#173=FACE_OUTER_BOUND('',#292,.T.);
#174=FACE_OUTER_BOUND('',#293,.T.);
#175=FACE_OUTER_BOUND('',#294,.T.);
#176=FACE_OUTER_BOUND('',#295,.T.);
#177=FACE_OUTER_BOUND('',#296,.T.);
#178=FACE_OUTER_BOUND('',#297,.T.);
#179=FACE_OUTER_BOUND('',#298,.T.);
#180=FACE_OUTER_BOUND('',#299,.T.);
#181=FACE_OUTER_BOUND('',#300,.T.);
#182=FACE_OUTER_BOUND('',#301,.T.);
#183=FACE_OUTER_BOUND('',#302,.T.);
#184=FACE_OUTER_BOUND('',#303,.T.);
#185=FACE_OUTER_BOUND('',#304,.T.);
#186=FACE_OUTER_BOUND('',#305,.T.);
#187=FACE_OUTER_BOUND('',#306,.T.);
#188=FACE_OUTER_BOUND('',#307,.T.);
#189=FACE_OUTER_BOUND('',#308,.T.);
#190=FACE_OUTER_BOUND('',#309,.T.);
#191=FACE_OUTER_BOUND('',#310,.T.);
#192=FACE_OUTER_BOUND('',#311,.T.);
#193=FACE_OUTER_BOUND('',#312,.T.);
#194=FACE_OUTER_BOUND('',#313,.T.);
#195=FACE_OUTER_BOUND('',#314,.T.);
#196=FACE_OUTER_BOUND('',#315,.T.);
#197=FACE_OUTER_BOUND('',#316,.T.);
#198=FACE_OUTER_BOUND('',#317,.T.);
#199=FACE_OUTER_BOUND('',#318,.T.);
#200=FACE_OUTER_BOUND('',#319,.T.);
#201=FACE_OUTER_BOUND('',#320,.T.);
#202=FACE_OUTER_BOUND('',#321,.T.);
#203=FACE_OUTER_BOUND('',#322,.T.);
#204=FACE_OUTER_BOUND('',#324,.T.);
#205=FACE_OUTER_BOUND('',#325,.T.);
#206=FACE_OUTER_BOUND('',#326,.T.);
#207=FACE_OUTER_BOUND('',#327,.T.);
#208=FACE_OUTER_BOUND('',#328,.T.);
#209=FACE_OUTER_BOUND('',#330,.T.);
#210=FACE_OUTER_BOUND('',#331,.T.);
#211=FACE_OUTER_BOUND('',#332,.T.);
#212=FACE_OUTER_BOUND('',#333,.T.);
#213=FACE_OUTER_BOUND('',#334,.T.);
#214=FACE_OUTER_BOUND('',#335,.T.);
#215=FACE_OUTER_BOUND('',#336,.T.);
#216=FACE_OUTER_BOUND('',#337,.T.);
#217=FACE_OUTER_BOUND('',#338,.T.);
#218=FACE_OUTER_BOUND('',#339,.T.);
#219=FACE_OUTER_BOUND('',#340,.T.);
#220=FACE_OUTER_BOUND('',#341,.T.);
#221=FACE_OUTER_BOUND('',#342,.T.);
#222=FACE_OUTER_BOUND('',#343,.T.);
#223=FACE_OUTER_BOUND('',#344,.T.);
#224=FACE_OUTER_BOUND('',#345,.T.);
#225=FACE_OUTER_BOUND('',#346,.T.);
#226=FACE_OUTER_BOUND('',#347,.T.);
#227=FACE_OUTER_BOUND('',#348,.T.);
#228=FACE_OUTER_BOUND('',#349,.T.);
#229=FACE_OUTER_BOUND('',#350,.T.);
#230=FACE_OUTER_BOUND('',#351,.T.);
#231=FACE_OUTER_BOUND('',#352,.T.);
#232=FACE_OUTER_BOUND('',#354,.T.);
#233=FACE_OUTER_BOUND('',#355,.T.);
#234=FACE_OUTER_BOUND('',#356,.T.);
#235=FACE_OUTER_BOUND('',#358,.T.);
#236=FACE_OUTER_BOUND('',#359,.T.);
#237=FACE_OUTER_BOUND('',#360,.T.);
#238=FACE_OUTER_BOUND('',#361,.T.);
#239=FACE_OUTER_BOUND('',#363,.T.);
#240=FACE_OUTER_BOUND('',#365,.T.);
#241=FACE_OUTER_BOUND('',#366,.T.);
#242=FACE_OUTER_BOUND('',#367,.T.);
#243=FACE_OUTER_BOUND('',#368,.T.);
#244=FACE_OUTER_BOUND('',#369,.T.);
#245=FACE_OUTER_BOUND('',#370,.T.);
#246=FACE_OUTER_BOUND('',#371,.T.);
#247=FACE_OUTER_BOUND('',#372,.T.);
#248=FACE_OUTER_BOUND('',#373,.T.);
#249=FACE_OUTER_BOUND('',#374,.T.);
#250=FACE_OUTER_BOUND('',#375,.T.);
#251=FACE_OUTER_BOUND('',#376,.T.);
#252=FACE_OUTER_BOUND('',#377,.T.);
#253=FACE_OUTER_BOUND('',#379,.T.);
#254=FACE_OUTER_BOUND('',#380,.T.);
#255=FACE_OUTER_BOUND('',#381,.T.);
#256=FACE_OUTER_BOUND('',#383,.T.);
#257=FACE_OUTER_BOUND('',#384,.T.);
#258=FACE_OUTER_BOUND('',#385,.T.);
#259=FACE_OUTER_BOUND('',#386,.T.);
#260=FACE_OUTER_BOUND('',#387,.T.);
#261=FACE_OUTER_BOUND('',#388,.T.);
#262=FACE_OUTER_BOUND('',#390,.T.);
#263=FACE_OUTER_BOUND('',#392,.T.);
#264=EDGE_LOOP('',(#1317,#1318,#1319,#1320));
#265=EDGE_LOOP('',(#1321,#1322,#1323,#1324,#1325,#1326));
#266=EDGE_LOOP('',(#1327,#1328,#1329,#1330));
#267=EDGE_LOOP('',(#1331,#1332,#1333,#1334,#1335,#1336,#1337,#1338));
#268=EDGE_LOOP('',(#1339,#1340,#1341,#1342,#1343,#1344));
#269=EDGE_LOOP('',(#1345,#1346,#1347,#1348,#1349,#1350,#1351));
#270=EDGE_LOOP('',(#1352));
#271=EDGE_LOOP('',(#1353));
#272=EDGE_LOOP('',(#1354));
#273=EDGE_LOOP('',(#1355,#1356,#1357,#1358));
#274=EDGE_LOOP('',(#1359));
#275=EDGE_LOOP('',(#1360));
#276=EDGE_LOOP('',(#1361,#1362,#1363,#1364));
#277=EDGE_LOOP('',(#1365,#1366,#1367,#1368));
#278=EDGE_LOOP('',(#1369,#1370,#1371,#1372,#1373,#1374,#1375,#1376,#1377,
#1378,#1379));
#279=EDGE_LOOP('',(#1380,#1381,#1382));
#280=EDGE_LOOP('',(#1383,#1384,#1385,#1386,#1387,#1388,#1389,#1390,#1391));
#281=EDGE_LOOP('',(#1392,#1393,#1394,#1395,#1396,#1397,#1398,#1399,#1400,
#1401,#1402,#1403,#1404));
#282=EDGE_LOOP('',(#1405));
#283=EDGE_LOOP('',(#1406));
#284=EDGE_LOOP('',(#1407));
#285=EDGE_LOOP('',(#1408,#1409,#1410,#1411));
#286=EDGE_LOOP('',(#1412,#1413,#1414,#1415));
#287=EDGE_LOOP('',(#1416,#1417,#1418,#1419));
#288=EDGE_LOOP('',(#1420,#1421,#1422,#1423));
#289=EDGE_LOOP('',(#1424,#1425,#1426,#1427));
#290=EDGE_LOOP('',(#1428,#1429,#1430,#1431));
#291=EDGE_LOOP('',(#1432,#1433,#1434,#1435));
#292=EDGE_LOOP('',(#1436,#1437,#1438,#1439));
#293=EDGE_LOOP('',(#1440,#1441,#1442,#1443,#1444,#1445,#1446,#1447,#1448,
#1449,#1450,#1451,#1452,#1453));
#294=EDGE_LOOP('',(#1454,#1455,#1456,#1457));
#295=EDGE_LOOP('',(#1458,#1459,#1460,#1461));
#296=EDGE_LOOP('',(#1462,#1463,#1464,#1465));
#297=EDGE_LOOP('',(#1466,#1467,#1468,#1469));
#298=EDGE_LOOP('',(#1470,#1471,#1472,#1473));
#299=EDGE_LOOP('',(#1474,#1475,#1476,#1477));
#300=EDGE_LOOP('',(#1478,#1479,#1480,#1481,#1482,#1483,#1484,#1485,#1486,
#1487,#1488,#1489,#1490,#1491));
#301=EDGE_LOOP('',(#1492,#1493,#1494,#1495));
#302=EDGE_LOOP('',(#1496,#1497,#1498,#1499));
#303=EDGE_LOOP('',(#1500,#1501,#1502,#1503,#1504,#1505,#1506,#1507,#1508,
#1509,#1510,#1511,#1512));
#304=EDGE_LOOP('',(#1513,#1514,#1515,#1516,#1517,#1518,#1519,#1520,#1521,
#1522,#1523,#1524,#1525,#1526,#1527,#1528,#1529,#1530));
#305=EDGE_LOOP('',(#1531,#1532,#1533,#1534));
#306=EDGE_LOOP('',(#1535,#1536,#1537,#1538,#1539,#1540,#1541,#1542,#1543,
#1544,#1545,#1546,#1547,#1548,#1549,#1550,#1551,#1552));
#307=EDGE_LOOP('',(#1553,#1554,#1555,#1556,#1557));
#308=EDGE_LOOP('',(#1558,#1559,#1560,#1561,#1562,#1563,#1564,#1565,#1566,
#1567,#1568,#1569,#1570,#1571,#1572,#1573,#1574,#1575,#1576));
#309=EDGE_LOOP('',(#1577,#1578,#1579,#1580,#1581,#1582,#1583,#1584,#1585,
#1586,#1587,#1588));
#310=EDGE_LOOP('',(#1589,#1590,#1591,#1592));
#311=EDGE_LOOP('',(#1593,#1594,#1595,#1596));
#312=EDGE_LOOP('',(#1597,#1598,#1599,#1600,#1601,#1602,#1603,#1604));
#313=EDGE_LOOP('',(#1605,#1606,#1607,#1608));
#314=EDGE_LOOP('',(#1609,#1610,#1611,#1612));
#315=EDGE_LOOP('',(#1613,#1614,#1615,#1616,#1617,#1618));
#316=EDGE_LOOP('',(#1619,#1620,#1621,#1622,#1623,#1624));
#317=EDGE_LOOP('',(#1625,#1626));
#318=EDGE_LOOP('',(#1627,#1628));
#319=EDGE_LOOP('',(#1629,#1630,#1631,#1632,#1633,#1634,#1635,#1636,#1637,
#1638,#1639,#1640));
#320=EDGE_LOOP('',(#1641,#1642,#1643));
#321=EDGE_LOOP('',(#1644,#1645,#1646));
#322=EDGE_LOOP('',(#1647,#1648,#1649,#1650,#1651,#1652,#1653,#1654,#1655,
#1656));
#323=EDGE_LOOP('',(#1657,#1658));
#324=EDGE_LOOP('',(#1659,#1660));
#325=EDGE_LOOP('',(#1661,#1662,#1663));
#326=EDGE_LOOP('',(#1664,#1665,#1666));
#327=EDGE_LOOP('',(#1667,#1668,#1669,#1670));
#328=EDGE_LOOP('',(#1671,#1672,#1673,#1674,#1675,#1676,#1677,#1678,#1679,
#1680));
#329=EDGE_LOOP('',(#1681,#1682,#1683,#1684,#1685,#1686,#1687));
#330=EDGE_LOOP('',(#1688,#1689,#1690,#1691,#1692,#1693,#1694,#1695,#1696,
#1697,#1698));
#331=EDGE_LOOP('',(#1699,#1700,#1701,#1702,#1703));
#332=EDGE_LOOP('',(#1704,#1705,#1706,#1707,#1708,#1709,#1710,#1711,#1712));
#333=EDGE_LOOP('',(#1713,#1714,#1715));
#334=EDGE_LOOP('',(#1716,#1717,#1718,#1719,#1720));
#335=EDGE_LOOP('',(#1721,#1722,#1723,#1724));
#336=EDGE_LOOP('',(#1725,#1726,#1727,#1728,#1729));
#337=EDGE_LOOP('',(#1730,#1731,#1732,#1733));
#338=EDGE_LOOP('',(#1734,#1735,#1736,#1737));
#339=EDGE_LOOP('',(#1738,#1739,#1740,#1741));
#340=EDGE_LOOP('',(#1742,#1743,#1744,#1745));
#341=EDGE_LOOP('',(#1746,#1747,#1748,#1749));
#342=EDGE_LOOP('',(#1750,#1751,#1752,#1753,#1754,#1755,#1756,#1757));
#343=EDGE_LOOP('',(#1758,#1759,#1760,#1761));
#344=EDGE_LOOP('',(#1762,#1763,#1764,#1765));
#345=EDGE_LOOP('',(#1766,#1767,#1768,#1769));
#346=EDGE_LOOP('',(#1770,#1771,#1772,#1773));
#347=EDGE_LOOP('',(#1774,#1775,#1776,#1777));
#348=EDGE_LOOP('',(#1778,#1779,#1780,#1781));
#349=EDGE_LOOP('',(#1782,#1783,#1784,#1785,#1786,#1787,#1788));
#350=EDGE_LOOP('',(#1789,#1790,#1791,#1792,#1793,#1794,#1795));
#351=EDGE_LOOP('',(#1796,#1797,#1798,#1799));
#352=EDGE_LOOP('',(#1800,#1801,#1802,#1803,#1804,#1805,#1806));
#353=EDGE_LOOP('',(#1807));
#354=EDGE_LOOP('',(#1808,#1809,#1810,#1811));
#355=EDGE_LOOP('',(#1812,#1813,#1814,#1815));
#356=EDGE_LOOP('',(#1816,#1817,#1818,#1819,#1820,#1821,#1822));
#357=EDGE_LOOP('',(#1823));
#358=EDGE_LOOP('',(#1824,#1825,#1826,#1827));
#359=EDGE_LOOP('',(#1828,#1829,#1830,#1831));
#360=EDGE_LOOP('',(#1832,#1833,#1834,#1835));
#361=EDGE_LOOP('',(#1836,#1837,#1838,#1839,#1840,#1841));
#362=EDGE_LOOP('',(#1842));
#363=EDGE_LOOP('',(#1843,#1844,#1845,#1846,#1847,#1848));
#364=EDGE_LOOP('',(#1849));
#365=EDGE_LOOP('',(#1850,#1851,#1852,#1853));
#366=EDGE_LOOP('',(#1854,#1855,#1856,#1857,#1858,#1859,#1860,#1861,#1862,
#1863,#1864));
#367=EDGE_LOOP('',(#1865,#1866,#1867,#1868));
#368=EDGE_LOOP('',(#1869,#1870,#1871,#1872,#1873));
#369=EDGE_LOOP('',(#1874,#1875,#1876,#1877));
#370=EDGE_LOOP('',(#1878,#1879,#1880,#1881));
#371=EDGE_LOOP('',(#1882,#1883,#1884,#1885));
#372=EDGE_LOOP('',(#1886,#1887,#1888,#1889));
#373=EDGE_LOOP('',(#1890,#1891,#1892,#1893));
#374=EDGE_LOOP('',(#1894,#1895,#1896,#1897));
#375=EDGE_LOOP('',(#1898,#1899,#1900,#1901));
#376=EDGE_LOOP('',(#1902,#1903,#1904,#1905));
#377=EDGE_LOOP('',(#1906,#1907,#1908,#1909,#1910,#1911,#1912,#1913,#1914,
#1915));
#378=EDGE_LOOP('',(#1916,#1917));
#379=EDGE_LOOP('',(#1918,#1919,#1920,#1921));
#380=EDGE_LOOP('',(#1922,#1923,#1924,#1925));
#381=EDGE_LOOP('',(#1926,#1927));
#382=EDGE_LOOP('',(#1928));
#383=EDGE_LOOP('',(#1929,#1930,#1931,#1932,#1933,#1934));
#384=EDGE_LOOP('',(#1935,#1936,#1937,#1938,#1939,#1940));
#385=EDGE_LOOP('',(#1941,#1942,#1943));
#386=EDGE_LOOP('',(#1944,#1945,#1946));
#387=EDGE_LOOP('',(#1947,#1948));
#388=EDGE_LOOP('',(#1949,#1950,#1951,#1952));
#389=EDGE_LOOP('',(#1953,#1954,#1955));
#390=EDGE_LOOP('',(#1956,#1957,#1958,#1959));
#391=EDGE_LOOP('',(#1960,#1961));
#392=EDGE_LOOP('',(#1962,#1963));
#393=EDGE_LOOP('',(#1964));
#394=CIRCLE('',#2131,3.);
#395=CIRCLE('',#2132,3.);
#396=CIRCLE('',#2134,3.);
#397=CIRCLE('',#2135,3.);
#398=CIRCLE('',#2136,3.);
#399=CIRCLE('',#2138,3.);
#400=CIRCLE('',#2139,3.);
#401=CIRCLE('',#2141,16.);
#402=CIRCLE('',#2142,3.);
#403=CIRCLE('',#2143,19.);
#404=CIRCLE('',#2144,16.);
#405=CIRCLE('',#2146,3.);
#406=CIRCLE('',#2148,3.75);
#407=CIRCLE('',#2149,1.4);
#408=CIRCLE('',#2150,0.850000000000004);
#409=CIRCLE('',#2151,0.85);
#410=CIRCLE('',#2153,1.35);
#411=CIRCLE('',#2154,1.4);
#412=CIRCLE('',#2156,19.);
#413=CIRCLE('',#2158,3.);
#414=CIRCLE('',#2159,3.);
#415=CIRCLE('',#2161,0.5);
#416=CIRCLE('',#2162,0.5);
#417=CIRCLE('',#2165,3.);
#418=CIRCLE('',#2167,3.75);
#419=CIRCLE('',#2168,1.4);
#420=CIRCLE('',#2169,0.85);
#421=CIRCLE('',#2170,0.85);
#422=CIRCLE('',#2173,1.);
#423=CIRCLE('',#2174,1.);
#424=CIRCLE('',#2175,2.);
#425=CIRCLE('',#2176,1.);
#426=CIRCLE('',#2178,0.999999999999996);
#427=CIRCLE('',#2179,23.);
#428=CIRCLE('',#2180,24.);
#429=CIRCLE('',#2182,1.);
#430=CIRCLE('',#2183,17.25);
#431=CIRCLE('',#2184,16.25);
#432=CIRCLE('',#2185,0.999999999999999);
#433=CIRCLE('',#2187,1.);
#434=CIRCLE('',#2189,0.749999187886716);
#435=CIRCLE('',#2190,0.749999187886716);
#436=CIRCLE('',#2192,6.74999918788672);
#437=CIRCLE('',#2194,0.5);
#438=CIRCLE('',#2195,0.5);
#439=CIRCLE('',#2196,6.74999918788672);
#440=CIRCLE('',#2197,11.25);
#441=CIRCLE('',#2199,1.);
#442=CIRCLE('',#2200,1.);
#443=CIRCLE('',#2201,1.);
#444=CIRCLE('',#2203,1.);
#445=CIRCLE('',#2204,17.25);
#446=CIRCLE('',#2205,16.25);
#447=CIRCLE('',#2207,1.00000000000001);
#448=CIRCLE('',#2208,23.);
#449=CIRCLE('',#2209,24.);
#450=CIRCLE('',#2210,1.);
#451=CIRCLE('',#2211,2.);
#452=CIRCLE('',#2212,1.);
#453=CIRCLE('',#2216,6.79999823495745);
#454=CIRCLE('',#2217,11.25);
#455=CIRCLE('',#2218,6.74999918788672);
#456=CIRCLE('',#2219,0.5);
#457=CIRCLE('',#2220,0.5);
#458=CIRCLE('',#2222,0.799998234957453);
#459=CIRCLE('',#2224,0.799998234957453);
#460=CIRCLE('',#2226,2.);
#461=CIRCLE('',#2228,17.25);
#462=CIRCLE('',#2229,17.25);
#463=CIRCLE('',#2230,17.25);
#464=CIRCLE('',#2231,17.25);
#465=CIRCLE('',#2232,17.25);
#466=CIRCLE('',#2233,17.25);
#467=CIRCLE('',#2235,23.);
#468=CIRCLE('',#2237,2.);
#469=CIRCLE('',#2240,3.75);
#470=CIRCLE('',#2241,0.85);
#471=CIRCLE('',#2242,0.850000000000004);
#472=CIRCLE('',#2243,0.850000000000004);
#473=CIRCLE('',#2244,0.85);
#474=CIRCLE('',#2245,1.4);
#475=CIRCLE('',#2246,1.4);
#476=CIRCLE('',#2247,0.85);
#477=CIRCLE('',#2248,0.85);
#478=CIRCLE('',#2249,0.85);
#479=CIRCLE('',#2250,0.85);
#480=CIRCLE('',#2252,0.85);
#481=CIRCLE('',#2253,1.4);
#482=CIRCLE('',#2254,0.85);
#483=CIRCLE('',#2255,3.75);
#484=CIRCLE('',#2258,0.749999187886721);
#485=CIRCLE('',#2260,0.749999187886721);
#486=CIRCLE('',#2261,0.749999187886721);
#487=CIRCLE('',#2267,0.850000000000004);
#488=CIRCLE('',#2269,0.85);
#489=CIRCLE('',#2271,1.35);
#490=CIRCLE('',#2285,1.00000028312206);
#491=CIRCLE('',#2288,18.125);
#492=CIRCLE('',#2289,1.00000056624412);
#493=CIRCLE('',#2297,1.);
#494=CIRCLE('',#2300,1.00000000000001);
#495=CIRCLE('',#2301,3.);
#496=CIRCLE('',#2303,0.999999999999997);
#497=CIRCLE('',#2304,22.);
#498=CIRCLE('',#2305,23.);
#499=CIRCLE('',#2307,18.25);
#500=CIRCLE('',#2308,0.999999999999998);
#501=CIRCLE('',#2309,18.25);
#502=CIRCLE('',#2311,0.999999999999995);
#503=CIRCLE('',#2312,22.);
#504=CIRCLE('',#2314,0.999999999999992);
#505=CIRCLE('',#2315,3.);
#506=CIRCLE('',#2324,0.75);
#507=CIRCLE('',#2325,0.75);
#508=CIRCLE('',#2326,3.);
#509=CIRCLE('',#2328,0.75);
#510=CIRCLE('',#2329,1.6);
#511=CIRCLE('',#2331,0.75);
#512=CIRCLE('',#2332,0.75);
#513=CIRCLE('',#2333,3.);
#514=CIRCLE('',#2335,3.);
#515=CIRCLE('',#2337,0.75);
#516=CIRCLE('',#2338,1.4);
#517=CIRCLE('',#2340,0.75);
#518=CIRCLE('',#2341,3.);
#519=CIRCLE('',#2343,0.75);
#520=CIRCLE('',#2347,1.6);
#521=CIRCLE('',#2350,0.5);
#522=CIRCLE('',#2351,0.5);
#523=CIRCLE('',#2363,1.6);
#524=CIRCLE('',#2366,3.);
#525=CIRCLE('',#2374,1.6);
#526=LINE('',#3009,#658);
#527=LINE('',#3013,#659);
#528=LINE('',#3018,#660);
#529=LINE('',#3044,#661);
#530=LINE('',#3051,#662);
#531=LINE('',#3054,#663);
#532=LINE('',#3079,#664);
#533=LINE('',#3081,#665);
#534=LINE('',#3084,#666);
#535=LINE('',#3087,#667);
#536=LINE('',#3089,#668);
#537=LINE('',#3091,#669);
#538=LINE('',#3095,#670);
#539=LINE('',#3096,#671);
#540=LINE('',#3105,#672);
#541=LINE('',#3106,#673);
#542=LINE('',#3113,#674);
#543=LINE('',#3117,#675);
#544=LINE('',#3121,#676);
#545=LINE('',#3123,#677);
#546=LINE('',#3127,#678);
#547=LINE('',#3131,#679);
#548=LINE('',#3133,#680);
#549=LINE('',#3135,#681);
#550=LINE('',#3136,#682);
#551=LINE('',#3138,#683);
#552=LINE('',#3140,#684);
#553=LINE('',#3143,#685);
#554=LINE('',#3144,#686);
#555=LINE('',#3147,#687);
#556=LINE('',#3151,#688);
#557=LINE('',#3152,#689);
#558=LINE('',#3153,#690);
#559=LINE('',#3165,#691);
#560=LINE('',#3168,#692);
#561=LINE('',#3251,#693);
#562=LINE('',#3252,#694);
#563=LINE('',#3257,#695);
#564=LINE('',#3282,#696);
#565=LINE('',#3284,#697);
#566=LINE('',#3288,#698);
#567=LINE('',#3292,#699);
#568=LINE('',#3294,#700);
#569=LINE('',#3303,#701);
#570=LINE('',#3306,#702);
#571=LINE('',#3389,#703);
#572=LINE('',#3390,#704);
#573=LINE('',#3399,#705);
#574=LINE('',#3401,#706);
#575=LINE('',#3405,#707);
#576=LINE('',#3409,#708);
#577=LINE('',#3410,#709);
#578=LINE('',#3431,#710);
#579=LINE('',#3434,#711);
#580=LINE('',#3438,#712);
#581=LINE('',#3466,#713);
#582=LINE('',#3486,#714);
#583=LINE('',#3513,#715);
#584=LINE('',#3519,#716);
#585=LINE('',#3523,#717);
#586=LINE('',#3527,#718);
#587=LINE('',#3530,#719);
#588=LINE('',#3533,#720);
#589=LINE('',#3537,#721);
#590=LINE('',#3561,#722);
#591=LINE('',#3585,#723);
#592=LINE('',#3603,#724);
#593=LINE('',#3627,#725);
#594=LINE('',#3651,#726);
#595=LINE('',#3655,#727);
#596=LINE('',#3657,#728);
#597=LINE('',#3658,#729);
#598=LINE('',#3661,#730);
#599=LINE('',#3665,#731);
#600=LINE('',#3666,#732);
#601=LINE('',#3689,#733);
#602=LINE('',#3691,#734);
#603=LINE('',#3694,#735);
#604=LINE('',#3733,#736);
#605=LINE('',#3736,#737);
#606=LINE('',#3772,#738);
#607=LINE('',#3775,#739);
#608=LINE('',#3776,#740);
#609=LINE('',#3785,#741);
#610=LINE('',#3866,#742);
#611=LINE('',#3893,#743);
#612=LINE('',#3895,#744);
#613=LINE('',#3897,#745);
#614=LINE('',#3898,#746);
#615=LINE('',#3932,#747);
#616=LINE('',#3974,#748);
#617=LINE('',#3982,#749);
#618=LINE('',#3984,#750);
#619=LINE('',#3985,#751);
#620=LINE('',#4000,#752);
#621=LINE('',#4043,#753);
#622=LINE('',#4056,#754);
#623=LINE('',#4130,#755);
#624=LINE('',#4171,#756);
#625=LINE('',#4191,#757);
#626=LINE('',#4195,#758);
#627=LINE('',#4199,#759);
#628=LINE('',#4201,#760);
#629=LINE('',#4206,#761);
#630=LINE('',#4231,#762);
#631=LINE('',#4233,#763);
#632=LINE('',#4235,#764);
#633=LINE('',#4238,#765);
#634=LINE('',#4250,#766);
#635=LINE('',#4252,#767);
#636=LINE('',#4263,#768);
#637=LINE('',#4266,#769);
#638=LINE('',#4268,#770);
#639=LINE('',#4279,#771);
#640=LINE('',#4286,#772);
#641=LINE('',#4287,#773);
#642=LINE('',#4292,#774);
#643=LINE('',#4295,#775);
#644=LINE('',#4297,#776);
#645=LINE('',#4298,#777);
#646=LINE('',#4301,#778);
#647=LINE('',#4302,#779);
#648=LINE('',#4304,#780);
#649=LINE('',#4307,#781);
#650=LINE('',#4308,#782);
#651=LINE('',#4311,#783);
#652=LINE('',#4317,#784);
#653=LINE('',#4318,#785);
#654=LINE('',#4324,#786);
#655=LINE('',#4326,#787);
#656=LINE('',#4333,#788);
#657=LINE('',#4335,#789);
#658=VECTOR('',#2381,3.);
#659=VECTOR('',#2384,10.);
#660=VECTOR('',#2389,3.);
#661=VECTOR('',#2394,10.);
#662=VECTOR('',#2401,10.);
#663=VECTOR('',#2404,10.);
#664=VECTOR('',#2417,10.);
#665=VECTOR('',#2418,10.);
#666=VECTOR('',#2421,10.);
#667=VECTOR('',#2424,10.);
#668=VECTOR('',#2425,10.);
#669=VECTOR('',#2426,10.);
#670=VECTOR('',#2429,10.);
#671=VECTOR('',#2430,10.);
#672=VECTOR('',#2439,10.);
#673=VECTOR('',#2440,10.);
#674=VECTOR('',#2447,10.);
#675=VECTOR('',#2454,10.);
#676=VECTOR('',#2459,10.);
#677=VECTOR('',#2460,10.);
#678=VECTOR('',#2463,10.);
#679=VECTOR('',#2466,10.);
#680=VECTOR('',#2467,10.);
#681=VECTOR('',#2468,10.);
#682=VECTOR('',#2469,10.);
#683=VECTOR('',#2472,10.);
#684=VECTOR('',#2475,10.);
#685=VECTOR('',#2478,10.);
#686=VECTOR('',#2479,10.);
#687=VECTOR('',#2482,10.);
#688=VECTOR('',#2485,10.);
#689=VECTOR('',#2486,10.);
#690=VECTOR('',#2487,10.);
#691=VECTOR('',#2498,10.);
#692=VECTOR('',#2501,10.);
#693=VECTOR('',#2530,10.);
#694=VECTOR('',#2531,10.);
#695=VECTOR('',#2536,10.);
#696=VECTOR('',#2545,10.);
#697=VECTOR('',#2546,10.);
#698=VECTOR('',#2549,10.);
#699=VECTOR('',#2552,10.);
#700=VECTOR('',#2553,10.);
#701=VECTOR('',#2562,10.);
#702=VECTOR('',#2565,10.);
#703=VECTOR('',#2594,10.);
#704=VECTOR('',#2595,10.);
#705=VECTOR('',#2604,10.);
#706=VECTOR('',#2605,10.);
#707=VECTOR('',#2608,10.);
#708=VECTOR('',#2611,10.);
#709=VECTOR('',#2612,10.);
#710=VECTOR('',#2621,10.);
#711=VECTOR('',#2624,10.);
#712=VECTOR('',#2627,10.);
#713=VECTOR('',#2628,10.);
#714=VECTOR('',#2629,10.);
#715=VECTOR('',#2630,10.);
#716=VECTOR('',#2637,10.);
#717=VECTOR('',#2640,10.);
#718=VECTOR('',#2645,23.);
#719=VECTOR('',#2648,23.);
#720=VECTOR('',#2651,10.);
#721=VECTOR('',#2656,10.);
#722=VECTOR('',#2657,10.);
#723=VECTOR('',#2658,10.);
#724=VECTOR('',#2659,10.);
#725=VECTOR('',#2660,10.);
#726=VECTOR('',#2661,10.);
#727=VECTOR('',#2666,10.);
#728=VECTOR('',#2667,10.);
#729=VECTOR('',#2668,10.);
#730=VECTOR('',#2671,10.);
#731=VECTOR('',#2674,10.);
#732=VECTOR('',#2675,10.);
#733=VECTOR('',#2704,10.);
#734=VECTOR('',#2705,10.);
#735=VECTOR('',#2708,10.);
#736=VECTOR('',#2717,10.);
#737=VECTOR('',#2722,10.);
#738=VECTOR('',#2729,10.);
#739=VECTOR('',#2732,10.);
#740=VECTOR('',#2733,10.);
#741=VECTOR('',#2746,1.35);
#742=VECTOR('',#2747,1.35);
#743=VECTOR('',#2750,10.);
#744=VECTOR('',#2753,10.);
#745=VECTOR('',#2756,10.);
#746=VECTOR('',#2757,0.85);
#747=VECTOR('',#2758,10.);
#748=VECTOR('',#2765,10.);
#749=VECTOR('',#2768,10.);
#750=VECTOR('',#2771,10.);
#751=VECTOR('',#2772,0.850000000000004);
#752=VECTOR('',#2775,0.85);
#753=VECTOR('',#2776,0.85);
#754=VECTOR('',#2779,0.85);
#755=VECTOR('',#2782,0.85);
#756=VECTOR('',#2791,10.);
#757=VECTOR('',#2800,10.);
#758=VECTOR('',#2805,10.);
#759=VECTOR('',#2810,10.);
#760=VECTOR('',#2813,10.);
#761=VECTOR('',#2818,10.);
#762=VECTOR('',#2857,10.);
#763=VECTOR('',#2860,10.);
#764=VECTOR('',#2861,10.);
#765=VECTOR('',#2866,10.);
#766=VECTOR('',#2883,10.);
#767=VECTOR('',#2886,10.);
#768=VECTOR('',#2899,10.);
#769=VECTOR('',#2902,10.);
#770=VECTOR('',#2905,10.);
#771=VECTOR('',#2922,10.);
#772=VECTOR('',#2931,10.);
#773=VECTOR('',#2932,10.);
#774=VECTOR('',#2937,10.);
#775=VECTOR('',#2940,10.);
#776=VECTOR('',#2943,10.);
#777=VECTOR('',#2944,10.);
#778=VECTOR('',#2949,10.);
#779=VECTOR('',#2950,10.);
#780=VECTOR('',#2953,10.);
#781=VECTOR('',#2958,10.);
#782=VECTOR('',#2959,10.);
#783=VECTOR('',#2964,10.);
#784=VECTOR('',#2973,1.6);
#785=VECTOR('',#2974,1.6);
#786=VECTOR('',#2985,1.4);
#787=VECTOR('',#2988,1.4);
#788=VECTOR('',#2999,1.6);
#789=VECTOR('',#3002,1.4);
#790=VERTEX_POINT('',#3007);
#791=VERTEX_POINT('',#3008);
#792=VERTEX_POINT('',#3010);
#793=VERTEX_POINT('',#3012);
#794=VERTEX_POINT('',#3016);
#795=VERTEX_POINT('',#3017);
#796=VERTEX_POINT('',#3019);
#797=VERTEX_POINT('',#3021);
#798=VERTEX_POINT('',#3041);
#799=VERTEX_POINT('',#3043);
#800=VERTEX_POINT('',#3047);
#801=VERTEX_POINT('',#3048);
#802=VERTEX_POINT('',#3050);
#803=VERTEX_POINT('',#3052);
#804=VERTEX_POINT('',#3056);
#805=VERTEX_POINT('',#3057);
#806=VERTEX_POINT('',#3062);
#807=VERTEX_POINT('',#3064);
#808=VERTEX_POINT('',#3067);
#809=VERTEX_POINT('',#3069);
#810=VERTEX_POINT('',#3080);
#811=VERTEX_POINT('',#3082);
#812=VERTEX_POINT('',#3086);
#813=VERTEX_POINT('',#3088);
#814=VERTEX_POINT('',#3090);
#815=VERTEX_POINT('',#3092);
#816=VERTEX_POINT('',#3094);
#817=VERTEX_POINT('',#3097);
#818=VERTEX_POINT('',#3099);
#819=VERTEX_POINT('',#3101);
#820=VERTEX_POINT('',#3104);
#821=VERTEX_POINT('',#3107);
#822=VERTEX_POINT('',#3109);
#823=VERTEX_POINT('',#3112);
#824=VERTEX_POINT('',#3120);
#825=VERTEX_POINT('',#3122);
#826=VERTEX_POINT('',#3124);
#827=VERTEX_POINT('',#3126);
#828=VERTEX_POINT('',#3128);
#829=VERTEX_POINT('',#3130);
#830=VERTEX_POINT('',#3132);
#831=VERTEX_POINT('',#3134);
#832=VERTEX_POINT('',#3142);
#833=VERTEX_POINT('',#3146);
#834=VERTEX_POINT('',#3148);
#835=VERTEX_POINT('',#3150);
#836=VERTEX_POINT('',#3154);
#837=VERTEX_POINT('',#3156);
#838=VERTEX_POINT('',#3158);
#839=VERTEX_POINT('',#3161);
#840=VERTEX_POINT('',#3162);
#841=VERTEX_POINT('',#3164);
#842=VERTEX_POINT('',#3166);
#843=VERTEX_POINT('',#3178);
#844=VERTEX_POINT('',#3179);
#845=VERTEX_POINT('',#3184);
#846=VERTEX_POINT('',#3185);
#847=VERTEX_POINT('',#3190);
#848=VERTEX_POINT('',#3191);
#849=VERTEX_POINT('',#3230);
#850=VERTEX_POINT('',#3231);
#851=VERTEX_POINT('',#3248);
#852=VERTEX_POINT('',#3249);
#853=VERTEX_POINT('',#3254);
#854=VERTEX_POINT('',#3256);
#855=VERTEX_POINT('',#3260);
#856=VERTEX_POINT('',#3281);
#857=VERTEX_POINT('',#3283);
#858=VERTEX_POINT('',#3285);
#859=VERTEX_POINT('',#3287);
#860=VERTEX_POINT('',#3289);
#861=VERTEX_POINT('',#3291);
#862=VERTEX_POINT('',#3293);
#863=VERTEX_POINT('',#3295);
#864=VERTEX_POINT('',#3299);
#865=VERTEX_POINT('',#3300);
#866=VERTEX_POINT('',#3302);
#867=VERTEX_POINT('',#3304);
#868=VERTEX_POINT('',#3342);
#869=VERTEX_POINT('',#3343);
#870=VERTEX_POINT('',#3360);
#871=VERTEX_POINT('',#3361);
#872=VERTEX_POINT('',#3366);
#873=VERTEX_POINT('',#3367);
#874=VERTEX_POINT('',#3380);
#875=VERTEX_POINT('',#3381);
#876=VERTEX_POINT('',#3386);
#877=VERTEX_POINT('',#3387);
#878=VERTEX_POINT('',#3392);
#879=VERTEX_POINT('',#3394);
#880=VERTEX_POINT('',#3396);
#881=VERTEX_POINT('',#3398);
#882=VERTEX_POINT('',#3400);
#883=VERTEX_POINT('',#3402);
#884=VERTEX_POINT('',#3404);
#885=VERTEX_POINT('',#3406);
#886=VERTEX_POINT('',#3408);
#887=VERTEX_POINT('',#3412);
#888=VERTEX_POINT('',#3429);
#889=VERTEX_POINT('',#3433);
#890=VERTEX_POINT('',#3435);
#891=VERTEX_POINT('',#3437);
#892=VERTEX_POINT('',#3439);
#893=VERTEX_POINT('',#3452);
#894=VERTEX_POINT('',#3465);
#895=VERTEX_POINT('',#3467);
#896=VERTEX_POINT('',#3476);
#897=VERTEX_POINT('',#3485);
#898=VERTEX_POINT('',#3487);
#899=VERTEX_POINT('',#3500);
#900=VERTEX_POINT('',#3516);
#901=VERTEX_POINT('',#3518);
#902=VERTEX_POINT('',#3520);
#903=VERTEX_POINT('',#3522);
#904=VERTEX_POINT('',#3526);
#905=VERTEX_POINT('',#3528);
#906=VERTEX_POINT('',#3532);
#907=VERTEX_POINT('',#3536);
#908=VERTEX_POINT('',#3538);
#909=VERTEX_POINT('',#3547);
#910=VERTEX_POINT('',#3560);
#911=VERTEX_POINT('',#3562);
#912=VERTEX_POINT('',#3575);
#913=VERTEX_POINT('',#3584);
#914=VERTEX_POINT('',#3586);
#915=VERTEX_POINT('',#3602);
#916=VERTEX_POINT('',#3604);
#917=VERTEX_POINT('',#3613);
#918=VERTEX_POINT('',#3626);
#919=VERTEX_POINT('',#3628);
#920=VERTEX_POINT('',#3641);
#921=VERTEX_POINT('',#3650);
#922=VERTEX_POINT('',#3654);
#923=VERTEX_POINT('',#3656);
#924=VERTEX_POINT('',#3660);
#925=VERTEX_POINT('',#3662);
#926=VERTEX_POINT('',#3664);
#927=VERTEX_POINT('',#3667);
#928=VERTEX_POINT('',#3669);
#929=VERTEX_POINT('',#3671);
#930=VERTEX_POINT('',#3674);
#931=VERTEX_POINT('',#3677);
#932=VERTEX_POINT('',#3679);
#933=VERTEX_POINT('',#3681);
#934=VERTEX_POINT('',#3688);
#935=VERTEX_POINT('',#3690);
#936=VERTEX_POINT('',#3692);
#937=VERTEX_POINT('',#3711);
#938=VERTEX_POINT('',#3732);
#939=VERTEX_POINT('',#3774);
#940=VERTEX_POINT('',#3782);
#941=VERTEX_POINT('',#3784);
#942=VERTEX_POINT('',#3786);
#943=VERTEX_POINT('',#3801);
#944=VERTEX_POINT('',#3824);
#945=VERTEX_POINT('',#3849);
#946=VERTEX_POINT('',#3867);
#947=VERTEX_POINT('',#3899);
#948=VERTEX_POINT('',#3900);
#949=VERTEX_POINT('',#3966);
#950=VERTEX_POINT('',#3973);
#951=VERTEX_POINT('',#3999);
#952=VERTEX_POINT('',#4001);
#953=VERTEX_POINT('',#4022);
#954=VERTEX_POINT('',#4055);
#955=VERTEX_POINT('',#4057);
#956=VERTEX_POINT('',#4099);
#957=VERTEX_POINT('',#4100);
#958=VERTEX_POINT('',#4117);
#959=VERTEX_POINT('',#4131);
#960=VERTEX_POINT('',#4154);
#961=VERTEX_POINT('',#4155);
#962=VERTEX_POINT('',#4169);
#963=VERTEX_POINT('',#4173);
#964=VERTEX_POINT('',#4177);
#965=VERTEX_POINT('',#4190);
#966=VERTEX_POINT('',#4194);
#967=VERTEX_POINT('',#4198);
#968=VERTEX_POINT('',#4203);
#969=VERTEX_POINT('',#4205);
#970=VERTEX_POINT('',#4209);
#971=VERTEX_POINT('',#4213);
#972=VERTEX_POINT('',#4219);
#973=VERTEX_POINT('',#4223);
#974=VERTEX_POINT('',#4227);
#975=VERTEX_POINT('',#4234);
#976=VERTEX_POINT('',#4243);
#977=VERTEX_POINT('',#4245);
#978=VERTEX_POINT('',#4249);
#979=VERTEX_POINT('',#4253);
#980=VERTEX_POINT('',#4256);
#981=VERTEX_POINT('',#4258);
#982=VERTEX_POINT('',#4262);
#983=VERTEX_POINT('',#4264);
#984=VERTEX_POINT('',#4270);
#985=VERTEX_POINT('',#4273);
#986=VERTEX_POINT('',#4282);
#987=VERTEX_POINT('',#4285);
#988=VERTEX_POINT('',#4289);
#989=VERTEX_POINT('',#4291);
#990=VERTEX_POINT('',#4293);
#991=VERTEX_POINT('',#4315);
#992=VERTEX_POINT('',#4331);
#993=EDGE_CURVE('',#790,#791,#526,.T.);
#994=EDGE_CURVE('',#792,#790,#394,.T.);
#995=EDGE_CURVE('',#792,#793,#527,.T.);
#996=EDGE_CURVE('',#793,#791,#395,.T.);
#997=EDGE_CURVE('',#794,#795,#528,.T.);
#998=EDGE_CURVE('',#796,#794,#396,.T.);
#999=EDGE_CURVE('',#797,#796,#101,.T.);
#1000=EDGE_CURVE('',#798,#797,#397,.T.);
#1001=EDGE_CURVE('',#798,#799,#529,.T.);
#1002=EDGE_CURVE('',#799,#795,#398,.T.);
#1003=EDGE_CURVE('',#800,#801,#399,.T.);
#1004=EDGE_CURVE('',#801,#802,#530,.T.);
#1005=EDGE_CURVE('',#802,#803,#400,.T.);
#1006=EDGE_CURVE('',#803,#800,#531,.T.);
#1007=EDGE_CURVE('',#804,#805,#102,.T.);
#1008=EDGE_CURVE('',#805,#806,#401,.T.);
#1009=EDGE_CURVE('',#806,#807,#402,.T.);
#1010=EDGE_CURVE('',#807,#803,#403,.T.);
#1011=EDGE_CURVE('',#802,#808,#404,.T.);
#1012=EDGE_CURVE('',#808,#809,#103,.T.);
#1013=EDGE_CURVE('',#809,#804,#104,.T.);
#1014=EDGE_CURVE('',#796,#807,#532,.T.);
#1015=EDGE_CURVE('',#806,#810,#533,.T.);
#1016=EDGE_CURVE('',#810,#811,#405,.T.);
#1017=EDGE_CURVE('',#811,#797,#534,.T.);
#1018=EDGE_CURVE('',#800,#812,#535,.T.);
#1019=EDGE_CURVE('',#813,#812,#536,.T.);
#1020=EDGE_CURVE('',#814,#813,#537,.T.);
#1021=EDGE_CURVE('',#815,#814,#406,.T.);
#1022=EDGE_CURVE('',#816,#815,#538,.T.);
#1023=EDGE_CURVE('',#816,#801,#539,.T.);
#1024=EDGE_CURVE('',#817,#817,#407,.T.);
#1025=EDGE_CURVE('',#818,#818,#408,.T.);
#1026=EDGE_CURVE('',#819,#819,#409,.T.);
#1027=EDGE_CURVE('',#820,#803,#540,.T.);
#1028=EDGE_CURVE('',#812,#820,#541,.T.);
#1029=EDGE_CURVE('',#821,#821,#410,.T.);
#1030=EDGE_CURVE('',#822,#822,#411,.T.);
#1031=EDGE_CURVE('',#823,#807,#542,.T.);
#1032=EDGE_CURVE('',#820,#823,#412,.T.);
#1033=EDGE_CURVE('',#795,#799,#413,.T.);
#1034=EDGE_CURVE('',#798,#799,#543,.T.);
#1035=EDGE_CURVE('',#794,#798,#414,.T.);
#1036=EDGE_CURVE('',#805,#824,#544,.T.);
#1037=EDGE_CURVE('',#824,#825,#545,.T.);
#1038=EDGE_CURVE('',#826,#825,#415,.T.);
#1039=EDGE_CURVE('',#826,#827,#546,.T.);
#1040=EDGE_CURVE('',#828,#827,#416,.T.);
#1041=EDGE_CURVE('',#828,#829,#547,.T.);
#1042=EDGE_CURVE('',#829,#830,#548,.T.);
#1043=EDGE_CURVE('',#831,#830,#549,.T.);
#1044=EDGE_CURVE('',#810,#831,#550,.T.);
#1045=EDGE_CURVE('',#798,#811,#551,.T.);
#1046=EDGE_CURVE('',#798,#792,#552,.T.);
#1047=EDGE_CURVE('',#790,#792,#417,.T.);
#1048=EDGE_CURVE('',#792,#832,#553,.T.);
#1049=EDGE_CURVE('',#823,#832,#554,.T.);
#1050=EDGE_CURVE('',#833,#831,#555,.T.);
#1051=EDGE_CURVE('',#834,#833,#418,.T.);
#1052=EDGE_CURVE('',#835,#834,#556,.T.);
#1053=EDGE_CURVE('',#832,#835,#557,.T.);
#1054=EDGE_CURVE('',#792,#793,#558,.T.);
#1055=EDGE_CURVE('',#836,#836,#419,.T.);
#1056=EDGE_CURVE('',#837,#837,#420,.T.);
#1057=EDGE_CURVE('',#838,#838,#421,.T.);
#1058=EDGE_CURVE('',#839,#840,#19,.F.);
#1059=EDGE_CURVE('',#839,#841,#559,.T.);
#1060=EDGE_CURVE('',#841,#842,#422,.T.);
#1061=EDGE_CURVE('',#842,#840,#560,.T.);
#1062=EDGE_CURVE('',#843,#844,#423,.T.);
#1063=EDGE_CURVE('',#844,#842,#424,.T.);
#1064=EDGE_CURVE('',#841,#843,#425,.T.);
#1065=EDGE_CURVE('',#845,#846,#426,.T.);
#1066=EDGE_CURVE('',#846,#844,#427,.T.);
#1067=EDGE_CURVE('',#843,#845,#428,.T.);
#1068=EDGE_CURVE('',#847,#848,#429,.T.);
#1069=EDGE_CURVE('',#848,#846,#430,.T.);
#1070=EDGE_CURVE('',#845,#847,#431,.T.);
#1071=EDGE_CURVE('',#849,#850,#432,.T.);
#1072=EDGE_CURVE('',#850,#848,#105,.T.);
#1073=EDGE_CURVE('',#847,#849,#106,.T.);
#1074=EDGE_CURVE('',#851,#852,#433,.T.);
#1075=EDGE_CURVE('',#852,#850,#561,.T.);
#1076=EDGE_CURVE('',#849,#851,#562,.T.);
#1077=EDGE_CURVE('',#853,#849,#434,.T.);
#1078=EDGE_CURVE('',#854,#853,#563,.T.);
#1079=EDGE_CURVE('',#851,#854,#435,.T.);
#1080=EDGE_CURVE('',#847,#855,#436,.T.);
#1081=EDGE_CURVE('',#855,#853,#107,.T.);
#1082=EDGE_CURVE('',#856,#839,#564,.T.);
#1083=EDGE_CURVE('',#857,#856,#565,.T.);
#1084=EDGE_CURVE('',#857,#858,#437,.F.);
#1085=EDGE_CURVE('',#858,#859,#566,.T.);
#1086=EDGE_CURVE('',#860,#859,#438,.T.);
#1087=EDGE_CURVE('',#860,#861,#567,.T.);
#1088=EDGE_CURVE('',#861,#862,#568,.T.);
#1089=EDGE_CURVE('',#863,#862,#439,.T.);
#1090=EDGE_CURVE('',#855,#863,#440,.T.);
#1091=EDGE_CURVE('',#864,#865,#441,.T.);
#1092=EDGE_CURVE('',#865,#866,#569,.T.);
#1093=EDGE_CURVE('',#866,#867,#442,.T.);
#1094=EDGE_CURVE('',#867,#864,#570,.T.);
#1095=EDGE_CURVE('',#868,#869,#443,.T.);
#1096=EDGE_CURVE('',#869,#865,#108,.T.);
#1097=EDGE_CURVE('',#864,#868,#109,.T.);
#1098=EDGE_CURVE('',#870,#871,#444,.T.);
#1099=EDGE_CURVE('',#871,#869,#445,.T.);
#1100=EDGE_CURVE('',#868,#870,#446,.T.);
#1101=EDGE_CURVE('',#872,#873,#447,.T.);
#1102=EDGE_CURVE('',#873,#871,#448,.T.);
#1103=EDGE_CURVE('',#870,#872,#449,.T.);
#1104=EDGE_CURVE('',#874,#875,#450,.T.);
#1105=EDGE_CURVE('',#875,#873,#451,.T.);
#1106=EDGE_CURVE('',#872,#874,#452,.T.);
#1107=EDGE_CURVE('',#876,#877,#20,.T.);
#1108=EDGE_CURVE('',#877,#875,#571,.T.);
#1109=EDGE_CURVE('',#874,#876,#572,.T.);
#1110=EDGE_CURVE('',#878,#868,#453,.T.);
#1111=EDGE_CURVE('',#879,#878,#454,.T.);
#1112=EDGE_CURVE('',#880,#879,#455,.T.);
#1113=EDGE_CURVE('',#880,#881,#573,.T.);
#1114=EDGE_CURVE('',#881,#882,#574,.T.);
#1115=EDGE_CURVE('',#883,#882,#456,.T.);
#1116=EDGE_CURVE('',#883,#884,#575,.T.);
#1117=EDGE_CURVE('',#885,#884,#457,.T.);
#1118=EDGE_CURVE('',#885,#886,#576,.T.);
#1119=EDGE_CURVE('',#876,#886,#577,.T.);
#1120=EDGE_CURVE('',#864,#887,#458,.T.);
#1121=EDGE_CURVE('',#878,#887,#110,.T.);
#1122=EDGE_CURVE('',#888,#867,#459,.T.);
#1123=EDGE_CURVE('',#887,#888,#578,.T.);
#1124=EDGE_CURVE('',#844,#889,#579,.T.);
#1125=EDGE_CURVE('',#890,#889,#460,.T.);
#1126=EDGE_CURVE('',#890,#891,#580,.T.);
#1127=EDGE_CURVE('',#891,#892,#111,.T.);
#1128=EDGE_CURVE('',#892,#893,#112,.T.);
#1129=EDGE_CURVE('',#893,#894,#581,.T.);
#1130=EDGE_CURVE('',#895,#894,#113,.F.);
#1131=EDGE_CURVE('',#896,#895,#114,.F.);
#1132=EDGE_CURVE('',#896,#897,#582,.T.);
#1133=EDGE_CURVE('',#897,#898,#115,.T.);
#1134=EDGE_CURVE('',#898,#899,#116,.T.);
#1135=EDGE_CURVE('',#899,#842,#583,.T.);
#1136=EDGE_CURVE('',#852,#854,#461,.T.);
#1137=EDGE_CURVE('',#900,#853,#462,.T.);
#1138=EDGE_CURVE('',#900,#901,#584,.T.);
#1139=EDGE_CURVE('',#901,#902,#463,.T.);
#1140=EDGE_CURVE('',#902,#903,#585,.T.);
#1141=EDGE_CURVE('',#887,#903,#464,.T.);
#1142=EDGE_CURVE('',#888,#866,#465,.T.);
#1143=EDGE_CURVE('',#904,#871,#586,.T.);
#1144=EDGE_CURVE('',#905,#904,#466,.T.);
#1145=EDGE_CURVE('',#846,#905,#587,.T.);
#1146=EDGE_CURVE('',#906,#873,#588,.T.);
#1147=EDGE_CURVE('',#904,#906,#467,.T.);
#1148=EDGE_CURVE('',#875,#907,#589,.T.);
#1149=EDGE_CURVE('',#907,#908,#117,.T.);
#1150=EDGE_CURVE('',#908,#909,#118,.T.);
#1151=EDGE_CURVE('',#909,#910,#590,.T.);
#1152=EDGE_CURVE('',#910,#911,#119,.T.);
#1153=EDGE_CURVE('',#911,#912,#120,.T.);
#1154=EDGE_CURVE('',#912,#913,#591,.T.);
#1155=EDGE_CURVE('',#914,#913,#121,.F.);
#1156=EDGE_CURVE('',#914,#915,#592,.T.);
#1157=EDGE_CURVE('',#915,#916,#122,.T.);
#1158=EDGE_CURVE('',#916,#917,#123,.T.);
#1159=EDGE_CURVE('',#917,#918,#593,.T.);
#1160=EDGE_CURVE('',#918,#919,#124,.T.);
#1161=EDGE_CURVE('',#919,#920,#125,.T.);
#1162=EDGE_CURVE('',#920,#921,#594,.T.);
#1163=EDGE_CURVE('',#906,#921,#468,.T.);
#1164=EDGE_CURVE('',#886,#922,#595,.T.);
#1165=EDGE_CURVE('',#923,#922,#596,.T.);
#1166=EDGE_CURVE('',#877,#923,#597,.T.);
#1167=EDGE_CURVE('',#924,#877,#598,.T.);
#1168=EDGE_CURVE('',#925,#924,#469,.T.);
#1169=EDGE_CURVE('',#926,#925,#599,.T.);
#1170=EDGE_CURVE('',#921,#926,#600,.T.);
#1171=EDGE_CURVE('',#927,#920,#470,.T.);
#1172=EDGE_CURVE('',#927,#928,#471,.T.);
#1173=EDGE_CURVE('',#928,#929,#472,.T.);
#1174=EDGE_CURVE('',#915,#929,#473,.T.);
#1175=EDGE_CURVE('',#914,#930,#474,.T.);
#1176=EDGE_CURVE('',#930,#913,#475,.T.);
#1177=EDGE_CURVE('',#931,#912,#476,.T.);
#1178=EDGE_CURVE('',#931,#932,#477,.T.);
#1179=EDGE_CURVE('',#932,#933,#478,.T.);
#1180=EDGE_CURVE('',#907,#933,#479,.T.);
#1181=EDGE_CURVE('',#899,#897,#480,.T.);
#1182=EDGE_CURVE('',#896,#894,#481,.T.);
#1183=EDGE_CURVE('',#893,#891,#482,.T.);
#1184=EDGE_CURVE('',#934,#890,#601,.T.);
#1185=EDGE_CURVE('',#934,#935,#602,.T.);
#1186=EDGE_CURVE('',#936,#935,#483,.T.);
#1187=EDGE_CURVE('',#936,#840,#603,.T.);
#1188=EDGE_CURVE('',#863,#900,#126,.T.);
#1189=EDGE_CURVE('',#862,#937,#127,.T.);
#1190=EDGE_CURVE('',#937,#900,#484,.T.);
#1191=EDGE_CURVE('',#809,#938,#604,.T.);
#1192=EDGE_CURVE('',#903,#938,#485,.T.);
#1193=EDGE_CURVE('',#901,#902,#486,.T.);
#1194=EDGE_CURVE('',#937,#804,#605,.T.);
#1195=EDGE_CURVE('',#903,#879,#128,.T.);
#1196=EDGE_CURVE('',#938,#880,#129,.T.);
#1197=EDGE_CURVE('',#861,#824,#606,.T.);
#1198=EDGE_CURVE('',#939,#808,#607,.T.);
#1199=EDGE_CURVE('',#939,#881,#608,.T.);
#1200=EDGE_CURVE('',#918,#917,#487,.T.);
#1201=EDGE_CURVE('',#910,#909,#488,.T.);
#1202=EDGE_CURVE('',#940,#940,#489,.T.);
#1203=EDGE_CURVE('',#940,#941,#609,.T.);
#1204=EDGE_CURVE('',#941,#942,#130,.T.);
#1205=EDGE_CURVE('',#942,#943,#131,.T.);
#1206=EDGE_CURVE('',#943,#944,#132,.T.);
#1207=EDGE_CURVE('',#944,#945,#133,.T.);
#1208=EDGE_CURVE('',#945,#821,#610,.T.);
#1209=EDGE_CURVE('',#945,#946,#134,.T.);
#1210=EDGE_CURVE('',#946,#941,#135,.T.);
#1211=EDGE_CURVE('',#929,#916,#611,.T.);
#1212=EDGE_CURVE('',#933,#908,#612,.T.);
#1213=EDGE_CURVE('',#911,#931,#613,.T.);
#1214=EDGE_CURVE('',#932,#819,#614,.T.);
#1215=EDGE_CURVE('',#947,#948,#136,.T.);
#1216=EDGE_CURVE('',#948,#947,#615,.T.);
#1217=EDGE_CURVE('',#948,#947,#137,.T.);
#1218=EDGE_CURVE('',#949,#942,#138,.T.);
#1219=EDGE_CURVE('',#949,#950,#616,.T.);
#1220=EDGE_CURVE('',#942,#950,#139,.T.);
#1221=EDGE_CURVE('',#943,#946,#617,.T.);
#1222=EDGE_CURVE('',#919,#927,#618,.T.);
#1223=EDGE_CURVE('',#928,#818,#619,.T.);
#1224=EDGE_CURVE('',#944,#949,#140,.T.);
#1225=EDGE_CURVE('',#950,#944,#141,.T.);
#1226=EDGE_CURVE('',#838,#951,#620,.T.);
#1227=EDGE_CURVE('',#952,#951,#142,.T.);
#1228=EDGE_CURVE('',#953,#952,#143,.T.);
#1229=EDGE_CURVE('',#953,#898,#621,.T.);
#1230=EDGE_CURVE('',#951,#953,#144,.T.);
#1231=EDGE_CURVE('',#837,#954,#622,.T.);
#1232=EDGE_CURVE('',#955,#954,#145,.T.);
#1233=EDGE_CURVE('',#954,#955,#146,.T.);
#1234=EDGE_CURVE('',#956,#957,#147,.T.);
#1235=EDGE_CURVE('',#958,#956,#148,.T.);
#1236=EDGE_CURVE('',#958,#892,#623,.T.);
#1237=EDGE_CURVE('',#959,#958,#149,.T.);
#1238=EDGE_CURVE('',#957,#959,#150,.T.);
#1239=EDGE_CURVE('',#960,#961,#151,.T.);
#1240=EDGE_CURVE('',#823,#960,#490,.T.);
#1241=EDGE_CURVE('',#962,#832,#21,.T.);
#1242=EDGE_CURVE('',#962,#961,#624,.T.);
#1243=EDGE_CURVE('',#963,#960,#491,.T.);
#1244=EDGE_CURVE('',#820,#963,#492,.T.);
#1245=EDGE_CURVE('',#963,#964,#152,.T.);
#1246=EDGE_CURVE('',#964,#965,#625,.T.);
#1247=EDGE_CURVE('',#965,#812,#22,.T.);
#1248=EDGE_CURVE('',#965,#966,#626,.T.);
#1249=EDGE_CURVE('',#966,#813,#23,.T.);
#1250=EDGE_CURVE('',#966,#967,#627,.T.);
#1251=EDGE_CURVE('',#967,#926,#24,.T.);
#1252=EDGE_CURVE('',#926,#813,#628,.T.);
#1253=EDGE_CURVE('',#890,#968,#493,.T.);
#1254=EDGE_CURVE('',#968,#969,#629,.T.);
#1255=EDGE_CURVE('',#969,#934,#25,.T.);
#1256=EDGE_CURVE('',#889,#970,#494,.T.);
#1257=EDGE_CURVE('',#970,#968,#495,.T.);
#1258=EDGE_CURVE('',#905,#971,#496,.T.);
#1259=EDGE_CURVE('',#971,#970,#497,.T.);
#1260=EDGE_CURVE('',#889,#905,#498,.T.);
#1261=EDGE_CURVE('',#961,#971,#499,.T.);
#1262=EDGE_CURVE('',#904,#972,#500,.T.);
#1263=EDGE_CURVE('',#972,#964,#501,.T.);
#1264=EDGE_CURVE('',#906,#973,#502,.T.);
#1265=EDGE_CURVE('',#973,#972,#503,.T.);
#1266=EDGE_CURVE('',#921,#974,#504,.T.);
#1267=EDGE_CURVE('',#974,#973,#505,.T.);
#1268=EDGE_CURVE('',#967,#974,#630,.T.);
#1269=EDGE_CURVE('',#835,#934,#631,.T.);
#1270=EDGE_CURVE('',#969,#975,#632,.T.);
#1271=EDGE_CURVE('',#975,#835,#26,.T.);
#1272=EDGE_CURVE('',#975,#962,#633,.T.);
#1273=EDGE_CURVE('',#976,#936,#506,.T.);
#1274=EDGE_CURVE('',#935,#977,#507,.T.);
#1275=EDGE_CURVE('',#977,#976,#508,.T.);
#1276=EDGE_CURVE('',#976,#978,#634,.T.);
#1277=EDGE_CURVE('',#833,#978,#509,.T.);
#1278=EDGE_CURVE('',#840,#830,#635,.T.);
#1279=EDGE_CURVE('',#979,#979,#510,.T.);
#1280=EDGE_CURVE('',#980,#925,#511,.T.);
#1281=EDGE_CURVE('',#924,#981,#512,.T.);
#1282=EDGE_CURVE('',#981,#980,#513,.T.);
#1283=EDGE_CURVE('',#982,#981,#636,.T.);
#1284=EDGE_CURVE('',#983,#982,#514,.T.);
#1285=EDGE_CURVE('',#980,#983,#637,.T.);
#1286=EDGE_CURVE('',#923,#816,#638,.T.);
#1287=EDGE_CURVE('',#982,#815,#515,.T.);
#1288=EDGE_CURVE('',#984,#984,#516,.T.);
#1289=EDGE_CURVE('',#985,#834,#517,.T.);
#1290=EDGE_CURVE('',#978,#985,#518,.T.);
#1291=EDGE_CURVE('',#814,#983,#519,.T.);
#1292=EDGE_CURVE('',#985,#977,#639,.T.);
#1293=EDGE_CURVE('',#986,#986,#520,.T.);
#1294=EDGE_CURVE('',#987,#885,#640,.T.);
#1295=EDGE_CURVE('',#922,#987,#641,.T.);
#1296=EDGE_CURVE('',#988,#987,#521,.T.);
#1297=EDGE_CURVE('',#988,#989,#642,.T.);
#1298=EDGE_CURVE('',#990,#989,#522,.T.);
#1299=EDGE_CURVE('',#990,#939,#643,.T.);
#1300=EDGE_CURVE('',#857,#828,#644,.T.);
#1301=EDGE_CURVE('',#829,#856,#645,.T.);
#1302=EDGE_CURVE('',#859,#826,#646,.T.);
#1303=EDGE_CURVE('',#825,#860,#647,.T.);
#1304=EDGE_CURVE('',#827,#858,#648,.T.);
#1305=EDGE_CURVE('',#882,#990,#649,.T.);
#1306=EDGE_CURVE('',#989,#883,#650,.T.);
#1307=EDGE_CURVE('',#884,#988,#651,.T.);
#1308=EDGE_CURVE('',#991,#991,#523,.T.);
#1309=EDGE_CURVE('',#991,#959,#652,.T.);
#1310=EDGE_CURVE('',#957,#986,#653,.T.);
#1311=EDGE_CURVE('',#791,#793,#524,.T.);
#1312=EDGE_CURVE('',#817,#930,#654,.T.);
#1313=EDGE_CURVE('',#836,#895,#655,.T.);
#1314=EDGE_CURVE('',#992,#992,#525,.T.);
#1315=EDGE_CURVE('',#992,#979,#656,.T.);
#1316=EDGE_CURVE('',#984,#822,#657,.T.);
#1317=ORIENTED_EDGE('',*,*,#993,.F.);
#1318=ORIENTED_EDGE('',*,*,#994,.F.);
#1319=ORIENTED_EDGE('',*,*,#995,.T.);
#1320=ORIENTED_EDGE('',*,*,#996,.T.);
#1321=ORIENTED_EDGE('',*,*,#997,.F.);
#1322=ORIENTED_EDGE('',*,*,#998,.F.);
#1323=ORIENTED_EDGE('',*,*,#999,.F.);
#1324=ORIENTED_EDGE('',*,*,#1000,.F.);
#1325=ORIENTED_EDGE('',*,*,#1001,.T.);
#1326=ORIENTED_EDGE('',*,*,#1002,.T.);
#1327=ORIENTED_EDGE('',*,*,#1003,.T.);
#1328=ORIENTED_EDGE('',*,*,#1004,.T.);
#1329=ORIENTED_EDGE('',*,*,#1005,.T.);
#1330=ORIENTED_EDGE('',*,*,#1006,.T.);
#1331=ORIENTED_EDGE('',*,*,#1007,.T.);
#1332=ORIENTED_EDGE('',*,*,#1008,.T.);
#1333=ORIENTED_EDGE('',*,*,#1009,.T.);
#1334=ORIENTED_EDGE('',*,*,#1010,.T.);
#1335=ORIENTED_EDGE('',*,*,#1005,.F.);
#1336=ORIENTED_EDGE('',*,*,#1011,.T.);
#1337=ORIENTED_EDGE('',*,*,#1012,.T.);
#1338=ORIENTED_EDGE('',*,*,#1013,.T.);
#1339=ORIENTED_EDGE('',*,*,#999,.T.);
#1340=ORIENTED_EDGE('',*,*,#1014,.T.);
#1341=ORIENTED_EDGE('',*,*,#1009,.F.);
#1342=ORIENTED_EDGE('',*,*,#1015,.T.);
#1343=ORIENTED_EDGE('',*,*,#1016,.T.);
#1344=ORIENTED_EDGE('',*,*,#1017,.T.);
#1345=ORIENTED_EDGE('',*,*,#1003,.F.);
#1346=ORIENTED_EDGE('',*,*,#1018,.T.);
#1347=ORIENTED_EDGE('',*,*,#1019,.F.);
#1348=ORIENTED_EDGE('',*,*,#1020,.F.);
#1349=ORIENTED_EDGE('',*,*,#1021,.F.);
#1350=ORIENTED_EDGE('',*,*,#1022,.F.);
#1351=ORIENTED_EDGE('',*,*,#1023,.T.);
#1352=ORIENTED_EDGE('',*,*,#1024,.T.);
#1353=ORIENTED_EDGE('',*,*,#1025,.T.);
#1354=ORIENTED_EDGE('',*,*,#1026,.F.);
#1355=ORIENTED_EDGE('',*,*,#1006,.F.);
#1356=ORIENTED_EDGE('',*,*,#1027,.F.);
#1357=ORIENTED_EDGE('',*,*,#1028,.F.);
#1358=ORIENTED_EDGE('',*,*,#1018,.F.);
#1359=ORIENTED_EDGE('',*,*,#1029,.T.);
#1360=ORIENTED_EDGE('',*,*,#1030,.T.);
#1361=ORIENTED_EDGE('',*,*,#1010,.F.);
#1362=ORIENTED_EDGE('',*,*,#1031,.F.);
#1363=ORIENTED_EDGE('',*,*,#1032,.F.);
#1364=ORIENTED_EDGE('',*,*,#1027,.T.);
#1365=ORIENTED_EDGE('',*,*,#997,.T.);
#1366=ORIENTED_EDGE('',*,*,#1033,.T.);
#1367=ORIENTED_EDGE('',*,*,#1034,.F.);
#1368=ORIENTED_EDGE('',*,*,#1035,.F.);
#1369=ORIENTED_EDGE('',*,*,#1008,.F.);
#1370=ORIENTED_EDGE('',*,*,#1036,.T.);
#1371=ORIENTED_EDGE('',*,*,#1037,.T.);
#1372=ORIENTED_EDGE('',*,*,#1038,.F.);
#1373=ORIENTED_EDGE('',*,*,#1039,.T.);
#1374=ORIENTED_EDGE('',*,*,#1040,.F.);
#1375=ORIENTED_EDGE('',*,*,#1041,.T.);
#1376=ORIENTED_EDGE('',*,*,#1042,.T.);
#1377=ORIENTED_EDGE('',*,*,#1043,.F.);
#1378=ORIENTED_EDGE('',*,*,#1044,.F.);
#1379=ORIENTED_EDGE('',*,*,#1015,.F.);
#1380=ORIENTED_EDGE('',*,*,#1017,.F.);
#1381=ORIENTED_EDGE('',*,*,#1045,.F.);
#1382=ORIENTED_EDGE('',*,*,#1000,.T.);
#1383=ORIENTED_EDGE('',*,*,#1014,.F.);
#1384=ORIENTED_EDGE('',*,*,#998,.T.);
#1385=ORIENTED_EDGE('',*,*,#1035,.T.);
#1386=ORIENTED_EDGE('',*,*,#1046,.T.);
#1387=ORIENTED_EDGE('',*,*,#994,.T.);
#1388=ORIENTED_EDGE('',*,*,#1047,.T.);
#1389=ORIENTED_EDGE('',*,*,#1048,.T.);
#1390=ORIENTED_EDGE('',*,*,#1049,.F.);
#1391=ORIENTED_EDGE('',*,*,#1031,.T.);
#1392=ORIENTED_EDGE('',*,*,#1016,.F.);
#1393=ORIENTED_EDGE('',*,*,#1044,.T.);
#1394=ORIENTED_EDGE('',*,*,#1050,.F.);
#1395=ORIENTED_EDGE('',*,*,#1051,.F.);
#1396=ORIENTED_EDGE('',*,*,#1052,.F.);
#1397=ORIENTED_EDGE('',*,*,#1053,.F.);
#1398=ORIENTED_EDGE('',*,*,#1048,.F.);
#1399=ORIENTED_EDGE('',*,*,#1054,.T.);
#1400=ORIENTED_EDGE('',*,*,#995,.F.);
#1401=ORIENTED_EDGE('',*,*,#1046,.F.);
#1402=ORIENTED_EDGE('',*,*,#1034,.T.);
#1403=ORIENTED_EDGE('',*,*,#1001,.F.);
#1404=ORIENTED_EDGE('',*,*,#1045,.T.);
#1405=ORIENTED_EDGE('',*,*,#1055,.T.);
#1406=ORIENTED_EDGE('',*,*,#1056,.T.);
#1407=ORIENTED_EDGE('',*,*,#1057,.T.);
#1408=ORIENTED_EDGE('',*,*,#1058,.F.);
#1409=ORIENTED_EDGE('',*,*,#1059,.T.);
#1410=ORIENTED_EDGE('',*,*,#1060,.T.);
#1411=ORIENTED_EDGE('',*,*,#1061,.T.);
#1412=ORIENTED_EDGE('',*,*,#1062,.T.);
#1413=ORIENTED_EDGE('',*,*,#1063,.T.);
#1414=ORIENTED_EDGE('',*,*,#1060,.F.);
#1415=ORIENTED_EDGE('',*,*,#1064,.T.);
#1416=ORIENTED_EDGE('',*,*,#1065,.T.);
#1417=ORIENTED_EDGE('',*,*,#1066,.T.);
#1418=ORIENTED_EDGE('',*,*,#1062,.F.);
#1419=ORIENTED_EDGE('',*,*,#1067,.T.);
#1420=ORIENTED_EDGE('',*,*,#1068,.T.);
#1421=ORIENTED_EDGE('',*,*,#1069,.T.);
#1422=ORIENTED_EDGE('',*,*,#1065,.F.);
#1423=ORIENTED_EDGE('',*,*,#1070,.T.);
#1424=ORIENTED_EDGE('',*,*,#1071,.T.);
#1425=ORIENTED_EDGE('',*,*,#1072,.T.);
#1426=ORIENTED_EDGE('',*,*,#1068,.F.);
#1427=ORIENTED_EDGE('',*,*,#1073,.T.);
#1428=ORIENTED_EDGE('',*,*,#1074,.T.);
#1429=ORIENTED_EDGE('',*,*,#1075,.T.);
#1430=ORIENTED_EDGE('',*,*,#1071,.F.);
#1431=ORIENTED_EDGE('',*,*,#1076,.T.);
#1432=ORIENTED_EDGE('',*,*,#1076,.F.);
#1433=ORIENTED_EDGE('',*,*,#1077,.F.);
#1434=ORIENTED_EDGE('',*,*,#1078,.F.);
#1435=ORIENTED_EDGE('',*,*,#1079,.F.);
#1436=ORIENTED_EDGE('',*,*,#1073,.F.);
#1437=ORIENTED_EDGE('',*,*,#1080,.T.);
#1438=ORIENTED_EDGE('',*,*,#1081,.T.);
#1439=ORIENTED_EDGE('',*,*,#1077,.T.);
#1440=ORIENTED_EDGE('',*,*,#1070,.F.);
#1441=ORIENTED_EDGE('',*,*,#1067,.F.);
#1442=ORIENTED_EDGE('',*,*,#1064,.F.);
#1443=ORIENTED_EDGE('',*,*,#1059,.F.);
#1444=ORIENTED_EDGE('',*,*,#1082,.F.);
#1445=ORIENTED_EDGE('',*,*,#1083,.F.);
#1446=ORIENTED_EDGE('',*,*,#1084,.T.);
#1447=ORIENTED_EDGE('',*,*,#1085,.T.);
#1448=ORIENTED_EDGE('',*,*,#1086,.F.);
#1449=ORIENTED_EDGE('',*,*,#1087,.T.);
#1450=ORIENTED_EDGE('',*,*,#1088,.T.);
#1451=ORIENTED_EDGE('',*,*,#1089,.F.);
#1452=ORIENTED_EDGE('',*,*,#1090,.F.);
#1453=ORIENTED_EDGE('',*,*,#1080,.F.);
#1454=ORIENTED_EDGE('',*,*,#1091,.T.);
#1455=ORIENTED_EDGE('',*,*,#1092,.T.);
#1456=ORIENTED_EDGE('',*,*,#1093,.T.);
#1457=ORIENTED_EDGE('',*,*,#1094,.T.);
#1458=ORIENTED_EDGE('',*,*,#1095,.T.);
#1459=ORIENTED_EDGE('',*,*,#1096,.T.);
#1460=ORIENTED_EDGE('',*,*,#1091,.F.);
#1461=ORIENTED_EDGE('',*,*,#1097,.T.);
#1462=ORIENTED_EDGE('',*,*,#1098,.T.);
#1463=ORIENTED_EDGE('',*,*,#1099,.T.);
#1464=ORIENTED_EDGE('',*,*,#1095,.F.);
#1465=ORIENTED_EDGE('',*,*,#1100,.T.);
#1466=ORIENTED_EDGE('',*,*,#1101,.T.);
#1467=ORIENTED_EDGE('',*,*,#1102,.T.);
#1468=ORIENTED_EDGE('',*,*,#1098,.F.);
#1469=ORIENTED_EDGE('',*,*,#1103,.T.);
#1470=ORIENTED_EDGE('',*,*,#1104,.T.);
#1471=ORIENTED_EDGE('',*,*,#1105,.T.);
#1472=ORIENTED_EDGE('',*,*,#1101,.F.);
#1473=ORIENTED_EDGE('',*,*,#1106,.T.);
#1474=ORIENTED_EDGE('',*,*,#1107,.T.);
#1475=ORIENTED_EDGE('',*,*,#1108,.T.);
#1476=ORIENTED_EDGE('',*,*,#1104,.F.);
#1477=ORIENTED_EDGE('',*,*,#1109,.T.);
#1478=ORIENTED_EDGE('',*,*,#1109,.F.);
#1479=ORIENTED_EDGE('',*,*,#1106,.F.);
#1480=ORIENTED_EDGE('',*,*,#1103,.F.);
#1481=ORIENTED_EDGE('',*,*,#1100,.F.);
#1482=ORIENTED_EDGE('',*,*,#1110,.F.);
#1483=ORIENTED_EDGE('',*,*,#1111,.F.);
#1484=ORIENTED_EDGE('',*,*,#1112,.F.);
#1485=ORIENTED_EDGE('',*,*,#1113,.T.);
#1486=ORIENTED_EDGE('',*,*,#1114,.T.);
#1487=ORIENTED_EDGE('',*,*,#1115,.F.);
#1488=ORIENTED_EDGE('',*,*,#1116,.T.);
#1489=ORIENTED_EDGE('',*,*,#1117,.F.);
#1490=ORIENTED_EDGE('',*,*,#1118,.T.);
#1491=ORIENTED_EDGE('',*,*,#1119,.F.);
#1492=ORIENTED_EDGE('',*,*,#1097,.F.);
#1493=ORIENTED_EDGE('',*,*,#1120,.T.);
#1494=ORIENTED_EDGE('',*,*,#1121,.F.);
#1495=ORIENTED_EDGE('',*,*,#1110,.T.);
#1496=ORIENTED_EDGE('',*,*,#1094,.F.);
#1497=ORIENTED_EDGE('',*,*,#1122,.F.);
#1498=ORIENTED_EDGE('',*,*,#1123,.F.);
#1499=ORIENTED_EDGE('',*,*,#1120,.F.);
#1500=ORIENTED_EDGE('',*,*,#1063,.F.);
#1501=ORIENTED_EDGE('',*,*,#1124,.T.);
#1502=ORIENTED_EDGE('',*,*,#1125,.F.);
#1503=ORIENTED_EDGE('',*,*,#1126,.T.);
#1504=ORIENTED_EDGE('',*,*,#1127,.T.);
#1505=ORIENTED_EDGE('',*,*,#1128,.T.);
#1506=ORIENTED_EDGE('',*,*,#1129,.T.);
#1507=ORIENTED_EDGE('',*,*,#1130,.F.);
#1508=ORIENTED_EDGE('',*,*,#1131,.F.);
#1509=ORIENTED_EDGE('',*,*,#1132,.T.);
#1510=ORIENTED_EDGE('',*,*,#1133,.T.);
#1511=ORIENTED_EDGE('',*,*,#1134,.T.);
#1512=ORIENTED_EDGE('',*,*,#1135,.T.);
#1513=ORIENTED_EDGE('',*,*,#1136,.T.);
#1514=ORIENTED_EDGE('',*,*,#1078,.T.);
#1515=ORIENTED_EDGE('',*,*,#1137,.F.);
#1516=ORIENTED_EDGE('',*,*,#1138,.T.);
#1517=ORIENTED_EDGE('',*,*,#1139,.T.);
#1518=ORIENTED_EDGE('',*,*,#1140,.T.);
#1519=ORIENTED_EDGE('',*,*,#1141,.F.);
#1520=ORIENTED_EDGE('',*,*,#1123,.T.);
#1521=ORIENTED_EDGE('',*,*,#1142,.T.);
#1522=ORIENTED_EDGE('',*,*,#1092,.F.);
#1523=ORIENTED_EDGE('',*,*,#1096,.F.);
#1524=ORIENTED_EDGE('',*,*,#1099,.F.);
#1525=ORIENTED_EDGE('',*,*,#1143,.F.);
#1526=ORIENTED_EDGE('',*,*,#1144,.F.);
#1527=ORIENTED_EDGE('',*,*,#1145,.F.);
#1528=ORIENTED_EDGE('',*,*,#1069,.F.);
#1529=ORIENTED_EDGE('',*,*,#1072,.F.);
#1530=ORIENTED_EDGE('',*,*,#1075,.F.);
#1531=ORIENTED_EDGE('',*,*,#1102,.F.);
#1532=ORIENTED_EDGE('',*,*,#1146,.F.);
#1533=ORIENTED_EDGE('',*,*,#1147,.F.);
#1534=ORIENTED_EDGE('',*,*,#1143,.T.);
#1535=ORIENTED_EDGE('',*,*,#1105,.F.);
#1536=ORIENTED_EDGE('',*,*,#1148,.T.);
#1537=ORIENTED_EDGE('',*,*,#1149,.T.);
#1538=ORIENTED_EDGE('',*,*,#1150,.T.);
#1539=ORIENTED_EDGE('',*,*,#1151,.T.);
#1540=ORIENTED_EDGE('',*,*,#1152,.T.);
#1541=ORIENTED_EDGE('',*,*,#1153,.T.);
#1542=ORIENTED_EDGE('',*,*,#1154,.T.);
#1543=ORIENTED_EDGE('',*,*,#1155,.F.);
#1544=ORIENTED_EDGE('',*,*,#1156,.T.);
#1545=ORIENTED_EDGE('',*,*,#1157,.T.);
#1546=ORIENTED_EDGE('',*,*,#1158,.T.);
#1547=ORIENTED_EDGE('',*,*,#1159,.T.);
#1548=ORIENTED_EDGE('',*,*,#1160,.T.);
#1549=ORIENTED_EDGE('',*,*,#1161,.T.);
#1550=ORIENTED_EDGE('',*,*,#1162,.T.);
#1551=ORIENTED_EDGE('',*,*,#1163,.F.);
#1552=ORIENTED_EDGE('',*,*,#1146,.T.);
#1553=ORIENTED_EDGE('',*,*,#1119,.T.);
#1554=ORIENTED_EDGE('',*,*,#1164,.T.);
#1555=ORIENTED_EDGE('',*,*,#1165,.F.);
#1556=ORIENTED_EDGE('',*,*,#1166,.F.);
#1557=ORIENTED_EDGE('',*,*,#1107,.F.);
#1558=ORIENTED_EDGE('',*,*,#1108,.F.);
#1559=ORIENTED_EDGE('',*,*,#1167,.F.);
#1560=ORIENTED_EDGE('',*,*,#1168,.F.);
#1561=ORIENTED_EDGE('',*,*,#1169,.F.);
#1562=ORIENTED_EDGE('',*,*,#1170,.F.);
#1563=ORIENTED_EDGE('',*,*,#1162,.F.);
#1564=ORIENTED_EDGE('',*,*,#1171,.F.);
#1565=ORIENTED_EDGE('',*,*,#1172,.T.);
#1566=ORIENTED_EDGE('',*,*,#1173,.T.);
#1567=ORIENTED_EDGE('',*,*,#1174,.F.);
#1568=ORIENTED_EDGE('',*,*,#1156,.F.);
#1569=ORIENTED_EDGE('',*,*,#1175,.T.);
#1570=ORIENTED_EDGE('',*,*,#1176,.T.);
#1571=ORIENTED_EDGE('',*,*,#1154,.F.);
#1572=ORIENTED_EDGE('',*,*,#1177,.F.);
#1573=ORIENTED_EDGE('',*,*,#1178,.T.);
#1574=ORIENTED_EDGE('',*,*,#1179,.T.);
#1575=ORIENTED_EDGE('',*,*,#1180,.F.);
#1576=ORIENTED_EDGE('',*,*,#1148,.F.);
#1577=ORIENTED_EDGE('',*,*,#1061,.F.);
#1578=ORIENTED_EDGE('',*,*,#1135,.F.);
#1579=ORIENTED_EDGE('',*,*,#1181,.T.);
#1580=ORIENTED_EDGE('',*,*,#1132,.F.);
#1581=ORIENTED_EDGE('',*,*,#1182,.T.);
#1582=ORIENTED_EDGE('',*,*,#1129,.F.);
#1583=ORIENTED_EDGE('',*,*,#1183,.T.);
#1584=ORIENTED_EDGE('',*,*,#1126,.F.);
#1585=ORIENTED_EDGE('',*,*,#1184,.F.);
#1586=ORIENTED_EDGE('',*,*,#1185,.T.);
#1587=ORIENTED_EDGE('',*,*,#1186,.F.);
#1588=ORIENTED_EDGE('',*,*,#1187,.T.);
#1589=ORIENTED_EDGE('',*,*,#1090,.T.);
#1590=ORIENTED_EDGE('',*,*,#1188,.T.);
#1591=ORIENTED_EDGE('',*,*,#1137,.T.);
#1592=ORIENTED_EDGE('',*,*,#1081,.F.);
#1593=ORIENTED_EDGE('',*,*,#1089,.T.);
#1594=ORIENTED_EDGE('',*,*,#1189,.T.);
#1595=ORIENTED_EDGE('',*,*,#1190,.T.);
#1596=ORIENTED_EDGE('',*,*,#1188,.F.);
#1597=ORIENTED_EDGE('',*,*,#1013,.F.);
#1598=ORIENTED_EDGE('',*,*,#1191,.T.);
#1599=ORIENTED_EDGE('',*,*,#1192,.F.);
#1600=ORIENTED_EDGE('',*,*,#1140,.F.);
#1601=ORIENTED_EDGE('',*,*,#1193,.F.);
#1602=ORIENTED_EDGE('',*,*,#1138,.F.);
#1603=ORIENTED_EDGE('',*,*,#1190,.F.);
#1604=ORIENTED_EDGE('',*,*,#1194,.T.);
#1605=ORIENTED_EDGE('',*,*,#1141,.T.);
#1606=ORIENTED_EDGE('',*,*,#1195,.T.);
#1607=ORIENTED_EDGE('',*,*,#1111,.T.);
#1608=ORIENTED_EDGE('',*,*,#1121,.T.);
#1609=ORIENTED_EDGE('',*,*,#1192,.T.);
#1610=ORIENTED_EDGE('',*,*,#1196,.T.);
#1611=ORIENTED_EDGE('',*,*,#1112,.T.);
#1612=ORIENTED_EDGE('',*,*,#1195,.F.);
#1613=ORIENTED_EDGE('',*,*,#1007,.F.);
#1614=ORIENTED_EDGE('',*,*,#1194,.F.);
#1615=ORIENTED_EDGE('',*,*,#1189,.F.);
#1616=ORIENTED_EDGE('',*,*,#1088,.F.);
#1617=ORIENTED_EDGE('',*,*,#1197,.T.);
#1618=ORIENTED_EDGE('',*,*,#1036,.F.);
#1619=ORIENTED_EDGE('',*,*,#1012,.F.);
#1620=ORIENTED_EDGE('',*,*,#1198,.F.);
#1621=ORIENTED_EDGE('',*,*,#1199,.T.);
#1622=ORIENTED_EDGE('',*,*,#1113,.F.);
#1623=ORIENTED_EDGE('',*,*,#1196,.F.);
#1624=ORIENTED_EDGE('',*,*,#1191,.F.);
#1625=ORIENTED_EDGE('',*,*,#1159,.F.);
#1626=ORIENTED_EDGE('',*,*,#1200,.F.);
#1627=ORIENTED_EDGE('',*,*,#1151,.F.);
#1628=ORIENTED_EDGE('',*,*,#1201,.F.);
#1629=ORIENTED_EDGE('',*,*,#1202,.F.);
#1630=ORIENTED_EDGE('',*,*,#1203,.T.);
#1631=ORIENTED_EDGE('',*,*,#1204,.T.);
#1632=ORIENTED_EDGE('',*,*,#1205,.T.);
#1633=ORIENTED_EDGE('',*,*,#1206,.T.);
#1634=ORIENTED_EDGE('',*,*,#1207,.T.);
#1635=ORIENTED_EDGE('',*,*,#1208,.T.);
#1636=ORIENTED_EDGE('',*,*,#1029,.F.);
#1637=ORIENTED_EDGE('',*,*,#1208,.F.);
#1638=ORIENTED_EDGE('',*,*,#1209,.T.);
#1639=ORIENTED_EDGE('',*,*,#1210,.T.);
#1640=ORIENTED_EDGE('',*,*,#1203,.F.);
#1641=ORIENTED_EDGE('',*,*,#1211,.T.);
#1642=ORIENTED_EDGE('',*,*,#1157,.F.);
#1643=ORIENTED_EDGE('',*,*,#1174,.T.);
#1644=ORIENTED_EDGE('',*,*,#1212,.T.);
#1645=ORIENTED_EDGE('',*,*,#1149,.F.);
#1646=ORIENTED_EDGE('',*,*,#1180,.T.);
#1647=ORIENTED_EDGE('',*,*,#1213,.F.);
#1648=ORIENTED_EDGE('',*,*,#1152,.F.);
#1649=ORIENTED_EDGE('',*,*,#1201,.T.);
#1650=ORIENTED_EDGE('',*,*,#1150,.F.);
#1651=ORIENTED_EDGE('',*,*,#1212,.F.);
#1652=ORIENTED_EDGE('',*,*,#1179,.F.);
#1653=ORIENTED_EDGE('',*,*,#1214,.T.);
#1654=ORIENTED_EDGE('',*,*,#1026,.T.);
#1655=ORIENTED_EDGE('',*,*,#1214,.F.);
#1656=ORIENTED_EDGE('',*,*,#1178,.F.);
#1657=ORIENTED_EDGE('',*,*,#1215,.F.);
#1658=ORIENTED_EDGE('',*,*,#1216,.F.);
#1659=ORIENTED_EDGE('',*,*,#1217,.F.);
#1660=ORIENTED_EDGE('',*,*,#1216,.T.);
#1661=ORIENTED_EDGE('',*,*,#1213,.T.);
#1662=ORIENTED_EDGE('',*,*,#1177,.T.);
#1663=ORIENTED_EDGE('',*,*,#1153,.F.);
#1664=ORIENTED_EDGE('',*,*,#1218,.F.);
#1665=ORIENTED_EDGE('',*,*,#1219,.T.);
#1666=ORIENTED_EDGE('',*,*,#1220,.F.);
#1667=ORIENTED_EDGE('',*,*,#1205,.F.);
#1668=ORIENTED_EDGE('',*,*,#1204,.F.);
#1669=ORIENTED_EDGE('',*,*,#1210,.F.);
#1670=ORIENTED_EDGE('',*,*,#1221,.F.);
#1671=ORIENTED_EDGE('',*,*,#1222,.F.);
#1672=ORIENTED_EDGE('',*,*,#1160,.F.);
#1673=ORIENTED_EDGE('',*,*,#1200,.T.);
#1674=ORIENTED_EDGE('',*,*,#1158,.F.);
#1675=ORIENTED_EDGE('',*,*,#1211,.F.);
#1676=ORIENTED_EDGE('',*,*,#1173,.F.);
#1677=ORIENTED_EDGE('',*,*,#1223,.T.);
#1678=ORIENTED_EDGE('',*,*,#1025,.F.);
#1679=ORIENTED_EDGE('',*,*,#1223,.F.);
#1680=ORIENTED_EDGE('',*,*,#1172,.F.);
#1681=ORIENTED_EDGE('',*,*,#1224,.F.);
#1682=ORIENTED_EDGE('',*,*,#1206,.F.);
#1683=ORIENTED_EDGE('',*,*,#1221,.T.);
#1684=ORIENTED_EDGE('',*,*,#1209,.F.);
#1685=ORIENTED_EDGE('',*,*,#1207,.F.);
#1686=ORIENTED_EDGE('',*,*,#1225,.F.);
#1687=ORIENTED_EDGE('',*,*,#1219,.F.);
#1688=ORIENTED_EDGE('',*,*,#1057,.F.);
#1689=ORIENTED_EDGE('',*,*,#1226,.T.);
#1690=ORIENTED_EDGE('',*,*,#1227,.F.);
#1691=ORIENTED_EDGE('',*,*,#1228,.F.);
#1692=ORIENTED_EDGE('',*,*,#1229,.T.);
#1693=ORIENTED_EDGE('',*,*,#1133,.F.);
#1694=ORIENTED_EDGE('',*,*,#1181,.F.);
#1695=ORIENTED_EDGE('',*,*,#1134,.F.);
#1696=ORIENTED_EDGE('',*,*,#1229,.F.);
#1697=ORIENTED_EDGE('',*,*,#1230,.F.);
#1698=ORIENTED_EDGE('',*,*,#1226,.F.);
#1699=ORIENTED_EDGE('',*,*,#1056,.F.);
#1700=ORIENTED_EDGE('',*,*,#1231,.T.);
#1701=ORIENTED_EDGE('',*,*,#1232,.F.);
#1702=ORIENTED_EDGE('',*,*,#1233,.F.);
#1703=ORIENTED_EDGE('',*,*,#1231,.F.);
#1704=ORIENTED_EDGE('',*,*,#1234,.F.);
#1705=ORIENTED_EDGE('',*,*,#1235,.F.);
#1706=ORIENTED_EDGE('',*,*,#1236,.T.);
#1707=ORIENTED_EDGE('',*,*,#1127,.F.);
#1708=ORIENTED_EDGE('',*,*,#1183,.F.);
#1709=ORIENTED_EDGE('',*,*,#1128,.F.);
#1710=ORIENTED_EDGE('',*,*,#1236,.F.);
#1711=ORIENTED_EDGE('',*,*,#1237,.F.);
#1712=ORIENTED_EDGE('',*,*,#1238,.F.);
#1713=ORIENTED_EDGE('',*,*,#1222,.T.);
#1714=ORIENTED_EDGE('',*,*,#1171,.T.);
#1715=ORIENTED_EDGE('',*,*,#1161,.F.);
#1716=ORIENTED_EDGE('',*,*,#1239,.F.);
#1717=ORIENTED_EDGE('',*,*,#1240,.F.);
#1718=ORIENTED_EDGE('',*,*,#1049,.T.);
#1719=ORIENTED_EDGE('',*,*,#1241,.F.);
#1720=ORIENTED_EDGE('',*,*,#1242,.T.);
#1721=ORIENTED_EDGE('',*,*,#1243,.F.);
#1722=ORIENTED_EDGE('',*,*,#1244,.F.);
#1723=ORIENTED_EDGE('',*,*,#1032,.T.);
#1724=ORIENTED_EDGE('',*,*,#1240,.T.);
#1725=ORIENTED_EDGE('',*,*,#1245,.T.);
#1726=ORIENTED_EDGE('',*,*,#1246,.T.);
#1727=ORIENTED_EDGE('',*,*,#1247,.T.);
#1728=ORIENTED_EDGE('',*,*,#1028,.T.);
#1729=ORIENTED_EDGE('',*,*,#1244,.T.);
#1730=ORIENTED_EDGE('',*,*,#1248,.T.);
#1731=ORIENTED_EDGE('',*,*,#1249,.T.);
#1732=ORIENTED_EDGE('',*,*,#1019,.T.);
#1733=ORIENTED_EDGE('',*,*,#1247,.F.);
#1734=ORIENTED_EDGE('',*,*,#1250,.T.);
#1735=ORIENTED_EDGE('',*,*,#1251,.T.);
#1736=ORIENTED_EDGE('',*,*,#1252,.T.);
#1737=ORIENTED_EDGE('',*,*,#1249,.F.);
#1738=ORIENTED_EDGE('',*,*,#1184,.T.);
#1739=ORIENTED_EDGE('',*,*,#1253,.T.);
#1740=ORIENTED_EDGE('',*,*,#1254,.T.);
#1741=ORIENTED_EDGE('',*,*,#1255,.T.);
#1742=ORIENTED_EDGE('',*,*,#1256,.T.);
#1743=ORIENTED_EDGE('',*,*,#1257,.T.);
#1744=ORIENTED_EDGE('',*,*,#1253,.F.);
#1745=ORIENTED_EDGE('',*,*,#1125,.T.);
#1746=ORIENTED_EDGE('',*,*,#1258,.T.);
#1747=ORIENTED_EDGE('',*,*,#1259,.T.);
#1748=ORIENTED_EDGE('',*,*,#1256,.F.);
#1749=ORIENTED_EDGE('',*,*,#1260,.T.);
#1750=ORIENTED_EDGE('',*,*,#1239,.T.);
#1751=ORIENTED_EDGE('',*,*,#1261,.T.);
#1752=ORIENTED_EDGE('',*,*,#1258,.F.);
#1753=ORIENTED_EDGE('',*,*,#1144,.T.);
#1754=ORIENTED_EDGE('',*,*,#1262,.T.);
#1755=ORIENTED_EDGE('',*,*,#1263,.T.);
#1756=ORIENTED_EDGE('',*,*,#1245,.F.);
#1757=ORIENTED_EDGE('',*,*,#1243,.T.);
#1758=ORIENTED_EDGE('',*,*,#1264,.T.);
#1759=ORIENTED_EDGE('',*,*,#1265,.T.);
#1760=ORIENTED_EDGE('',*,*,#1262,.F.);
#1761=ORIENTED_EDGE('',*,*,#1147,.T.);
#1762=ORIENTED_EDGE('',*,*,#1266,.T.);
#1763=ORIENTED_EDGE('',*,*,#1267,.T.);
#1764=ORIENTED_EDGE('',*,*,#1264,.F.);
#1765=ORIENTED_EDGE('',*,*,#1163,.T.);
#1766=ORIENTED_EDGE('',*,*,#1268,.T.);
#1767=ORIENTED_EDGE('',*,*,#1266,.F.);
#1768=ORIENTED_EDGE('',*,*,#1170,.T.);
#1769=ORIENTED_EDGE('',*,*,#1251,.F.);
#1770=ORIENTED_EDGE('',*,*,#1269,.T.);
#1771=ORIENTED_EDGE('',*,*,#1255,.F.);
#1772=ORIENTED_EDGE('',*,*,#1270,.T.);
#1773=ORIENTED_EDGE('',*,*,#1271,.T.);
#1774=ORIENTED_EDGE('',*,*,#1053,.T.);
#1775=ORIENTED_EDGE('',*,*,#1271,.F.);
#1776=ORIENTED_EDGE('',*,*,#1272,.T.);
#1777=ORIENTED_EDGE('',*,*,#1241,.T.);
#1778=ORIENTED_EDGE('',*,*,#1066,.F.);
#1779=ORIENTED_EDGE('',*,*,#1145,.T.);
#1780=ORIENTED_EDGE('',*,*,#1260,.F.);
#1781=ORIENTED_EDGE('',*,*,#1124,.F.);
#1782=ORIENTED_EDGE('',*,*,#1254,.F.);
#1783=ORIENTED_EDGE('',*,*,#1257,.F.);
#1784=ORIENTED_EDGE('',*,*,#1259,.F.);
#1785=ORIENTED_EDGE('',*,*,#1261,.F.);
#1786=ORIENTED_EDGE('',*,*,#1242,.F.);
#1787=ORIENTED_EDGE('',*,*,#1272,.F.);
#1788=ORIENTED_EDGE('',*,*,#1270,.F.);
#1789=ORIENTED_EDGE('',*,*,#1246,.F.);
#1790=ORIENTED_EDGE('',*,*,#1263,.F.);
#1791=ORIENTED_EDGE('',*,*,#1265,.F.);
#1792=ORIENTED_EDGE('',*,*,#1267,.F.);
#1793=ORIENTED_EDGE('',*,*,#1268,.F.);
#1794=ORIENTED_EDGE('',*,*,#1250,.F.);
#1795=ORIENTED_EDGE('',*,*,#1248,.F.);
#1796=ORIENTED_EDGE('',*,*,#1273,.T.);
#1797=ORIENTED_EDGE('',*,*,#1186,.T.);
#1798=ORIENTED_EDGE('',*,*,#1274,.T.);
#1799=ORIENTED_EDGE('',*,*,#1275,.T.);
#1800=ORIENTED_EDGE('',*,*,#1273,.F.);
#1801=ORIENTED_EDGE('',*,*,#1276,.T.);
#1802=ORIENTED_EDGE('',*,*,#1277,.F.);
#1803=ORIENTED_EDGE('',*,*,#1050,.T.);
#1804=ORIENTED_EDGE('',*,*,#1043,.T.);
#1805=ORIENTED_EDGE('',*,*,#1278,.F.);
#1806=ORIENTED_EDGE('',*,*,#1187,.F.);
#1807=ORIENTED_EDGE('',*,*,#1279,.T.);
#1808=ORIENTED_EDGE('',*,*,#1280,.T.);
#1809=ORIENTED_EDGE('',*,*,#1168,.T.);
#1810=ORIENTED_EDGE('',*,*,#1281,.T.);
#1811=ORIENTED_EDGE('',*,*,#1282,.T.);
#1812=ORIENTED_EDGE('',*,*,#1282,.F.);
#1813=ORIENTED_EDGE('',*,*,#1283,.F.);
#1814=ORIENTED_EDGE('',*,*,#1284,.F.);
#1815=ORIENTED_EDGE('',*,*,#1285,.F.);
#1816=ORIENTED_EDGE('',*,*,#1281,.F.);
#1817=ORIENTED_EDGE('',*,*,#1167,.T.);
#1818=ORIENTED_EDGE('',*,*,#1166,.T.);
#1819=ORIENTED_EDGE('',*,*,#1286,.T.);
#1820=ORIENTED_EDGE('',*,*,#1022,.T.);
#1821=ORIENTED_EDGE('',*,*,#1287,.F.);
#1822=ORIENTED_EDGE('',*,*,#1283,.T.);
#1823=ORIENTED_EDGE('',*,*,#1288,.T.);
#1824=ORIENTED_EDGE('',*,*,#1289,.T.);
#1825=ORIENTED_EDGE('',*,*,#1051,.T.);
#1826=ORIENTED_EDGE('',*,*,#1277,.T.);
#1827=ORIENTED_EDGE('',*,*,#1290,.T.);
#1828=ORIENTED_EDGE('',*,*,#1287,.T.);
#1829=ORIENTED_EDGE('',*,*,#1021,.T.);
#1830=ORIENTED_EDGE('',*,*,#1291,.T.);
#1831=ORIENTED_EDGE('',*,*,#1284,.T.);
#1832=ORIENTED_EDGE('',*,*,#1275,.F.);
#1833=ORIENTED_EDGE('',*,*,#1292,.F.);
#1834=ORIENTED_EDGE('',*,*,#1290,.F.);
#1835=ORIENTED_EDGE('',*,*,#1276,.F.);
#1836=ORIENTED_EDGE('',*,*,#1252,.F.);
#1837=ORIENTED_EDGE('',*,*,#1169,.T.);
#1838=ORIENTED_EDGE('',*,*,#1280,.F.);
#1839=ORIENTED_EDGE('',*,*,#1285,.T.);
#1840=ORIENTED_EDGE('',*,*,#1291,.F.);
#1841=ORIENTED_EDGE('',*,*,#1020,.T.);
#1842=ORIENTED_EDGE('',*,*,#1202,.T.);
#1843=ORIENTED_EDGE('',*,*,#1269,.F.);
#1844=ORIENTED_EDGE('',*,*,#1052,.T.);
#1845=ORIENTED_EDGE('',*,*,#1289,.F.);
#1846=ORIENTED_EDGE('',*,*,#1292,.T.);
#1847=ORIENTED_EDGE('',*,*,#1274,.F.);
#1848=ORIENTED_EDGE('',*,*,#1185,.F.);
#1849=ORIENTED_EDGE('',*,*,#1293,.T.);
#1850=ORIENTED_EDGE('',*,*,#1118,.F.);
#1851=ORIENTED_EDGE('',*,*,#1294,.F.);
#1852=ORIENTED_EDGE('',*,*,#1295,.F.);
#1853=ORIENTED_EDGE('',*,*,#1164,.F.);
#1854=ORIENTED_EDGE('',*,*,#1004,.F.);
#1855=ORIENTED_EDGE('',*,*,#1023,.F.);
#1856=ORIENTED_EDGE('',*,*,#1286,.F.);
#1857=ORIENTED_EDGE('',*,*,#1165,.T.);
#1858=ORIENTED_EDGE('',*,*,#1295,.T.);
#1859=ORIENTED_EDGE('',*,*,#1296,.F.);
#1860=ORIENTED_EDGE('',*,*,#1297,.T.);
#1861=ORIENTED_EDGE('',*,*,#1298,.F.);
#1862=ORIENTED_EDGE('',*,*,#1299,.T.);
#1863=ORIENTED_EDGE('',*,*,#1198,.T.);
#1864=ORIENTED_EDGE('',*,*,#1011,.F.);
#1865=ORIENTED_EDGE('',*,*,#1041,.F.);
#1866=ORIENTED_EDGE('',*,*,#1300,.F.);
#1867=ORIENTED_EDGE('',*,*,#1083,.T.);
#1868=ORIENTED_EDGE('',*,*,#1301,.F.);
#1869=ORIENTED_EDGE('',*,*,#1082,.T.);
#1870=ORIENTED_EDGE('',*,*,#1058,.T.);
#1871=ORIENTED_EDGE('',*,*,#1278,.T.);
#1872=ORIENTED_EDGE('',*,*,#1042,.F.);
#1873=ORIENTED_EDGE('',*,*,#1301,.T.);
#1874=ORIENTED_EDGE('',*,*,#1086,.T.);
#1875=ORIENTED_EDGE('',*,*,#1302,.T.);
#1876=ORIENTED_EDGE('',*,*,#1038,.T.);
#1877=ORIENTED_EDGE('',*,*,#1303,.T.);
#1878=ORIENTED_EDGE('',*,*,#1302,.F.);
#1879=ORIENTED_EDGE('',*,*,#1085,.F.);
#1880=ORIENTED_EDGE('',*,*,#1304,.F.);
#1881=ORIENTED_EDGE('',*,*,#1039,.F.);
#1882=ORIENTED_EDGE('',*,*,#1084,.F.);
#1883=ORIENTED_EDGE('',*,*,#1300,.T.);
#1884=ORIENTED_EDGE('',*,*,#1040,.T.);
#1885=ORIENTED_EDGE('',*,*,#1304,.T.);
#1886=ORIENTED_EDGE('',*,*,#1115,.T.);
#1887=ORIENTED_EDGE('',*,*,#1305,.T.);
#1888=ORIENTED_EDGE('',*,*,#1298,.T.);
#1889=ORIENTED_EDGE('',*,*,#1306,.T.);
#1890=ORIENTED_EDGE('',*,*,#1305,.F.);
#1891=ORIENTED_EDGE('',*,*,#1114,.F.);
#1892=ORIENTED_EDGE('',*,*,#1199,.F.);
#1893=ORIENTED_EDGE('',*,*,#1299,.F.);
#1894=ORIENTED_EDGE('',*,*,#1117,.T.);
#1895=ORIENTED_EDGE('',*,*,#1307,.T.);
#1896=ORIENTED_EDGE('',*,*,#1296,.T.);
#1897=ORIENTED_EDGE('',*,*,#1294,.T.);
#1898=ORIENTED_EDGE('',*,*,#1306,.F.);
#1899=ORIENTED_EDGE('',*,*,#1297,.F.);
#1900=ORIENTED_EDGE('',*,*,#1307,.F.);
#1901=ORIENTED_EDGE('',*,*,#1116,.F.);
#1902=ORIENTED_EDGE('',*,*,#1303,.F.);
#1903=ORIENTED_EDGE('',*,*,#1037,.F.);
#1904=ORIENTED_EDGE('',*,*,#1197,.F.);
#1905=ORIENTED_EDGE('',*,*,#1087,.F.);
#1906=ORIENTED_EDGE('',*,*,#1308,.T.);
#1907=ORIENTED_EDGE('',*,*,#1309,.T.);
#1908=ORIENTED_EDGE('',*,*,#1237,.T.);
#1909=ORIENTED_EDGE('',*,*,#1235,.T.);
#1910=ORIENTED_EDGE('',*,*,#1234,.T.);
#1911=ORIENTED_EDGE('',*,*,#1310,.T.);
#1912=ORIENTED_EDGE('',*,*,#1293,.F.);
#1913=ORIENTED_EDGE('',*,*,#1310,.F.);
#1914=ORIENTED_EDGE('',*,*,#1238,.T.);
#1915=ORIENTED_EDGE('',*,*,#1309,.F.);
#1916=ORIENTED_EDGE('',*,*,#1232,.T.);
#1917=ORIENTED_EDGE('',*,*,#1233,.T.);
#1918=ORIENTED_EDGE('',*,*,#1224,.T.);
#1919=ORIENTED_EDGE('',*,*,#1218,.T.);
#1920=ORIENTED_EDGE('',*,*,#1220,.T.);
#1921=ORIENTED_EDGE('',*,*,#1225,.T.);
#1922=ORIENTED_EDGE('',*,*,#993,.T.);
#1923=ORIENTED_EDGE('',*,*,#1311,.T.);
#1924=ORIENTED_EDGE('',*,*,#1054,.F.);
#1925=ORIENTED_EDGE('',*,*,#1047,.F.);
#1926=ORIENTED_EDGE('',*,*,#996,.F.);
#1927=ORIENTED_EDGE('',*,*,#1311,.F.);
#1928=ORIENTED_EDGE('',*,*,#1308,.F.);
#1929=ORIENTED_EDGE('',*,*,#1024,.F.);
#1930=ORIENTED_EDGE('',*,*,#1312,.T.);
#1931=ORIENTED_EDGE('',*,*,#1175,.F.);
#1932=ORIENTED_EDGE('',*,*,#1155,.T.);
#1933=ORIENTED_EDGE('',*,*,#1176,.F.);
#1934=ORIENTED_EDGE('',*,*,#1312,.F.);
#1935=ORIENTED_EDGE('',*,*,#1055,.F.);
#1936=ORIENTED_EDGE('',*,*,#1313,.T.);
#1937=ORIENTED_EDGE('',*,*,#1130,.T.);
#1938=ORIENTED_EDGE('',*,*,#1182,.F.);
#1939=ORIENTED_EDGE('',*,*,#1131,.T.);
#1940=ORIENTED_EDGE('',*,*,#1313,.F.);
#1941=ORIENTED_EDGE('',*,*,#1142,.F.);
#1942=ORIENTED_EDGE('',*,*,#1122,.T.);
#1943=ORIENTED_EDGE('',*,*,#1093,.F.);
#1944=ORIENTED_EDGE('',*,*,#1136,.F.);
#1945=ORIENTED_EDGE('',*,*,#1074,.F.);
#1946=ORIENTED_EDGE('',*,*,#1079,.T.);
#1947=ORIENTED_EDGE('',*,*,#1139,.F.);
#1948=ORIENTED_EDGE('',*,*,#1193,.T.);
#1949=ORIENTED_EDGE('',*,*,#1314,.T.);
#1950=ORIENTED_EDGE('',*,*,#1315,.T.);
#1951=ORIENTED_EDGE('',*,*,#1279,.F.);
#1952=ORIENTED_EDGE('',*,*,#1315,.F.);
#1953=ORIENTED_EDGE('',*,*,#1227,.T.);
#1954=ORIENTED_EDGE('',*,*,#1230,.T.);
#1955=ORIENTED_EDGE('',*,*,#1228,.T.);
#1956=ORIENTED_EDGE('',*,*,#1288,.F.);
#1957=ORIENTED_EDGE('',*,*,#1316,.T.);
#1958=ORIENTED_EDGE('',*,*,#1030,.F.);
#1959=ORIENTED_EDGE('',*,*,#1316,.F.);
#1960=ORIENTED_EDGE('',*,*,#1215,.T.);
#1961=ORIENTED_EDGE('',*,*,#1217,.T.);
#1962=ORIENTED_EDGE('',*,*,#1002,.F.);
#1963=ORIENTED_EDGE('',*,*,#1033,.F.);
#1964=ORIENTED_EDGE('',*,*,#1314,.F.);
#1965=CYLINDRICAL_SURFACE('',#2130,3.);
#1966=CYLINDRICAL_SURFACE('',#2133,3.);
#1967=CYLINDRICAL_SURFACE('',#2137,3.);
#1968=CYLINDRICAL_SURFACE('',#2145,3.);
#1969=CYLINDRICAL_SURFACE('',#2155,19.);
#1970=CYLINDRICAL_SURFACE('',#2157,3.);
#1971=CYLINDRICAL_SURFACE('',#2171,1.);
#1972=CYLINDRICAL_SURFACE('',#2186,1.);
#1973=CYLINDRICAL_SURFACE('',#2188,0.749999187886716);
#1974=CYLINDRICAL_SURFACE('',#2198,1.);
#1975=CYLINDRICAL_SURFACE('',#2213,1.);
#1976=CYLINDRICAL_SURFACE('',#2223,0.799998234957453);
#1977=CYLINDRICAL_SURFACE('',#2225,2.);
#1978=CYLINDRICAL_SURFACE('',#2227,17.25);
#1979=CYLINDRICAL_SURFACE('',#2234,23.);
#1980=CYLINDRICAL_SURFACE('',#2236,2.);
#1981=CYLINDRICAL_SURFACE('',#2259,0.749999187886721);
#1982=CYLINDRICAL_SURFACE('',#2270,1.35);
#1983=CYLINDRICAL_SURFACE('',#2272,0.85);
#1984=CYLINDRICAL_SURFACE('',#2273,0.85);
#1985=CYLINDRICAL_SURFACE('',#2274,0.85);
#1986=CYLINDRICAL_SURFACE('',#2275,0.85);
#1987=CYLINDRICAL_SURFACE('',#2276,0.85);
#1988=CYLINDRICAL_SURFACE('',#2277,0.85);
#1989=CYLINDRICAL_SURFACE('',#2278,0.85);
#1990=CYLINDRICAL_SURFACE('',#2279,0.850000000000004);
#1991=CYLINDRICAL_SURFACE('',#2280,0.85);
#1992=CYLINDRICAL_SURFACE('',#2281,0.85);
#1993=CYLINDRICAL_SURFACE('',#2282,0.85);
#1994=CYLINDRICAL_SURFACE('',#2283,0.85);
#1995=CYLINDRICAL_SURFACE('',#2284,1.);
#1996=CYLINDRICAL_SURFACE('',#2290,1.);
#1997=CYLINDRICAL_SURFACE('',#2292,1.);
#1998=CYLINDRICAL_SURFACE('',#2294,1.);
#1999=CYLINDRICAL_SURFACE('',#2296,1.);
#2000=CYLINDRICAL_SURFACE('',#2316,1.);
#2001=CYLINDRICAL_SURFACE('',#2317,1.);
#2002=CYLINDRICAL_SURFACE('',#2319,1.);
#2003=CYLINDRICAL_SURFACE('',#2320,23.);
#2004=CYLINDRICAL_SURFACE('',#2334,3.);
#2005=CYLINDRICAL_SURFACE('',#2344,3.);
#2006=CYLINDRICAL_SURFACE('',#2354,0.5);
#2007=CYLINDRICAL_SURFACE('',#2356,0.5);
#2008=CYLINDRICAL_SURFACE('',#2357,0.5);
#2009=CYLINDRICAL_SURFACE('',#2359,0.5);
#2010=CYLINDRICAL_SURFACE('',#2362,1.6);
#2011=CYLINDRICAL_SURFACE('',#2364,1.35);
#2012=CYLINDRICAL_SURFACE('',#2365,3.);
#2013=CYLINDRICAL_SURFACE('',#2368,1.4);
#2014=CYLINDRICAL_SURFACE('',#2369,1.4);
#2015=CYLINDRICAL_SURFACE('',#2373,1.6);
#2016=CYLINDRICAL_SURFACE('',#2375,1.4);
#2017=ADVANCED_FACE('',(#153),#1965,.F.);
#2018=ADVANCED_FACE('',(#154),#1966,.F.);
#2019=ADVANCED_FACE('',(#155),#1967,.T.);
#2020=ADVANCED_FACE('',(#156),#80,.T.);
#2021=ADVANCED_FACE('',(#157),#1968,.T.);
#2022=ADVANCED_FACE('',(#158,#27,#28,#29),#46,.T.);
#2023=ADVANCED_FACE('',(#159,#30,#31),#47,.F.);
#2024=ADVANCED_FACE('',(#160),#1969,.T.);
#2025=ADVANCED_FACE('',(#161),#1970,.F.);
#2026=ADVANCED_FACE('',(#162),#48,.F.);
#2027=ADVANCED_FACE('',(#163),#49,.T.);
#2028=ADVANCED_FACE('',(#164),#50,.T.);
#2029=ADVANCED_FACE('',(#165,#32,#33,#34),#51,.T.);
#2030=ADVANCED_FACE('',(#166),#1971,.F.);
#2031=ADVANCED_FACE('',(#167),#17,.T.);
#2032=ADVANCED_FACE('',(#168),#81,.F.);
#2033=ADVANCED_FACE('',(#169),#82,.F.);
#2034=ADVANCED_FACE('',(#170),#15,.T.);
#2035=ADVANCED_FACE('',(#171),#1972,.F.);
#2036=ADVANCED_FACE('',(#172),#1973,.T.);
#2037=ADVANCED_FACE('',(#173),#83,.F.);
#2038=ADVANCED_FACE('',(#174),#52,.F.);
#2039=ADVANCED_FACE('',(#175),#1974,.F.);
#2040=ADVANCED_FACE('',(#176),#16,.T.);
#2041=ADVANCED_FACE('',(#177),#84,.F.);
#2042=ADVANCED_FACE('',(#178),#85,.F.);
#2043=ADVANCED_FACE('',(#179),#18,.T.);
#2044=ADVANCED_FACE('',(#180),#1975,.F.);
#2045=ADVANCED_FACE('',(#181),#53,.F.);
#2046=ADVANCED_FACE('',(#182),#86,.F.);
#2047=ADVANCED_FACE('',(#183),#1976,.T.);
#2048=ADVANCED_FACE('',(#184),#1977,.F.);
#2049=ADVANCED_FACE('',(#185),#1978,.F.);
#2050=ADVANCED_FACE('',(#186),#1979,.T.);
#2051=ADVANCED_FACE('',(#187),#1980,.F.);
#2052=ADVANCED_FACE('',(#188),#54,.T.);
#2053=ADVANCED_FACE('',(#189),#55,.F.);
#2054=ADVANCED_FACE('',(#190),#56,.F.);
#2055=ADVANCED_FACE('',(#191),#87,.F.);
#2056=ADVANCED_FACE('',(#192),#88,.F.);
#2057=ADVANCED_FACE('',(#193),#1981,.T.);
#2058=ADVANCED_FACE('',(#194),#89,.F.);
#2059=ADVANCED_FACE('',(#195),#90,.F.);
#2060=ADVANCED_FACE('',(#196),#57,.T.);
#2061=ADVANCED_FACE('',(#197),#58,.T.);
#2062=ADVANCED_FACE('',(#198),#59,.T.);
#2063=ADVANCED_FACE('',(#199),#60,.T.);
#2064=ADVANCED_FACE('',(#200),#1982,.F.);
#2065=ADVANCED_FACE('',(#201),#1983,.F.);
#2066=ADVANCED_FACE('',(#202),#1984,.F.);
#2067=ADVANCED_FACE('',(#203,#35),#1985,.F.);
#2068=ADVANCED_FACE('',(#204),#1986,.T.);
#2069=ADVANCED_FACE('',(#205),#1987,.F.);
#2070=ADVANCED_FACE('',(#206),#1988,.T.);
#2071=ADVANCED_FACE('',(#207),#1989,.T.);
#2072=ADVANCED_FACE('',(#208,#36),#1990,.F.);
#2073=ADVANCED_FACE('',(#209),#1991,.F.);
#2074=ADVANCED_FACE('',(#210),#1992,.F.);
#2075=ADVANCED_FACE('',(#211),#1993,.F.);
#2076=ADVANCED_FACE('',(#212),#1994,.F.);
#2077=ADVANCED_FACE('',(#213),#1995,.T.);
#2078=ADVANCED_FACE('',(#214),#91,.T.);
#2079=ADVANCED_FACE('',(#215),#1996,.T.);
#2080=ADVANCED_FACE('',(#216),#1997,.T.);
#2081=ADVANCED_FACE('',(#217),#1998,.T.);
#2082=ADVANCED_FACE('',(#218),#1999,.T.);
#2083=ADVANCED_FACE('',(#219),#92,.T.);
#2084=ADVANCED_FACE('',(#220),#93,.T.);
#2085=ADVANCED_FACE('',(#221),#94,.T.);
#2086=ADVANCED_FACE('',(#222),#95,.T.);
#2087=ADVANCED_FACE('',(#223),#96,.T.);
#2088=ADVANCED_FACE('',(#224),#2000,.T.);
#2089=ADVANCED_FACE('',(#225),#2001,.T.);
#2090=ADVANCED_FACE('',(#226),#2002,.T.);
#2091=ADVANCED_FACE('',(#227),#2003,.T.);
#2092=ADVANCED_FACE('',(#228),#61,.F.);
#2093=ADVANCED_FACE('',(#229),#62,.F.);
#2094=ADVANCED_FACE('',(#230),#97,.T.);
#2095=ADVANCED_FACE('',(#231,#37),#63,.F.);
#2096=ADVANCED_FACE('',(#232),#98,.T.);
#2097=ADVANCED_FACE('',(#233),#2004,.F.);
#2098=ADVANCED_FACE('',(#234,#38),#64,.F.);
#2099=ADVANCED_FACE('',(#235),#99,.T.);
#2100=ADVANCED_FACE('',(#236),#100,.T.);
#2101=ADVANCED_FACE('',(#237),#2005,.F.);
#2102=ADVANCED_FACE('',(#238,#39),#65,.F.);
#2103=ADVANCED_FACE('',(#239,#40),#66,.F.);
#2104=ADVANCED_FACE('',(#240),#67,.F.);
#2105=ADVANCED_FACE('',(#241),#68,.F.);
#2106=ADVANCED_FACE('',(#242),#69,.F.);
#2107=ADVANCED_FACE('',(#243),#70,.T.);
#2108=ADVANCED_FACE('',(#244),#2006,.F.);
#2109=ADVANCED_FACE('',(#245),#71,.F.);
#2110=ADVANCED_FACE('',(#246),#2007,.F.);
#2111=ADVANCED_FACE('',(#247),#2008,.F.);
#2112=ADVANCED_FACE('',(#248),#72,.F.);
#2113=ADVANCED_FACE('',(#249),#2009,.F.);
#2114=ADVANCED_FACE('',(#250),#73,.F.);
#2115=ADVANCED_FACE('',(#251),#74,.F.);
#2116=ADVANCED_FACE('',(#252,#41),#2010,.F.);
#2117=ADVANCED_FACE('',(#253),#2011,.F.);
#2118=ADVANCED_FACE('',(#254),#2012,.F.);
#2119=ADVANCED_FACE('',(#255,#42),#75,.T.);
#2120=ADVANCED_FACE('',(#256),#2013,.F.);
#2121=ADVANCED_FACE('',(#257),#2014,.F.);
#2122=ADVANCED_FACE('',(#258),#76,.T.);
#2123=ADVANCED_FACE('',(#259),#77,.T.);
#2124=ADVANCED_FACE('',(#260),#78,.T.);
#2125=ADVANCED_FACE('',(#261,#43),#2015,.F.);
#2126=ADVANCED_FACE('',(#262,#44),#2016,.F.);
#2127=ADVANCED_FACE('',(#263,#45),#79,.T.);
#2128=CLOSED_SHELL('',(#2017,#2018,#2019,#2020,#2021,#2022,#2023,#2024,
#2025,#2026,#2027,#2028,#2029,#2030,#2031,#2032,#2033,#2034,#2035,#2036,
#2037,#2038,#2039,#2040,#2041,#2042,#2043,#2044,#2045,#2046,#2047,#2048,
#2049,#2050,#2051,#2052,#2053,#2054,#2055,#2056,#2057,#2058,#2059,#2060,
#2061,#2062,#2063,#2064,#2065,#2066,#2067,#2068,#2069,#2070,#2071,#2072,
#2073,#2074,#2075,#2076,#2077,#2078,#2079,#2080,#2081,#2082,#2083,#2084,
#2085,#2086,#2087,#2088,#2089,#2090,#2091,#2092,#2093,#2094,#2095,#2096,
#2097,#2098,#2099,#2100,#2101,#2102,#2103,#2104,#2105,#2106,#2107,#2108,
#2109,#2110,#2111,#2112,#2113,#2114,#2115,#2116,#2117,#2118,#2119,#2120,
#2121,#2122,#2123,#2124,#2125,#2126,#2127));
#2129=AXIS2_PLACEMENT_3D('',#3005,#2377,#2378);
#2130=AXIS2_PLACEMENT_3D('',#3006,#2379,#2380);
#2131=AXIS2_PLACEMENT_3D('',#3011,#2382,#2383);
#2132=AXIS2_PLACEMENT_3D('',#3014,#2385,#2386);
#2133=AXIS2_PLACEMENT_3D('',#3015,#2387,#2388);
#2134=AXIS2_PLACEMENT_3D('',#3020,#2390,#2391);
#2135=AXIS2_PLACEMENT_3D('',#3042,#2392,#2393);
#2136=AXIS2_PLACEMENT_3D('',#3045,#2395,#2396);
#2137=AXIS2_PLACEMENT_3D('',#3046,#2397,#2398);
#2138=AXIS2_PLACEMENT_3D('',#3049,#2399,#2400);
#2139=AXIS2_PLACEMENT_3D('',#3053,#2402,#2403);
#2140=AXIS2_PLACEMENT_3D('',#3055,#2405,#2406);
#2141=AXIS2_PLACEMENT_3D('',#3063,#2407,#2408);
#2142=AXIS2_PLACEMENT_3D('',#3065,#2409,#2410);
#2143=AXIS2_PLACEMENT_3D('',#3066,#2411,#2412);
#2144=AXIS2_PLACEMENT_3D('',#3068,#2413,#2414);
#2145=AXIS2_PLACEMENT_3D('',#3078,#2415,#2416);
#2146=AXIS2_PLACEMENT_3D('',#3083,#2419,#2420);
#2147=AXIS2_PLACEMENT_3D('',#3085,#2422,#2423);
#2148=AXIS2_PLACEMENT_3D('',#3093,#2427,#2428);
#2149=AXIS2_PLACEMENT_3D('',#3098,#2431,#2432);
#2150=AXIS2_PLACEMENT_3D('',#3100,#2433,#2434);
#2151=AXIS2_PLACEMENT_3D('',#3102,#2435,#2436);
#2152=AXIS2_PLACEMENT_3D('',#3103,#2437,#2438);
#2153=AXIS2_PLACEMENT_3D('',#3108,#2441,#2442);
#2154=AXIS2_PLACEMENT_3D('',#3110,#2443,#2444);
#2155=AXIS2_PLACEMENT_3D('',#3111,#2445,#2446);
#2156=AXIS2_PLACEMENT_3D('',#3114,#2448,#2449);
#2157=AXIS2_PLACEMENT_3D('',#3115,#2450,#2451);
#2158=AXIS2_PLACEMENT_3D('',#3116,#2452,#2453);
#2159=AXIS2_PLACEMENT_3D('',#3118,#2455,#2456);
#2160=AXIS2_PLACEMENT_3D('',#3119,#2457,#2458);
#2161=AXIS2_PLACEMENT_3D('',#3125,#2461,#2462);
#2162=AXIS2_PLACEMENT_3D('',#3129,#2464,#2465);
#2163=AXIS2_PLACEMENT_3D('',#3137,#2470,#2471);
#2164=AXIS2_PLACEMENT_3D('',#3139,#2473,#2474);
#2165=AXIS2_PLACEMENT_3D('',#3141,#2476,#2477);
#2166=AXIS2_PLACEMENT_3D('',#3145,#2480,#2481);
#2167=AXIS2_PLACEMENT_3D('',#3149,#2483,#2484);
#2168=AXIS2_PLACEMENT_3D('',#3155,#2488,#2489);
#2169=AXIS2_PLACEMENT_3D('',#3157,#2490,#2491);
#2170=AXIS2_PLACEMENT_3D('',#3159,#2492,#2493);
#2171=AXIS2_PLACEMENT_3D('',#3160,#2494,#2495);
#2172=AXIS2_PLACEMENT_3D('',#3163,#2496,#2497);
#2173=AXIS2_PLACEMENT_3D('',#3167,#2499,#2500);
#2174=AXIS2_PLACEMENT_3D('',#3180,#2502,#2503);
#2175=AXIS2_PLACEMENT_3D('',#3181,#2504,#2505);
#2176=AXIS2_PLACEMENT_3D('',#3182,#2506,#2507);
#2177=AXIS2_PLACEMENT_3D('',#3183,#2508,#2509);
#2178=AXIS2_PLACEMENT_3D('',#3186,#2510,#2511);
#2179=AXIS2_PLACEMENT_3D('',#3187,#2512,#2513);
#2180=AXIS2_PLACEMENT_3D('',#3188,#2514,#2515);
#2181=AXIS2_PLACEMENT_3D('',#3189,#2516,#2517);
#2182=AXIS2_PLACEMENT_3D('',#3192,#2518,#2519);
#2183=AXIS2_PLACEMENT_3D('',#3193,#2520,#2521);
#2184=AXIS2_PLACEMENT_3D('',#3194,#2522,#2523);
#2185=AXIS2_PLACEMENT_3D('',#3232,#2524,#2525);
#2186=AXIS2_PLACEMENT_3D('',#3247,#2526,#2527);
#2187=AXIS2_PLACEMENT_3D('',#3250,#2528,#2529);
#2188=AXIS2_PLACEMENT_3D('',#3253,#2532,#2533);
#2189=AXIS2_PLACEMENT_3D('',#3255,#2534,#2535);
#2190=AXIS2_PLACEMENT_3D('',#3258,#2537,#2538);
#2191=AXIS2_PLACEMENT_3D('',#3259,#2539,#2540);
#2192=AXIS2_PLACEMENT_3D('',#3261,#2541,#2542);
#2193=AXIS2_PLACEMENT_3D('',#3280,#2543,#2544);
#2194=AXIS2_PLACEMENT_3D('',#3286,#2547,#2548);
#2195=AXIS2_PLACEMENT_3D('',#3290,#2550,#2551);
#2196=AXIS2_PLACEMENT_3D('',#3296,#2554,#2555);
#2197=AXIS2_PLACEMENT_3D('',#3297,#2556,#2557);
#2198=AXIS2_PLACEMENT_3D('',#3298,#2558,#2559);
#2199=AXIS2_PLACEMENT_3D('',#3301,#2560,#2561);
#2200=AXIS2_PLACEMENT_3D('',#3305,#2563,#2564);
#2201=AXIS2_PLACEMENT_3D('',#3344,#2566,#2567);
#2202=AXIS2_PLACEMENT_3D('',#3359,#2568,#2569);
#2203=AXIS2_PLACEMENT_3D('',#3362,#2570,#2571);
#2204=AXIS2_PLACEMENT_3D('',#3363,#2572,#2573);
#2205=AXIS2_PLACEMENT_3D('',#3364,#2574,#2575);
#2206=AXIS2_PLACEMENT_3D('',#3365,#2576,#2577);
#2207=AXIS2_PLACEMENT_3D('',#3368,#2578,#2579);
#2208=AXIS2_PLACEMENT_3D('',#3369,#2580,#2581);
#2209=AXIS2_PLACEMENT_3D('',#3370,#2582,#2583);
#2210=AXIS2_PLACEMENT_3D('',#3382,#2584,#2585);
#2211=AXIS2_PLACEMENT_3D('',#3383,#2586,#2587);
#2212=AXIS2_PLACEMENT_3D('',#3384,#2588,#2589);
#2213=AXIS2_PLACEMENT_3D('',#3385,#2590,#2591);
#2214=AXIS2_PLACEMENT_3D('',#3388,#2592,#2593);
#2215=AXIS2_PLACEMENT_3D('',#3391,#2596,#2597);
#2216=AXIS2_PLACEMENT_3D('',#3393,#2598,#2599);
#2217=AXIS2_PLACEMENT_3D('',#3395,#2600,#2601);
#2218=AXIS2_PLACEMENT_3D('',#3397,#2602,#2603);
#2219=AXIS2_PLACEMENT_3D('',#3403,#2606,#2607);
#2220=AXIS2_PLACEMENT_3D('',#3407,#2609,#2610);
#2221=AXIS2_PLACEMENT_3D('',#3411,#2613,#2614);
#2222=AXIS2_PLACEMENT_3D('',#3413,#2615,#2616);
#2223=AXIS2_PLACEMENT_3D('',#3428,#2617,#2618);
#2224=AXIS2_PLACEMENT_3D('',#3430,#2619,#2620);
#2225=AXIS2_PLACEMENT_3D('',#3432,#2622,#2623);
#2226=AXIS2_PLACEMENT_3D('',#3436,#2625,#2626);
#2227=AXIS2_PLACEMENT_3D('',#3514,#2631,#2632);
#2228=AXIS2_PLACEMENT_3D('',#3515,#2633,#2634);
#2229=AXIS2_PLACEMENT_3D('',#3517,#2635,#2636);
#2230=AXIS2_PLACEMENT_3D('',#3521,#2638,#2639);
#2231=AXIS2_PLACEMENT_3D('',#3524,#2641,#2642);
#2232=AXIS2_PLACEMENT_3D('',#3525,#2643,#2644);
#2233=AXIS2_PLACEMENT_3D('',#3529,#2646,#2647);
#2234=AXIS2_PLACEMENT_3D('',#3531,#2649,#2650);
#2235=AXIS2_PLACEMENT_3D('',#3534,#2652,#2653);
#2236=AXIS2_PLACEMENT_3D('',#3535,#2654,#2655);
#2237=AXIS2_PLACEMENT_3D('',#3652,#2662,#2663);
#2238=AXIS2_PLACEMENT_3D('',#3653,#2664,#2665);
#2239=AXIS2_PLACEMENT_3D('',#3659,#2669,#2670);
#2240=AXIS2_PLACEMENT_3D('',#3663,#2672,#2673);
#2241=AXIS2_PLACEMENT_3D('',#3668,#2676,#2677);
#2242=AXIS2_PLACEMENT_3D('',#3670,#2678,#2679);
#2243=AXIS2_PLACEMENT_3D('',#3672,#2680,#2681);
#2244=AXIS2_PLACEMENT_3D('',#3673,#2682,#2683);
#2245=AXIS2_PLACEMENT_3D('',#3675,#2684,#2685);
#2246=AXIS2_PLACEMENT_3D('',#3676,#2686,#2687);
#2247=AXIS2_PLACEMENT_3D('',#3678,#2688,#2689);
#2248=AXIS2_PLACEMENT_3D('',#3680,#2690,#2691);
#2249=AXIS2_PLACEMENT_3D('',#3682,#2692,#2693);
#2250=AXIS2_PLACEMENT_3D('',#3683,#2694,#2695);
#2251=AXIS2_PLACEMENT_3D('',#3684,#2696,#2697);
#2252=AXIS2_PLACEMENT_3D('',#3685,#2698,#2699);
#2253=AXIS2_PLACEMENT_3D('',#3686,#2700,#2701);
#2254=AXIS2_PLACEMENT_3D('',#3687,#2702,#2703);
#2255=AXIS2_PLACEMENT_3D('',#3693,#2706,#2707);
#2256=AXIS2_PLACEMENT_3D('',#3695,#2709,#2710);
#2257=AXIS2_PLACEMENT_3D('',#3710,#2711,#2712);
#2258=AXIS2_PLACEMENT_3D('',#3730,#2713,#2714);
#2259=AXIS2_PLACEMENT_3D('',#3731,#2715,#2716);
#2260=AXIS2_PLACEMENT_3D('',#3734,#2718,#2719);
#2261=AXIS2_PLACEMENT_3D('',#3735,#2720,#2721);
#2262=AXIS2_PLACEMENT_3D('',#3737,#2723,#2724);
#2263=AXIS2_PLACEMENT_3D('',#3752,#2725,#2726);
#2264=AXIS2_PLACEMENT_3D('',#3771,#2727,#2728);
#2265=AXIS2_PLACEMENT_3D('',#3773,#2730,#2731);
#2266=AXIS2_PLACEMENT_3D('',#3777,#2734,#2735);
#2267=AXIS2_PLACEMENT_3D('',#3778,#2736,#2737);
#2268=AXIS2_PLACEMENT_3D('',#3779,#2738,#2739);
#2269=AXIS2_PLACEMENT_3D('',#3780,#2740,#2741);
#2270=AXIS2_PLACEMENT_3D('',#3781,#2742,#2743);
#2271=AXIS2_PLACEMENT_3D('',#3783,#2744,#2745);
#2272=AXIS2_PLACEMENT_3D('',#3892,#2748,#2749);
#2273=AXIS2_PLACEMENT_3D('',#3894,#2751,#2752);
#2274=AXIS2_PLACEMENT_3D('',#3896,#2754,#2755);
#2275=AXIS2_PLACEMENT_3D('',#3933,#2759,#2760);
#2276=AXIS2_PLACEMENT_3D('',#3964,#2761,#2762);
#2277=AXIS2_PLACEMENT_3D('',#3965,#2763,#2764);
#2278=AXIS2_PLACEMENT_3D('',#3981,#2766,#2767);
#2279=AXIS2_PLACEMENT_3D('',#3983,#2769,#2770);
#2280=AXIS2_PLACEMENT_3D('',#3998,#2773,#2774);
#2281=AXIS2_PLACEMENT_3D('',#4054,#2777,#2778);
#2282=AXIS2_PLACEMENT_3D('',#4098,#2780,#2781);
#2283=AXIS2_PLACEMENT_3D('',#4152,#2783,#2784);
#2284=AXIS2_PLACEMENT_3D('',#4153,#2785,#2786);
#2285=AXIS2_PLACEMENT_3D('',#4168,#2787,#2788);
#2286=AXIS2_PLACEMENT_3D('',#4170,#2789,#2790);
#2287=AXIS2_PLACEMENT_3D('',#4172,#2792,#2793);
#2288=AXIS2_PLACEMENT_3D('',#4174,#2794,#2795);
#2289=AXIS2_PLACEMENT_3D('',#4175,#2796,#2797);
#2290=AXIS2_PLACEMENT_3D('',#4176,#2798,#2799);
#2291=AXIS2_PLACEMENT_3D('',#4192,#2801,#2802);
#2292=AXIS2_PLACEMENT_3D('',#4193,#2803,#2804);
#2293=AXIS2_PLACEMENT_3D('',#4196,#2806,#2807);
#2294=AXIS2_PLACEMENT_3D('',#4197,#2808,#2809);
#2295=AXIS2_PLACEMENT_3D('',#4200,#2811,#2812);
#2296=AXIS2_PLACEMENT_3D('',#4202,#2814,#2815);
#2297=AXIS2_PLACEMENT_3D('',#4204,#2816,#2817);
#2298=AXIS2_PLACEMENT_3D('',#4207,#2819,#2820);
#2299=AXIS2_PLACEMENT_3D('',#4208,#2821,#2822);
#2300=AXIS2_PLACEMENT_3D('',#4210,#2823,#2824);
#2301=AXIS2_PLACEMENT_3D('',#4211,#2825,#2826);
#2302=AXIS2_PLACEMENT_3D('',#4212,#2827,#2828);
#2303=AXIS2_PLACEMENT_3D('',#4214,#2829,#2830);
#2304=AXIS2_PLACEMENT_3D('',#4215,#2831,#2832);
#2305=AXIS2_PLACEMENT_3D('',#4216,#2833,#2834);
#2306=AXIS2_PLACEMENT_3D('',#4217,#2835,#2836);
#2307=AXIS2_PLACEMENT_3D('',#4218,#2837,#2838);
#2308=AXIS2_PLACEMENT_3D('',#4220,#2839,#2840);
#2309=AXIS2_PLACEMENT_3D('',#4221,#2841,#2842);
#2310=AXIS2_PLACEMENT_3D('',#4222,#2843,#2844);
#2311=AXIS2_PLACEMENT_3D('',#4224,#2845,#2846);
#2312=AXIS2_PLACEMENT_3D('',#4225,#2847,#2848);
#2313=AXIS2_PLACEMENT_3D('',#4226,#2849,#2850);
#2314=AXIS2_PLACEMENT_3D('',#4228,#2851,#2852);
#2315=AXIS2_PLACEMENT_3D('',#4229,#2853,#2854);
#2316=AXIS2_PLACEMENT_3D('',#4230,#2855,#2856);
#2317=AXIS2_PLACEMENT_3D('',#4232,#2858,#2859);
#2318=AXIS2_PLACEMENT_3D('',#4236,#2862,#2863);
#2319=AXIS2_PLACEMENT_3D('',#4237,#2864,#2865);
#2320=AXIS2_PLACEMENT_3D('',#4239,#2867,#2868);
#2321=AXIS2_PLACEMENT_3D('',#4240,#2869,#2870);
#2322=AXIS2_PLACEMENT_3D('',#4241,#2871,#2872);
#2323=AXIS2_PLACEMENT_3D('',#4242,#2873,#2874);
#2324=AXIS2_PLACEMENT_3D('',#4244,#2875,#2876);
#2325=AXIS2_PLACEMENT_3D('',#4246,#2877,#2878);
#2326=AXIS2_PLACEMENT_3D('',#4247,#2879,#2880);
#2327=AXIS2_PLACEMENT_3D('',#4248,#2881,#2882);
#2328=AXIS2_PLACEMENT_3D('',#4251,#2884,#2885);
#2329=AXIS2_PLACEMENT_3D('',#4254,#2887,#2888);
#2330=AXIS2_PLACEMENT_3D('',#4255,#2889,#2890);
#2331=AXIS2_PLACEMENT_3D('',#4257,#2891,#2892);
#2332=AXIS2_PLACEMENT_3D('',#4259,#2893,#2894);
#2333=AXIS2_PLACEMENT_3D('',#4260,#2895,#2896);
#2334=AXIS2_PLACEMENT_3D('',#4261,#2897,#2898);
#2335=AXIS2_PLACEMENT_3D('',#4265,#2900,#2901);
#2336=AXIS2_PLACEMENT_3D('',#4267,#2903,#2904);
#2337=AXIS2_PLACEMENT_3D('',#4269,#2906,#2907);
#2338=AXIS2_PLACEMENT_3D('',#4271,#2908,#2909);
#2339=AXIS2_PLACEMENT_3D('',#4272,#2910,#2911);
#2340=AXIS2_PLACEMENT_3D('',#4274,#2912,#2913);
#2341=AXIS2_PLACEMENT_3D('',#4275,#2914,#2915);
#2342=AXIS2_PLACEMENT_3D('',#4276,#2916,#2917);
#2343=AXIS2_PLACEMENT_3D('',#4277,#2918,#2919);
#2344=AXIS2_PLACEMENT_3D('',#4278,#2920,#2921);
#2345=AXIS2_PLACEMENT_3D('',#4280,#2923,#2924);
#2346=AXIS2_PLACEMENT_3D('',#4281,#2925,#2926);
#2347=AXIS2_PLACEMENT_3D('',#4283,#2927,#2928);
#2348=AXIS2_PLACEMENT_3D('',#4284,#2929,#2930);
#2349=AXIS2_PLACEMENT_3D('',#4288,#2933,#2934);
#2350=AXIS2_PLACEMENT_3D('',#4290,#2935,#2936);
#2351=AXIS2_PLACEMENT_3D('',#4294,#2938,#2939);
#2352=AXIS2_PLACEMENT_3D('',#4296,#2941,#2942);
#2353=AXIS2_PLACEMENT_3D('',#4299,#2945,#2946);
#2354=AXIS2_PLACEMENT_3D('',#4300,#2947,#2948);
#2355=AXIS2_PLACEMENT_3D('',#4303,#2951,#2952);
#2356=AXIS2_PLACEMENT_3D('',#4305,#2954,#2955);
#2357=AXIS2_PLACEMENT_3D('',#4306,#2956,#2957);
#2358=AXIS2_PLACEMENT_3D('',#4309,#2960,#2961);
#2359=AXIS2_PLACEMENT_3D('',#4310,#2962,#2963);
#2360=AXIS2_PLACEMENT_3D('',#4312,#2965,#2966);
#2361=AXIS2_PLACEMENT_3D('',#4313,#2967,#2968);
#2362=AXIS2_PLACEMENT_3D('',#4314,#2969,#2970);
#2363=AXIS2_PLACEMENT_3D('',#4316,#2971,#2972);
#2364=AXIS2_PLACEMENT_3D('',#4319,#2975,#2976);
#2365=AXIS2_PLACEMENT_3D('',#4320,#2977,#2978);
#2366=AXIS2_PLACEMENT_3D('',#4321,#2979,#2980);
#2367=AXIS2_PLACEMENT_3D('',#4322,#2981,#2982);
#2368=AXIS2_PLACEMENT_3D('',#4323,#2983,#2984);
#2369=AXIS2_PLACEMENT_3D('',#4325,#2986,#2987);
#2370=AXIS2_PLACEMENT_3D('',#4327,#2989,#2990);
#2371=AXIS2_PLACEMENT_3D('',#4328,#2991,#2992);
#2372=AXIS2_PLACEMENT_3D('',#4329,#2993,#2994);
#2373=AXIS2_PLACEMENT_3D('',#4330,#2995,#2996);
#2374=AXIS2_PLACEMENT_3D('',#4332,#2997,#2998);
#2375=AXIS2_PLACEMENT_3D('',#4334,#3000,#3001);
#2376=AXIS2_PLACEMENT_3D('',#4336,#3003,#3004);
#2377=DIRECTION('axis',(0.,0.,1.));
#2378=DIRECTION('refdir',(1.,0.,0.));
#2379=DIRECTION('center_axis',(-1.,0.,0.));
#2380=DIRECTION('ref_axis',(0.,1.,0.));
#2381=DIRECTION('',(-1.,0.,0.));
#2382=DIRECTION('center_axis',(-1.,0.,0.));
#2383=DIRECTION('ref_axis',(0.,1.,0.));
#2384=DIRECTION('',(-1.,0.,0.));
#2385=DIRECTION('center_axis',(-1.,0.,0.));
#2386=DIRECTION('ref_axis',(0.,1.,0.));
#2387=DIRECTION('center_axis',(-1.,0.,0.));
#2388=DIRECTION('ref_axis',(0.,1.,0.));
#2389=DIRECTION('',(-1.,0.,0.));
#2390=DIRECTION('center_axis',(-1.,0.,0.));
#2391=DIRECTION('ref_axis',(0.,1.,0.));
#2392=DIRECTION('center_axis',(-1.,0.,0.));
#2393=DIRECTION('ref_axis',(0.,1.,0.));
#2394=DIRECTION('',(-1.,0.,0.));
#2395=DIRECTION('center_axis',(-1.,0.,0.));
#2396=DIRECTION('ref_axis',(0.,1.,0.));
#2397=DIRECTION('center_axis',(0.,-1.,0.));
#2398=DIRECTION('ref_axis',(-0.707106781186547,0.,-0.707106781186547));
#2399=DIRECTION('center_axis',(0.,-1.,0.));
#2400=DIRECTION('ref_axis',(-0.707106781186547,0.,-0.707106781186547));
#2401=DIRECTION('',(0.,-1.,0.));
#2402=DIRECTION('center_axis',(0.,1.,0.));
#2403=DIRECTION('ref_axis',(0.,0.,-1.));
#2404=DIRECTION('',(0.,1.,0.));
#2405=DIRECTION('center_axis',(0.,0.,1.));
#2406=DIRECTION('ref_axis',(1.,0.,0.));
#2407=DIRECTION('center_axis',(0.,0.,1.));
#2408=DIRECTION('ref_axis',(0.,-1.,0.));
#2409=DIRECTION('center_axis',(3.26572448952673E-16,-1.,0.));
#2410=DIRECTION('ref_axis',(0.,0.,-1.));
#2411=DIRECTION('center_axis',(0.,0.,-1.));
#2412=DIRECTION('ref_axis',(0.,-1.,0.));
#2413=DIRECTION('center_axis',(0.,0.,1.));
#2414=DIRECTION('ref_axis',(0.,-1.,0.));
#2415=DIRECTION('center_axis',(0.,1.,0.));
#2416=DIRECTION('ref_axis',(0.707106781186549,0.,-0.707106781186546));
#2417=DIRECTION('',(0.,-1.,0.));
#2418=DIRECTION('',(0.,1.,0.));
#2419=DIRECTION('center_axis',(0.,-1.,0.));
#2420=DIRECTION('ref_axis',(0.707106781186549,0.,-0.707106781186546));
#2421=DIRECTION('',(0.,-1.,0.));
#2422=DIRECTION('center_axis',(0.,1.,0.));
#2423=DIRECTION('ref_axis',(-1.,0.,0.));
#2424=DIRECTION('',(0.,0.,1.));
#2425=DIRECTION('',(-1.,0.,1.22464679914735E-16));
#2426=DIRECTION('',(2.22044604925031E-16,0.,1.));
#2427=DIRECTION('center_axis',(0.,1.,0.));
#2428=DIRECTION('ref_axis',(-1.,0.,2.96059473233375E-15));
#2429=DIRECTION('',(2.22044604925031E-16,0.,1.));
#2430=DIRECTION('',(-1.,0.,0.));
#2431=DIRECTION('center_axis',(0.,-1.,0.));
#2432=DIRECTION('ref_axis',(-1.,0.,0.));
#2433=DIRECTION('center_axis',(0.,-1.,0.));
#2434=DIRECTION('ref_axis',(-1.,0.,0.));
#2435=DIRECTION('center_axis',(0.,1.,0.));
#2436=DIRECTION('ref_axis',(-1.,0.,0.));
#2437=DIRECTION('center_axis',(1.,0.,0.));
#2438=DIRECTION('ref_axis',(0.,0.,-1.));
#2439=DIRECTION('',(-1.22464679914735E-16,0.,-1.));
#2440=DIRECTION('',(0.,-1.,0.));
#2441=DIRECTION('center_axis',(1.,0.,0.));
#2442=DIRECTION('ref_axis',(0.,1.,0.));
#2443=DIRECTION('center_axis',(1.,0.,0.));
#2444=DIRECTION('ref_axis',(0.,-1.,0.));
#2445=DIRECTION('center_axis',(-1.22464679914735E-16,0.,-1.));
#2446=DIRECTION('ref_axis',(-1.,0.,1.22464679914735E-16));
#2447=DIRECTION('',(-1.22464679914735E-16,0.,-1.));
#2448=DIRECTION('center_axis',(1.22464679914735E-16,0.,1.));
#2449=DIRECTION('ref_axis',(-6.44550946919657E-18,-1.,0.));
#2450=DIRECTION('center_axis',(-1.,0.,0.));
#2451=DIRECTION('ref_axis',(0.,1.,0.));
#2452=DIRECTION('center_axis',(-1.,0.,0.));
#2453=DIRECTION('ref_axis',(0.,1.,0.));
#2454=DIRECTION('',(-1.,0.,0.));
#2455=DIRECTION('center_axis',(-1.,0.,0.));
#2456=DIRECTION('ref_axis',(0.,1.,0.));
#2457=DIRECTION('center_axis',(0.,0.,1.));
#2458=DIRECTION('ref_axis',(-1.,0.,0.));
#2459=DIRECTION('',(0.012498990590833,0.999921884566095,0.));
#2460=DIRECTION('',(1.,0.,0.));
#2461=DIRECTION('center_axis',(0.,0.,-1.));
#2462=DIRECTION('ref_axis',(0.707106781186554,-0.707106781186541,0.));
#2463=DIRECTION('',(0.,1.,0.));
#2464=DIRECTION('center_axis',(0.,0.,-1.));
#2465=DIRECTION('ref_axis',(0.707106781186554,0.707106781186541,0.));
#2466=DIRECTION('',(-1.,0.,0.));
#2467=DIRECTION('',(0.012498990590833,0.999921884566095,0.));
#2468=DIRECTION('',(0.,-1.,0.));
#2469=DIRECTION('',(-1.,0.,0.));
#2470=DIRECTION('center_axis',(1.,0.,0.));
#2471=DIRECTION('ref_axis',(0.,1.,0.));
#2472=DIRECTION('',(-1.22464679914735E-16,0.,-1.));
#2473=DIRECTION('center_axis',(1.,0.,0.));
#2474=DIRECTION('ref_axis',(0.,1.,0.));
#2475=DIRECTION('',(2.22044604925031E-16,0.,1.));
#2476=DIRECTION('center_axis',(-1.,0.,0.));
#2477=DIRECTION('ref_axis',(0.,1.,0.));
#2478=DIRECTION('',(2.22044604925031E-16,0.,1.));
#2479=DIRECTION('',(0.,1.,0.));
#2480=DIRECTION('center_axis',(0.,1.,0.));
#2481=DIRECTION('ref_axis',(-1.,0.,0.));
#2482=DIRECTION('',(-1.38777878078145E-16,0.,-1.));
#2483=DIRECTION('center_axis',(0.,1.,0.));
#2484=DIRECTION('ref_axis',(1.,0.,0.));
#2485=DIRECTION('',(-1.38777878078145E-16,0.,-1.));
#2486=DIRECTION('',(-1.,0.,1.22464679914735E-16));
#2487=DIRECTION('',(-1.,0.,0.));
#2488=DIRECTION('center_axis',(0.,-1.,0.));
#2489=DIRECTION('ref_axis',(-1.,0.,0.));
#2490=DIRECTION('center_axis',(0.,-1.,0.));
#2491=DIRECTION('ref_axis',(-1.,0.,0.));
#2492=DIRECTION('center_axis',(0.,-1.,0.));
#2493=DIRECTION('ref_axis',(-1.,0.,0.));
#2494=DIRECTION('center_axis',(-1.,0.,0.));
#2495=DIRECTION('ref_axis',(0.,0.707106781186551,-0.707106781186544));
#2496=DIRECTION('center_axis',(-0.999921884566095,0.012498990590833,0.));
#2497=DIRECTION('ref_axis',(0.012498990590833,0.999921884566095,4.44054519628743E-15));
#2498=DIRECTION('',(1.,0.,0.));
#2499=DIRECTION('center_axis',(1.,0.,0.));
#2500=DIRECTION('ref_axis',(0.,0.,-1.));
#2501=DIRECTION('',(-1.,0.,0.));
#2502=DIRECTION('center_axis',(0.0817941841529947,-0.99664924192955,0.));
#2503=DIRECTION('ref_axis',(0.,0.,-1.));
#2504=DIRECTION('center_axis',(0.,0.,1.));
#2505=DIRECTION('ref_axis',(0.677571330505874,0.735457063380657,0.));
#2506=DIRECTION('center_axis',(0.,0.,-1.));
#2507=DIRECTION('ref_axis',(0.677571330505874,0.735457063380657,0.));
#2508=DIRECTION('center_axis',(0.,0.,1.));
#2509=DIRECTION('ref_axis',(1.,0.,0.));
#2510=DIRECTION('center_axis',(0.572542980038549,-0.819874707506323,0.));
#2511=DIRECTION('ref_axis',(0.,0.,-1.));
#2512=DIRECTION('center_axis',(0.,0.,-1.));
#2513=DIRECTION('ref_axis',(-0.94082326176828,-0.338897610076693,0.));
#2514=DIRECTION('center_axis',(0.,0.,1.));
#2515=DIRECTION('ref_axis',(-0.94082326176828,-0.338897610076693,0.));
#2516=DIRECTION('center_axis',(0.,0.,-1.));
#2517=DIRECTION('ref_axis',(-1.,0.,0.));
#2518=DIRECTION('center_axis',(0.390712312665738,-0.920512840068725,1.02197454950739E-15));
#2519=DIRECTION('ref_axis',(0.,-1.11022302462516E-15,-1.));
#2520=DIRECTION('center_axis',(0.,0.,1.));
#2521=DIRECTION('ref_axis',(0.876754489261389,0.480938213869516,0.));
#2522=DIRECTION('center_axis',(0.,0.,-1.));
#2523=DIRECTION('ref_axis',(0.876754489261389,0.480938213869516,0.));
#2524=DIRECTION('center_axis',(-3.73292400201546E-15,-8.42135175897619E-15,
1.));
#2525=DIRECTION('ref_axis',(0.605590296065879,-0.795776597614457,-4.44089209850063E-15));
#2526=DIRECTION('center_axis',(1.14940858009607E-16,8.74706147941126E-17,
1.));
#2527=DIRECTION('ref_axis',(0.91420993662505,-0.405240905852335,0.));
#2528=DIRECTION('center_axis',(0.,0.,1.));
#2529=DIRECTION('ref_axis',(0.91420993662505,-0.405240905852335,0.));
#2530=DIRECTION('',(-1.22464679914735E-16,0.,-1.));
#2531=DIRECTION('',(0.,0.,1.));
#2532=DIRECTION('center_axis',(0.,0.,-1.));
#2533=DIRECTION('ref_axis',(-1.,0.,0.));
#2534=DIRECTION('center_axis',(0.,0.,-1.));
#2535=DIRECTION('ref_axis',(-1.,0.,0.));
#2536=DIRECTION('',(0.,0.,-1.));
#2537=DIRECTION('center_axis',(0.,0.,1.));
#2538=DIRECTION('ref_axis',(-1.,0.,0.));
#2539=DIRECTION('center_axis',(0.,0.,-1.));
#2540=DIRECTION('ref_axis',(-1.,0.,0.));
#2541=DIRECTION('center_axis',(0.,0.,1.));
#2542=DIRECTION('ref_axis',(-1.,0.,0.));
#2543=DIRECTION('center_axis',(0.,0.,-1.));
#2544=DIRECTION('ref_axis',(1.,0.,0.));
#2545=DIRECTION('',(0.012498990590833,0.999921884566095,0.));
#2546=DIRECTION('',(-1.,0.,0.));
#2547=DIRECTION('center_axis',(0.,0.,1.));
#2548=DIRECTION('ref_axis',(0.707106781186554,0.707106781186541,0.));
#2549=DIRECTION('',(0.,-1.,0.));
#2550=DIRECTION('center_axis',(0.,0.,1.));
#2551=DIRECTION('ref_axis',(0.707106781186554,-0.707106781186541,0.));
#2552=DIRECTION('',(-1.,0.,0.));
#2553=DIRECTION('',(-0.012498990590833,-0.999921884566095,0.));
#2554=DIRECTION('center_axis',(0.,0.,1.));
#2555=DIRECTION('ref_axis',(0.702351504067705,0.711830292087822,0.));
#2556=DIRECTION('center_axis',(0.,0.,-1.));
#2557=DIRECTION('ref_axis',(0.707106766943383,-0.707106795429712,0.));
#2558=DIRECTION('center_axis',(-1.14594544297753E-16,8.99991231460306E-17,
-1.));
#2559=DIRECTION('ref_axis',(-0.917555747412945,-0.397607155857979,0.));
#2560=DIRECTION('center_axis',(0.,0.,-1.));
#2561=DIRECTION('ref_axis',(-0.617654150832014,-0.78644983944304,0.));
#2562=DIRECTION('',(1.22464679914735E-16,0.,1.));
#2563=DIRECTION('center_axis',(0.,0.,1.));
#2564=DIRECTION('ref_axis',(-0.917555747412945,-0.397607155857979,0.));
#2565=DIRECTION('',(0.,0.,-1.));
#2566=DIRECTION('center_axis',(0.392575198857839,0.919719910212739,-6.52855403104252E-13));
#2567=DIRECTION('ref_axis',(-2.22044604925031E-13,-6.15063555642336E-13,
-1.));
#2568=DIRECTION('center_axis',(0.,0.,1.));
#2569=DIRECTION('ref_axis',(1.,0.,0.));
#2570=DIRECTION('center_axis',(0.572543020442303,0.819874679291173,0.));
#2571=DIRECTION('ref_axis',(0.,0.,-1.));
#2572=DIRECTION('center_axis',(0.,0.,1.));
#2573=DIRECTION('ref_axis',(-0.876185455512588,0.481974115018844,0.));
#2574=DIRECTION('center_axis',(0.,0.,-1.));
#2575=DIRECTION('ref_axis',(-0.876185455512588,0.481974115018844,0.));
#2576=DIRECTION('center_axis',(0.,0.,-1.));
#2577=DIRECTION('ref_axis',(-1.,0.,0.));
#2578=DIRECTION('center_axis',(0.081794249203044,0.996649236590943,0.));
#2579=DIRECTION('ref_axis',(0.,0.,-1.));
#2580=DIRECTION('center_axis',(0.,0.,-1.));
#2581=DIRECTION('ref_axis',(0.940823242358061,-0.338897663961947,0.));
#2582=DIRECTION('center_axis',(0.,0.,1.));
#2583=DIRECTION('ref_axis',(0.940823242358061,-0.338897663961947,0.));
#2584=DIRECTION('center_axis',(1.,0.,0.));
#2585=DIRECTION('ref_axis',(0.,0.,-1.));
#2586=DIRECTION('center_axis',(0.,0.,1.));
#2587=DIRECTION('ref_axis',(-0.677571306504695,0.735457085492771,0.));
#2588=DIRECTION('center_axis',(0.,0.,-1.));
#2589=DIRECTION('ref_axis',(-0.677571306504695,0.735457085492771,0.));
#2590=DIRECTION('center_axis',(1.,0.,0.));
#2591=DIRECTION('ref_axis',(0.,0.707106781186551,-0.707106781186544));
#2592=DIRECTION('center_axis',(0.999921883746723,0.0124990561405774,0.));
#2593=DIRECTION('ref_axis',(-0.0124990561405774,0.999921883746723,4.44054519264868E-15));
#2594=DIRECTION('',(-1.,0.,0.));
#2595=DIRECTION('',(1.,0.,0.));
#2596=DIRECTION('center_axis',(0.,0.,-1.));
#2597=DIRECTION('ref_axis',(1.,0.,0.));
#2598=DIRECTION('center_axis',(0.,0.,1.));
#2599=DIRECTION('ref_axis',(1.,-1.22464679914735E-16,0.));
#2600=DIRECTION('center_axis',(0.,0.,-1.));
#2601=DIRECTION('ref_axis',(-0.706136834539295,-0.70807539916793,0.));
#2602=DIRECTION('center_axis',(0.,0.,1.));
#2603=DIRECTION('ref_axis',(-0.702349586945521,0.71183218367636,0.));
#2604=DIRECTION('',(-0.0124990561405774,0.999921883746723,0.));
#2605=DIRECTION('',(-0.999999838583884,-0.000568183250267063,0.));
#2606=DIRECTION('center_axis',(0.,0.,1.));
#2607=DIRECTION('ref_axis',(-0.706704900818894,-0.707508433277341,0.));
#2608=DIRECTION('',(-0.000568183250265974,0.999999838583884,0.));
#2609=DIRECTION('center_axis',(0.,0.,1.));
#2610=DIRECTION('ref_axis',(-0.707508433277328,0.706704900818906,0.));
#2611=DIRECTION('',(0.999999838583884,0.000568183250266619,0.));
#2612=DIRECTION('',(0.0124990561405774,-0.999921883746723,0.));
#2613=DIRECTION('center_axis',(0.,0.,1.));
#2614=DIRECTION('ref_axis',(1.,0.,0.));
#2615=DIRECTION('center_axis',(0.,0.,-1.));
#2616=DIRECTION('ref_axis',(1.,-1.22464679914735E-16,0.));
#2617=DIRECTION('center_axis',(0.,0.,-1.));
#2618=DIRECTION('ref_axis',(0.958226463838188,-0.286010566238666,0.));
#2619=DIRECTION('center_axis',(0.,0.,1.));
#2620=DIRECTION('ref_axis',(-1.,0.,0.));
#2621=DIRECTION('',(0.,0.,1.));
#2622=DIRECTION('center_axis',(-1.22464679914735E-16,0.,-1.));
#2623=DIRECTION('ref_axis',(0.677571330505875,0.735457063380656,-8.29785561098035E-17));
#2624=DIRECTION('',(1.22464679914735E-16,0.,1.));
#2625=DIRECTION('center_axis',(-1.22464679914735E-16,0.,-1.));
#2626=DIRECTION('ref_axis',(0.677571330505874,0.735457063380657,-6.93889390390724E-17));
#2627=DIRECTION('',(-1.22464679914735E-16,0.,-1.));
#2628=DIRECTION('',(-1.22464679914735E-16,0.,-1.));
#2629=DIRECTION('',(-1.22464679914735E-16,0.,-1.));
#2630=DIRECTION('',(-1.22464679914735E-16,0.,-1.));
#2631=DIRECTION('center_axis',(-1.22464679914735E-16,0.,-1.));
#2632=DIRECTION('ref_axis',(-2.46402025833486E-8,-1.,3.01755450746444E-24));
#2633=DIRECTION('center_axis',(0.,0.,-1.));
#2634=DIRECTION('ref_axis',(-1.,0.,1.22464679914735E-16));
#2635=DIRECTION('center_axis',(0.,0.,1.));
#2636=DIRECTION('ref_axis',(0.707106766943383,-0.707106795429711,0.));
#2637=DIRECTION('',(0.,0.,1.));
#2638=DIRECTION('center_axis',(0.,0.,-1.));
#2639=DIRECTION('ref_axis',(-1.,0.,1.22464679914735E-16));
#2640=DIRECTION('',(0.,0.,-1.));
#2641=DIRECTION('center_axis',(0.,0.,1.));
#2642=DIRECTION('ref_axis',(-0.706136834539295,-0.70807539916793,0.));
#2643=DIRECTION('center_axis',(0.,0.,-1.));
#2644=DIRECTION('ref_axis',(-1.,0.,1.22464679914735E-16));
#2645=DIRECTION('',(-1.22464679914735E-16,0.,-1.));
#2646=DIRECTION('center_axis',(-1.22464679914735E-16,0.,-1.));
#2647=DIRECTION('ref_axis',(-2.46402025424463E-8,-1.,0.));
#2648=DIRECTION('',(1.22464679914735E-16,0.,1.));
#2649=DIRECTION('center_axis',(1.22464679914735E-16,0.,1.));
#2650=DIRECTION('ref_axis',(0.819874679291172,-0.572543020442305,-1.0040569016959E-16));
#2651=DIRECTION('',(-1.22464679914735E-16,0.,-1.));
#2652=DIRECTION('center_axis',(1.22464679914735E-16,0.,1.));
#2653=DIRECTION('ref_axis',(0.940823242358061,-0.338897663961946,-1.14642594934119E-16));
#2654=DIRECTION('center_axis',(-1.22464679914735E-16,0.,-1.));
#2655=DIRECTION('ref_axis',(-0.677571306504695,0.735457085492771,8.29785531705066E-17));
#2656=DIRECTION('',(1.22464679914735E-16,0.,1.));
#2657=DIRECTION('',(1.22464679914735E-16,0.,1.));
#2658=DIRECTION('',(1.22464679914735E-16,0.,1.));
#2659=DIRECTION('',(1.22464679914735E-16,0.,1.));
#2660=DIRECTION('',(1.22464679914735E-16,0.,1.));
#2661=DIRECTION('',(1.22464679914735E-16,0.,1.));
#2662=DIRECTION('center_axis',(-1.22464679914735E-16,0.,-1.));
#2663=DIRECTION('ref_axis',(-0.677571306504695,0.735457085492771,6.93889390390724E-17));
#2664=DIRECTION('center_axis',(0.999921883746723,0.0124990561405774,0.));
#2665=DIRECTION('ref_axis',(-0.0124990561405774,0.999921883746723,0.));
#2666=DIRECTION('',(0.,0.,-1.));
#2667=DIRECTION('',(0.0124990561405774,-0.999921883746723,0.));
#2668=DIRECTION('',(0.,0.,-1.));
#2669=DIRECTION('center_axis',(0.,1.,0.));
#2670=DIRECTION('ref_axis',(1.,0.,0.));
#2671=DIRECTION('',(0.,0.,-1.));
#2672=DIRECTION('center_axis',(0.,-1.,0.));
#2673=DIRECTION('ref_axis',(-1.,0.,2.96059473233375E-15));
#2674=DIRECTION('',(-1.38777878078145E-16,0.,-1.));
#2675=DIRECTION('',(1.,0.,-1.22464679914735E-16));
#2676=DIRECTION('center_axis',(0.,1.,0.));
#2677=DIRECTION('ref_axis',(-1.,0.,0.));
#2678=DIRECTION('center_axis',(0.,1.,0.));
#2679=DIRECTION('ref_axis',(-1.,0.,0.));
#2680=DIRECTION('center_axis',(0.,1.,0.));
#2681=DIRECTION('ref_axis',(-1.,0.,0.));
#2682=DIRECTION('center_axis',(0.,1.,0.));
#2683=DIRECTION('ref_axis',(-1.,0.,0.));
#2684=DIRECTION('center_axis',(0.,1.,0.));
#2685=DIRECTION('ref_axis',(-1.,0.,0.));
#2686=DIRECTION('center_axis',(0.,1.,0.));
#2687=DIRECTION('ref_axis',(-1.,0.,0.));
#2688=DIRECTION('center_axis',(0.,1.,0.));
#2689=DIRECTION('ref_axis',(-1.,0.,0.));
#2690=DIRECTION('center_axis',(0.,1.,0.));
#2691=DIRECTION('ref_axis',(-1.,0.,0.));
#2692=DIRECTION('center_axis',(0.,1.,0.));
#2693=DIRECTION('ref_axis',(-1.,0.,0.));
#2694=DIRECTION('center_axis',(0.,1.,0.));
#2695=DIRECTION('ref_axis',(-1.,0.,0.));
#2696=DIRECTION('center_axis',(0.,1.,0.));
#2697=DIRECTION('ref_axis',(1.,0.,0.));
#2698=DIRECTION('center_axis',(0.,1.,0.));
#2699=DIRECTION('ref_axis',(-1.,0.,0.));
#2700=DIRECTION('center_axis',(0.,1.,0.));
#2701=DIRECTION('ref_axis',(-1.,0.,0.));
#2702=DIRECTION('center_axis',(0.,1.,0.));
#2703=DIRECTION('ref_axis',(-1.,0.,0.));
#2704=DIRECTION('',(1.,0.,-1.22464679914735E-16));
#2705=DIRECTION('',(-1.38777878078145E-16,0.,-1.));
#2706=DIRECTION('center_axis',(0.,-1.,0.));
#2707=DIRECTION('ref_axis',(1.,0.,0.));
#2708=DIRECTION('',(-1.38777878078145E-16,0.,-1.));
#2709=DIRECTION('center_axis',(0.,0.,1.));
#2710=DIRECTION('ref_axis',(1.,0.,0.));
#2711=DIRECTION('center_axis',(0.,0.,1.));
#2712=DIRECTION('ref_axis',(1.,0.,0.));
#2713=DIRECTION('center_axis',(0.,0.,-1.));
#2714=DIRECTION('ref_axis',(0.702351504067705,0.711830292087822,0.));
#2715=DIRECTION('center_axis',(0.,0.,-1.));
#2716=DIRECTION('ref_axis',(-1.,0.,0.));
#2717=DIRECTION('',(0.,0.,1.));
#2718=DIRECTION('center_axis',(0.,0.,-1.));
#2719=DIRECTION('ref_axis',(-0.702349586945522,0.71183218367636,0.));
#2720=DIRECTION('center_axis',(0.,0.,1.));
#2721=DIRECTION('ref_axis',(-1.,0.,0.));
#2722=DIRECTION('',(0.,0.,-1.));
#2723=DIRECTION('center_axis',(0.,0.,-1.));
#2724=DIRECTION('ref_axis',(-1.,0.,0.));
#2725=DIRECTION('center_axis',(0.,0.,-1.));
#2726=DIRECTION('ref_axis',(-1.,0.,0.));
#2727=DIRECTION('center_axis',(-0.999921884566095,0.012498990590833,0.));
#2728=DIRECTION('ref_axis',(-0.012498990590833,-0.999921884566095,0.));
#2729=DIRECTION('',(0.,0.,-1.));
#2730=DIRECTION('center_axis',(0.999921883746723,0.0124990561405774,0.));
#2731=DIRECTION('ref_axis',(-0.0124990561405774,0.999921883746723,0.));
#2732=DIRECTION('',(0.0124990561405774,-0.999921883746723,0.));
#2733=DIRECTION('',(0.,0.,1.));
#2734=DIRECTION('center_axis',(0.,1.,0.));
#2735=DIRECTION('ref_axis',(-1.,0.,0.));
#2736=DIRECTION('center_axis',(0.,-1.,0.));
#2737=DIRECTION('ref_axis',(-1.,0.,0.));
#2738=DIRECTION('center_axis',(0.,1.,0.));
#2739=DIRECTION('ref_axis',(-1.,0.,0.));
#2740=DIRECTION('center_axis',(0.,-1.,0.));
#2741=DIRECTION('ref_axis',(-1.,0.,0.));
#2742=DIRECTION('center_axis',(-1.,0.,0.));
#2743=DIRECTION('ref_axis',(0.,1.,0.));
#2744=DIRECTION('center_axis',(-1.,0.,1.22464679914735E-16));
#2745=DIRECTION('ref_axis',(0.,1.,0.));
#2746=DIRECTION('',(-1.,0.,0.));
#2747=DIRECTION('',(-1.,0.,0.));
#2748=DIRECTION('center_axis',(0.,-1.,0.));
#2749=DIRECTION('ref_axis',(-1.,0.,0.));
#2750=DIRECTION('',(0.,-1.,0.));
#2751=DIRECTION('center_axis',(0.,-1.,0.));
#2752=DIRECTION('ref_axis',(-1.,0.,0.));
#2753=DIRECTION('',(0.,-1.,0.));
#2754=DIRECTION('center_axis',(0.,-1.,0.));
#2755=DIRECTION('ref_axis',(-1.,0.,0.));
#2756=DIRECTION('',(0.,1.,0.));
#2757=DIRECTION('',(0.,1.,0.));
#2758=DIRECTION('',(0.,-1.,0.));
#2759=DIRECTION('center_axis',(0.,-1.,0.));
#2760=DIRECTION('ref_axis',(-1.,0.,0.));
#2761=DIRECTION('center_axis',(0.,-1.,0.));
#2762=DIRECTION('ref_axis',(-1.,0.,0.));
#2763=DIRECTION('center_axis',(0.,-1.,0.));
#2764=DIRECTION('ref_axis',(-1.,0.,0.));
#2765=DIRECTION('',(0.,-1.,0.));
#2766=DIRECTION('center_axis',(0.,-1.,0.));
#2767=DIRECTION('ref_axis',(0.950970073911653,0.,-0.309282910172006));
#2768=DIRECTION('',(0.,-1.,0.));
#2769=DIRECTION('center_axis',(0.,-1.,0.));
#2770=DIRECTION('ref_axis',(-1.,0.,0.));
#2771=DIRECTION('',(0.,1.,0.));
#2772=DIRECTION('',(0.,1.,0.));
#2773=DIRECTION('center_axis',(0.,-1.,0.));
#2774=DIRECTION('ref_axis',(-1.,0.,0.));
#2775=DIRECTION('',(0.,-1.,0.));
#2776=DIRECTION('',(0.,-1.,0.));
#2777=DIRECTION('center_axis',(0.,-1.,0.));
#2778=DIRECTION('ref_axis',(-1.,0.,0.));
#2779=DIRECTION('',(0.,-1.,0.));
#2780=DIRECTION('center_axis',(0.,-1.,0.));
#2781=DIRECTION('ref_axis',(-1.,0.,0.));
#2782=DIRECTION('',(0.,-1.,0.));
#2783=DIRECTION('center_axis',(0.,-1.,0.));
#2784=DIRECTION('ref_axis',(-1.,0.,0.));
#2785=DIRECTION('center_axis',(0.,1.,0.));
#2786=DIRECTION('ref_axis',(0.707106781186548,0.,0.707106781186548));
#2787=DIRECTION('center_axis',(1.2182009447786E-15,-1.,0.));
#2788=DIRECTION('ref_axis',(1.,1.2182009447786E-15,0.));
#2789=DIRECTION('center_axis',(-0.707106981384105,0.707106580988933,0.));
#2790=DIRECTION('ref_axis',(0.707106580988933,0.707106981384105,-1.73191260281386E-16));
#2791=DIRECTION('',(0.,-1.,0.));
#2792=DIRECTION('center_axis',(1.22464679914735E-16,0.,1.));
#2793=DIRECTION('ref_axis',(1.,0.,0.));
#2794=DIRECTION('center_axis',(1.22464679914735E-16,0.,1.));
#2795=DIRECTION('ref_axis',(-1.,0.,0.));
#2796=DIRECTION('center_axis',(0.,1.,0.));
#2797=DIRECTION('ref_axis',(-1.,0.,0.));
#2798=DIRECTION('center_axis',(0.,-1.,0.));
#2799=DIRECTION('ref_axis',(-0.707106781186551,0.,0.707106781186544));
#2800=DIRECTION('',(0.,1.,0.));
#2801=DIRECTION('center_axis',(-0.707106781186548,-0.707106781186548,0.));
#2802=DIRECTION('ref_axis',(-0.707106781186547,0.707106781186547,0.));
#2803=DIRECTION('center_axis',(-1.,0.,1.22464679914735E-16));
#2804=DIRECTION('ref_axis',(0.,0.707106781186548,0.707106781186548));
#2805=DIRECTION('',(1.,0.,-1.22464679914735E-16));
#2806=DIRECTION('center_axis',(-0.707106781186549,0.707106781186546,0.));
#2807=DIRECTION('ref_axis',(0.707106781186546,0.707106781186549,-1.73191211247099E-16));
#2808=DIRECTION('center_axis',(0.,1.,0.));
#2809=DIRECTION('ref_axis',(0.707106781186548,0.,0.707106781186548));
#2810=DIRECTION('',(0.,-1.,0.));
#2811=DIRECTION('center_axis',(0.707106781186549,0.707106781186546,0.));
#2812=DIRECTION('ref_axis',(0.707106781186546,-0.707106781186549,0.));
#2813=DIRECTION('',(0.,1.,0.));
#2814=DIRECTION('center_axis',(1.,0.,-1.22464679914735E-16));
#2815=DIRECTION('ref_axis',(0.,-0.707106781186551,0.707106781186544));
#2816=DIRECTION('center_axis',(-1.,0.,0.));
#2817=DIRECTION('ref_axis',(0.,-1.,0.));
#2818=DIRECTION('',(-1.,0.,1.22464679914735E-16));
#2819=DIRECTION('center_axis',(0.707106781186549,-0.707106781186546,0.));
#2820=DIRECTION('ref_axis',(-0.707106781186546,-0.707106781186549,1.73191211247099E-16));
#2821=DIRECTION('center_axis',(1.22464679914735E-16,0.,1.));
#2822=DIRECTION('ref_axis',(1.,0.,0.));
#2823=DIRECTION('center_axis',(-0.081794184152994,0.99664924192955,0.));
#2824=DIRECTION('ref_axis',(-0.99664924192955,-0.081794184152994,0.));
#2825=DIRECTION('center_axis',(1.22464679914735E-16,0.,1.));
#2826=DIRECTION('ref_axis',(0.677571330505874,0.735457063380657,-8.29785561098032E-17));
#2827=DIRECTION('center_axis',(-1.22464679914735E-16,0.,-1.));
#2828=DIRECTION('ref_axis',(-1.,0.,0.));
#2829=DIRECTION('center_axis',(-0.572542980038548,0.819874707506323,0.));
#2830=DIRECTION('ref_axis',(-0.819874707506323,-0.572542980038548,0.));
#2831=DIRECTION('center_axis',(-1.22464679914735E-16,0.,-1.));
#2832=DIRECTION('ref_axis',(-0.94082326176828,-0.338897610076693,1.1521761960879E-16));
#2833=DIRECTION('center_axis',(1.22464679914735E-16,0.,1.));
#2834=DIRECTION('ref_axis',(-0.94082326176828,-0.338897610076693,1.14642594934119E-16));
#2835=DIRECTION('center_axis',(-1.22464679914735E-16,0.,-1.));
#2836=DIRECTION('ref_axis',(-2.46402024671412E-8,-1.,0.));
#2837=DIRECTION('center_axis',(1.22464679914735E-16,0.,1.));
#2838=DIRECTION('ref_axis',(-2.46402025424463E-8,-1.,3.01755451739493E-24));
#2839=DIRECTION('center_axis',(-0.572543020442305,-0.819874679291172,0.));
#2840=DIRECTION('ref_axis',(0.819874679291172,-0.572543020442305,0.));
#2841=DIRECTION('center_axis',(1.22464679914735E-16,0.,1.));
#2842=DIRECTION('ref_axis',(-2.46402025424463E-8,-1.,3.01755451739493E-24));
#2843=DIRECTION('center_axis',(-1.22464679914735E-16,0.,-1.));
#2844=DIRECTION('ref_axis',(-1.,0.,0.));
#2845=DIRECTION('center_axis',(-0.0817942492030447,-0.996649236590943,0.));
#2846=DIRECTION('ref_axis',(0.996649236590943,-0.0817942492030447,0.));
#2847=DIRECTION('center_axis',(-1.22464679914735E-16,0.,-1.));
#2848=DIRECTION('ref_axis',(0.940823242358061,-0.338897663961946,-1.15217617231723E-16));
#2849=DIRECTION('center_axis',(1.22464679914735E-16,0.,1.));
#2850=DIRECTION('ref_axis',(1.,0.,0.));
#2851=DIRECTION('center_axis',(-1.,0.,0.));
#2852=DIRECTION('ref_axis',(0.,-1.,0.));
#2853=DIRECTION('center_axis',(1.22464679914735E-16,0.,1.));
#2854=DIRECTION('ref_axis',(-0.677571306504695,0.735457085492771,8.29785531705065E-17));
#2855=DIRECTION('center_axis',(1.,0.,-1.22464679914735E-16));
#2856=DIRECTION('ref_axis',(0.,-0.707106781186551,0.707106781186544));
#2857=DIRECTION('',(-1.,0.,1.22464679914735E-16));
#2858=DIRECTION('center_axis',(0.,-1.,0.));
#2859=DIRECTION('ref_axis',(-0.707106781186548,0.,0.707106781186548));
#2860=DIRECTION('',(0.,-1.,0.));
#2861=DIRECTION('',(0.,1.,0.));
#2862=DIRECTION('center_axis',(-0.707106781186549,-0.707106781186546,0.));
#2863=DIRECTION('ref_axis',(-0.707106781186546,0.707106781186549,0.));
#2864=DIRECTION('center_axis',(-1.,0.,1.22464679914735E-16));
#2865=DIRECTION('ref_axis',(0.,0.707106781186548,0.707106781186548));
#2866=DIRECTION('',(1.,0.,-1.22464679914735E-16));
#2867=DIRECTION('center_axis',(-1.22464679914735E-16,0.,-1.));
#2868=DIRECTION('ref_axis',(-0.819874707506323,-0.572542980038548,1.00405693624949E-16));
#2869=DIRECTION('center_axis',(-1.22464679914735E-16,0.,-1.));
#2870=DIRECTION('ref_axis',(-1.,0.,1.22464679914735E-16));
#2871=DIRECTION('center_axis',(-1.22464679914735E-16,0.,-1.));
#2872=DIRECTION('ref_axis',(-1.,0.,1.22464679914735E-16));
#2873=DIRECTION('center_axis',(0.,1.,0.));
#2874=DIRECTION('ref_axis',(0.,0.,1.));
#2875=DIRECTION('center_axis',(1.,0.,-1.22464679914735E-16));
#2876=DIRECTION('ref_axis',(-1.22464679914735E-16,0.,-1.));
#2877=DIRECTION('center_axis',(1.,0.,-1.22464679914735E-16));
#2878=DIRECTION('ref_axis',(1.22464679914735E-16,0.,1.));
#2879=DIRECTION('center_axis',(0.,1.,0.));
#2880=DIRECTION('ref_axis',(1.,0.,0.));
#2881=DIRECTION('center_axis',(1.,0.,-1.22464679914735E-16));
#2882=DIRECTION('ref_axis',(0.,-1.,0.));
#2883=DIRECTION('',(0.,1.,0.));
#2884=DIRECTION('center_axis',(1.,0.,-1.22464679914735E-16));
#2885=DIRECTION('ref_axis',(-1.22464679914735E-16,0.,-1.));
#2886=DIRECTION('',(-1.38777878078145E-16,0.,-1.));
#2887=DIRECTION('center_axis',(1.,0.,-1.22464679914735E-16));
#2888=DIRECTION('ref_axis',(0.,1.,0.));
#2889=DIRECTION('center_axis',(0.,1.,0.));
#2890=DIRECTION('ref_axis',(0.,0.,1.));
#2891=DIRECTION('center_axis',(-1.,0.,1.22464679914735E-16));
#2892=DIRECTION('ref_axis',(1.22464679914735E-16,0.,1.));
#2893=DIRECTION('center_axis',(-1.,0.,1.22464679914735E-16));
#2894=DIRECTION('ref_axis',(-1.22464679914735E-16,0.,-1.));
#2895=DIRECTION('center_axis',(0.,1.,0.));
#2896=DIRECTION('ref_axis',(-1.,0.,2.96059473233375E-15));
#2897=DIRECTION('center_axis',(0.,-1.,0.));
#2898=DIRECTION('ref_axis',(-1.,0.,0.));
#2899=DIRECTION('',(0.,-1.,0.));
#2900=DIRECTION('center_axis',(0.,-1.,0.));
#2901=DIRECTION('ref_axis',(-1.,0.,2.96059473233375E-15));
#2902=DIRECTION('',(0.,1.,0.));
#2903=DIRECTION('center_axis',(-1.,0.,1.22464679914735E-16));
#2904=DIRECTION('ref_axis',(0.,1.,0.));
#2905=DIRECTION('',(0.,1.,0.));
#2906=DIRECTION('center_axis',(-1.,0.,1.22464679914735E-16));
#2907=DIRECTION('ref_axis',(-1.22464679914735E-16,0.,-1.));
#2908=DIRECTION('center_axis',(-1.,0.,0.));
#2909=DIRECTION('ref_axis',(0.,-1.,0.));
#2910=DIRECTION('center_axis',(0.,-1.,0.));
#2911=DIRECTION('ref_axis',(0.,0.,-1.));
#2912=DIRECTION('center_axis',(1.,0.,-1.22464679914735E-16));
#2913=DIRECTION('ref_axis',(1.22464679914735E-16,0.,1.));
#2914=DIRECTION('center_axis',(0.,-1.,0.));
#2915=DIRECTION('ref_axis',(1.,0.,0.));
#2916=DIRECTION('center_axis',(0.,-1.,0.));
#2917=DIRECTION('ref_axis',(0.,0.,-1.));
#2918=DIRECTION('center_axis',(-1.,0.,1.22464679914735E-16));
#2919=DIRECTION('ref_axis',(1.22464679914735E-16,0.,1.));
#2920=DIRECTION('center_axis',(0.,-1.,0.));
#2921=DIRECTION('ref_axis',(1.,0.,-1.22464679914735E-16));
#2922=DIRECTION('',(0.,-1.,0.));
#2923=DIRECTION('center_axis',(-1.,0.,1.22464679914735E-16));
#2924=DIRECTION('ref_axis',(0.,1.,0.));
#2925=DIRECTION('center_axis',(1.,0.,-1.22464679914735E-16));
#2926=DIRECTION('ref_axis',(0.,-1.,0.));
#2927=DIRECTION('center_axis',(1.,0.,-1.22464679914735E-16));
#2928=DIRECTION('ref_axis',(0.,1.,0.));
#2929=DIRECTION('center_axis',(-0.000568183250266619,0.999999838583884,
0.));
#2930=DIRECTION('ref_axis',(0.999999838583884,0.000568183250266619,0.));
#2931=DIRECTION('',(0.,0.,1.));
#2932=DIRECTION('',(-0.999999838583884,-0.000568183250266619,0.));
#2933=DIRECTION('center_axis',(0.,0.,1.));
#2934=DIRECTION('ref_axis',(-1.,0.,0.));
#2935=DIRECTION('center_axis',(0.,0.,-1.));
#2936=DIRECTION('ref_axis',(-0.707508433277328,0.706704900818906,0.));
#2937=DIRECTION('',(0.000568183250265974,-0.999999838583884,0.));
#2938=DIRECTION('center_axis',(0.,0.,-1.));
#2939=DIRECTION('ref_axis',(-0.706704900818894,-0.707508433277341,0.));
#2940=DIRECTION('',(0.999999838583884,0.000568183250267063,0.));
#2941=DIRECTION('center_axis',(0.,1.,0.));
#2942=DIRECTION('ref_axis',(1.,0.,0.));
#2943=DIRECTION('',(0.,0.,-1.));
#2944=DIRECTION('',(0.,0.,1.));
#2945=DIRECTION('center_axis',(-0.999921884566095,0.012498990590833,0.));
#2946=DIRECTION('ref_axis',(-0.012498990590833,-0.999921884566095,0.));
#2947=DIRECTION('center_axis',(0.,0.,-1.));
#2948=DIRECTION('ref_axis',(0.707106781186554,-0.707106781186541,0.));
#2949=DIRECTION('',(0.,0.,-1.));
#2950=DIRECTION('',(0.,0.,1.));
#2951=DIRECTION('center_axis',(1.,0.,0.));
#2952=DIRECTION('ref_axis',(0.,-1.,0.));
#2953=DIRECTION('',(0.,0.,1.));
#2954=DIRECTION('center_axis',(0.,0.,-1.));
#2955=DIRECTION('ref_axis',(0.707106781186554,0.707106781186541,0.));
#2956=DIRECTION('center_axis',(0.,0.,-1.));
#2957=DIRECTION('ref_axis',(-0.706704900818894,-0.707508433277341,0.));
#2958=DIRECTION('',(0.,0.,-1.));
#2959=DIRECTION('',(0.,0.,1.));
#2960=DIRECTION('center_axis',(0.000568183250267063,-0.999999838583884,
0.));
#2961=DIRECTION('ref_axis',(-0.999999838583884,-0.000568183250267063,0.));
#2962=DIRECTION('center_axis',(0.,0.,-1.));
#2963=DIRECTION('ref_axis',(-0.707508433277328,0.706704900818906,0.));
#2964=DIRECTION('',(0.,0.,-1.));
#2965=DIRECTION('center_axis',(-0.999999838583884,-0.000568183250265974,
0.));
#2966=DIRECTION('ref_axis',(-0.000568183250265974,0.999999838583884,0.));
#2967=DIRECTION('center_axis',(0.,-1.,0.));
#2968=DIRECTION('ref_axis',(-1.,0.,0.));
#2969=DIRECTION('center_axis',(-1.,0.,0.));
#2970=DIRECTION('ref_axis',(0.,1.,0.));
#2971=DIRECTION('center_axis',(1.,0.,0.));
#2972=DIRECTION('ref_axis',(0.,1.,0.));
#2973=DIRECTION('',(-1.,0.,0.));
#2974=DIRECTION('',(-1.,0.,0.));
#2975=DIRECTION('center_axis',(-1.,0.,0.));
#2976=DIRECTION('ref_axis',(0.,1.,0.));
#2977=DIRECTION('center_axis',(-1.,0.,0.));
#2978=DIRECTION('ref_axis',(0.,1.,0.));
#2979=DIRECTION('center_axis',(-1.,0.,0.));
#2980=DIRECTION('ref_axis',(0.,1.,0.));
#2981=DIRECTION('center_axis',(1.,0.,0.));
#2982=DIRECTION('ref_axis',(0.,1.,0.));
#2983=DIRECTION('center_axis',(0.,-1.,0.));
#2984=DIRECTION('ref_axis',(-1.,0.,0.));
#2985=DIRECTION('',(0.,-1.,0.));
#2986=DIRECTION('center_axis',(0.,-1.,0.));
#2987=DIRECTION('ref_axis',(-1.,0.,0.));
#2988=DIRECTION('',(0.,-1.,0.));
#2989=DIRECTION('center_axis',(0.,0.,1.));
#2990=DIRECTION('ref_axis',(-1.,0.,0.));
#2991=DIRECTION('center_axis',(0.,0.,1.));
#2992=DIRECTION('ref_axis',(-1.,0.,0.));
#2993=DIRECTION('center_axis',(0.,0.,1.));
#2994=DIRECTION('ref_axis',(-1.,0.,0.));
#2995=DIRECTION('center_axis',(-1.,0.,0.));
#2996=DIRECTION('ref_axis',(0.,1.,0.));
#2997=DIRECTION('center_axis',(1.,0.,0.));
#2998=DIRECTION('ref_axis',(0.,1.,0.));
#2999=DIRECTION('',(-1.,0.,0.));
#3000=DIRECTION('center_axis',(1.,0.,0.));
#3001=DIRECTION('ref_axis',(0.,-1.,0.));
#3002=DIRECTION('',(-1.,0.,0.));
#3003=DIRECTION('center_axis',(1.,0.,0.));
#3004=DIRECTION('ref_axis',(0.,1.,0.));
#3005=CARTESIAN_POINT('',(0.,0.,0.));
#3006=CARTESIAN_POINT('Origin',(69.0000002831221,25.0000002831221,47.0000004768372));
#3007=CARTESIAN_POINT('',(69.0000002831221,22.0000002831221,47.0000004768372));
#3008=CARTESIAN_POINT('',(66.0000002831221,22.0000002831221,47.0000004768372));
#3009=CARTESIAN_POINT('',(69.0000002831221,22.0000002831221,47.0000004768372));
#3010=CARTESIAN_POINT('',(68.9999997168779,28.0000002831221,47.0000004768372));
#3011=CARTESIAN_POINT('Origin',(69.0000002831221,25.0000002831221,47.0000004768372));
#3012=CARTESIAN_POINT('',(66.0000002831221,28.0000002831221,47.0000004768372));
#3013=CARTESIAN_POINT('',(69.0000002831221,28.0000002831221,47.0000004768372));
#3014=CARTESIAN_POINT('Origin',(66.0000002831221,25.0000002831221,47.0000004768372));
#3015=CARTESIAN_POINT('Origin',(69.0000002831221,25.0000002831221,37.));
#3016=CARTESIAN_POINT('',(69.0000002831221,22.0000002831221,37.));
#3017=CARTESIAN_POINT('',(66.0000002831221,22.0000002831221,37.));
#3018=CARTESIAN_POINT('',(69.0000002831221,22.0000002831221,37.));
#3019=CARTESIAN_POINT('',(69.0000002831221,22.7639318791262,35.0000004768372));
#3020=CARTESIAN_POINT('Origin',(69.0000002831221,25.0000002831221,37.));
#3021=CARTESIAN_POINT('',(69.0000002831221,27.2360686871179,35.0000004768372));
#3022=CARTESIAN_POINT('Ctrl Pts',(69.000000283122,27.2360686871179,35.0000004768372));
#3023=CARTESIAN_POINT('Ctrl Pts',(69.000000283122,27.1922342590389,34.9509920753353));
#3024=CARTESIAN_POINT('Ctrl Pts',(68.9987986494523,27.1466989591936,34.9033267157281));
#3025=CARTESIAN_POINT('Ctrl Pts',(68.9880030886029,26.9155754622111,34.6768720742765));
#3026=CARTESIAN_POINT('Ctrl Pts',(68.9641413757374,26.7070191810573,34.5194229800279));
#3027=CARTESIAN_POINT('Ctrl Pts',(68.9111047790265,26.2562912161197,34.2634135333693));
#3028=CARTESIAN_POINT('Ctrl Pts',(68.8821550150365,26.0135824688548,34.1645645130159));
#3029=CARTESIAN_POINT('Ctrl Pts',(68.8406594763594,25.5127649789964,34.0328270048437));
#3030=CARTESIAN_POINT('Ctrl Pts',(68.8284272392808,25.2546141371119,34.));
#3031=CARTESIAN_POINT('Ctrl Pts',(68.8284272392808,25.0000002831221,34.));
#3032=CARTESIAN_POINT('Ctrl Pts',(68.8284272392808,24.7453864291323,34.));
#3033=CARTESIAN_POINT('Ctrl Pts',(68.8406594763594,24.4872355872477,34.0328270048437));
#3034=CARTESIAN_POINT('Ctrl Pts',(68.8821550150365,23.9864180973893,34.1645645130159));
#3035=CARTESIAN_POINT('Ctrl Pts',(68.9111047790265,23.7437093501244,34.2634135333693));
#3036=CARTESIAN_POINT('Ctrl Pts',(68.9641413757374,23.2929813851869,34.5194229800279));
#3037=CARTESIAN_POINT('Ctrl Pts',(68.9880030886029,23.084425104033,34.6768720742764));
#3038=CARTESIAN_POINT('Ctrl Pts',(68.9987986494523,22.8533016070505,34.9033267157281));
#3039=CARTESIAN_POINT('Ctrl Pts',(69.000000283122,22.8077663072052,34.9509920753353));
#3040=CARTESIAN_POINT('Ctrl Pts',(69.000000283122,22.7639318791262,35.0000004768372));
#3041=CARTESIAN_POINT('',(68.9999997168779,28.0000002831221,37.));
#3042=CARTESIAN_POINT('Origin',(69.0000002831221,25.0000002831221,37.));
#3043=CARTESIAN_POINT('',(66.0000002831221,28.0000002831221,37.));
#3044=CARTESIAN_POINT('',(69.0000002831221,28.0000002831221,37.));
#3045=CARTESIAN_POINT('Origin',(66.0000002831221,25.0000002831221,37.));
#3046=CARTESIAN_POINT('Origin',(33.9999997168779,25.5000002831221,35.0000004768372));
#3047=CARTESIAN_POINT('',(30.9999997168779,28.0000002831221,35.0000004768372));
#3048=CARTESIAN_POINT('',(33.9999997168779,28.0000002831221,32.0000004768372));
#3049=CARTESIAN_POINT('Origin',(33.9999997168779,28.0000002831221,35.0000004768372));
#3050=CARTESIAN_POINT('',(33.9999997168779,0.,32.0000004768372));
#3051=CARTESIAN_POINT('',(33.9999997168779,25.5000002831221,32.0000004768372));
#3052=CARTESIAN_POINT('',(30.9999991506338,0.,35.0000004768372));
#3053=CARTESIAN_POINT('Origin',(33.9999997168779,0.,35.0000004768372));
#3054=CARTESIAN_POINT('',(30.9999997168779,25.5000002831221,35.0000004768372));
#3055=CARTESIAN_POINT('Origin',(49.9999994337559,0.,35.0000004768372));
#3056=CARTESIAN_POINT('',(50.0062503958901,-16.5000268680715,32.0419653271023));
#3057=CARTESIAN_POINT('',(50.0125007763039,-15.9999951161378,32.0000004768372));
#3058=CARTESIAN_POINT('Ctrl Pts',(50.0062503958901,-16.5000268680715,32.0419653271023));
#3059=CARTESIAN_POINT('Ctrl Pts',(50.0083786598036,-16.3297653059295,32.0131843479422));
#3060=CARTESIAN_POINT('Ctrl Pts',(50.0105178294301,-16.1586312844439,32.0000004768372));
#3061=CARTESIAN_POINT('Ctrl Pts',(50.0125007763038,-15.9999951161378,32.0000004768372));
#3062=CARTESIAN_POINT('',(65.9999994337559,-9.79717439317883E-16,32.0000004768372));
#3063=CARTESIAN_POINT('Origin',(49.9999994337559,0.,32.0000004768372));
#3064=CARTESIAN_POINT('',(68.9999997168779,0.,35.0000004768372));
#3065=CARTESIAN_POINT('Origin',(65.9999994337559,-9.79717439317883E-16,
35.0000004768372));
#3066=CARTESIAN_POINT('Origin',(49.9999994337559,0.,35.0000004768372));
#3067=CARTESIAN_POINT('',(49.9875006482718,-15.9999951181356,32.0000004768372));
#3068=CARTESIAN_POINT('Origin',(49.9999994337559,0.,32.0000004768372));
#3069=CARTESIAN_POINT('',(49.9937510610307,-16.5000268349115,32.0419653213311));
#3070=CARTESIAN_POINT('Ctrl Pts',(49.9875006482718,-15.9999951181356,32.0000004768372));
#3071=CARTESIAN_POINT('Ctrl Pts',(49.9894836054102,-16.1586312755277,32.0000004768372));
#3072=CARTESIAN_POINT('Ctrl Pts',(49.9916227860993,-16.3297652843932,32.0131843460997));
#3073=CARTESIAN_POINT('Ctrl Pts',(49.9937510610307,-16.5000268349115,32.0419653213311));
#3074=CARTESIAN_POINT('Ctrl Pts',(49.9937510610307,-16.5000268349115,32.0419653213311));
#3075=CARTESIAN_POINT('Ctrl Pts',(49.9979173156357,-16.4999921277811,32.0419591877201));
#3076=CARTESIAN_POINT('Ctrl Pts',(50.0020839182983,-16.4999921369752,32.0419591893148));
#3077=CARTESIAN_POINT('Ctrl Pts',(50.0062503958901,-16.5000268680715,32.0419653271023));
#3078=CARTESIAN_POINT('Origin',(66.0000002831221,14.000000141561,35.0000004768372));
#3079=CARTESIAN_POINT('',(69.0000002831221,14.000000141561,35.0000004768372));
#3080=CARTESIAN_POINT('',(66.0000002831221,28.0000002831221,32.0000004768372));
#3081=CARTESIAN_POINT('',(66.0000002831221,14.000000141561,32.0000004768372));
#3082=CARTESIAN_POINT('',(68.9999997168779,28.0000002831221,35.0000004768372));
#3083=CARTESIAN_POINT('Origin',(66.0000002831221,28.0000002831221,35.0000004768372));
#3084=CARTESIAN_POINT('',(69.0000002831221,14.000000141561,35.0000004768372));
#3085=CARTESIAN_POINT('Origin',(69.0000002831221,28.0000002831221,0.));
#3086=CARTESIAN_POINT('',(30.9999997168779,28.0000002831221,51.));
#3087=CARTESIAN_POINT('',(30.9999997168779,28.0000002831221,0.));
#3088=CARTESIAN_POINT('',(49.4999994337559,28.0000002831221,51.));
#3089=CARTESIAN_POINT('',(59.499999858439,28.0000002831221,51.));
#3090=CARTESIAN_POINT('',(49.4999994337559,28.0000002831221,45.7500002384186));
#3091=CARTESIAN_POINT('',(49.4999994337559,28.0000002831221,42.));
#3092=CARTESIAN_POINT('',(49.4999994337559,28.0000002831221,38.2500002384186));
#3093=CARTESIAN_POINT('Origin',(49.4999994337559,28.0000002831221,42.0000002384186));
#3094=CARTESIAN_POINT('',(49.4999994337559,28.0000002831221,32.0000004768372));
#3095=CARTESIAN_POINT('',(49.4999994337559,28.0000002831221,42.));
#3096=CARTESIAN_POINT('',(69.0000006556511,28.0000002831221,32.0000004768372));
#3097=CARTESIAN_POINT('',(43.9280697656113,28.0000002831221,42.0000003129244));
#3098=CARTESIAN_POINT('Origin',(42.5280697656113,28.0000002831221,42.0000003129244));
#3099=CARTESIAN_POINT('',(41.5999994337599,28.0000002831221,47.500002831234));
#3100=CARTESIAN_POINT('Origin',(40.7499994337599,28.0000002831221,47.500002831234));
#3101=CARTESIAN_POINT('',(41.5999994337559,28.0000002831221,35.5000004768372));
#3102=CARTESIAN_POINT('Origin',(40.7499994337559,28.0000002831221,35.5000004768372));
#3103=CARTESIAN_POINT('Origin',(30.9999997168779,23.0000002831221,0.));
#3104=CARTESIAN_POINT('',(30.9999991506338,0.,51.));
#3105=CARTESIAN_POINT('',(30.9999991506338,0.,42.));
#3106=CARTESIAN_POINT('',(30.9999997168779,12.5000002123415,51.));
#3107=CARTESIAN_POINT('',(31.0000002831221,23.6500002831221,47.0000004768372));
#3108=CARTESIAN_POINT('Origin',(30.9999997168779,25.0000002831221,47.0000004768372));
#3109=CARTESIAN_POINT('',(30.9999997168779,26.4000002831221,37.));
#3110=CARTESIAN_POINT('Origin',(30.9999997168779,25.0000002831221,37.));
#3111=CARTESIAN_POINT('Origin',(49.9999994337559,0.,42.));
#3112=CARTESIAN_POINT('',(68.9999997168779,0.,51.));
#3113=CARTESIAN_POINT('',(68.9999997168779,0.,42.));
#3114=CARTESIAN_POINT('Origin',(49.9999994337559,0.,51.));
#3115=CARTESIAN_POINT('Origin',(69.0000002831221,25.0000002831221,37.));
#3116=CARTESIAN_POINT('Origin',(66.0000002831221,25.0000002831221,37.));
#3117=CARTESIAN_POINT('',(69.0000002831221,28.0000002831221,37.));
#3118=CARTESIAN_POINT('Origin',(69.0000002831221,25.0000002831221,37.));
#3119=CARTESIAN_POINT('Origin',(69.0000010281801,28.0000002831221,32.0000004768372));
#3120=CARTESIAN_POINT('',(50.4531245573889,19.2500003427267,32.0000004768372));
#3121=CARTESIAN_POINT('',(50.0000007450581,-17.0000002533197,32.0000004768372));
#3122=CARTESIAN_POINT('',(54.5002138882872,19.2500003427267,32.0000004768372));
#3123=CARTESIAN_POINT('',(62.0001074582337,19.2500003427267,32.0000004768372));
#3124=CARTESIAN_POINT('',(55.0002138882872,19.7500003427267,32.0000004768372));
#3125=CARTESIAN_POINT('Origin',(54.5002138882872,19.7500003427267,32.0000004768372));
#3126=CARTESIAN_POINT('',(55.0002138882872,21.2500003427267,32.0000004768372));
#3127=CARTESIAN_POINT('',(55.0002138882872,24.8750003129244,32.0000004768372));
#3128=CARTESIAN_POINT('',(54.5002138882872,21.7500003427267,32.0000004768372));
#3129=CARTESIAN_POINT('Origin',(54.5002138882872,21.2500003427267,32.0000004768372));
#3130=CARTESIAN_POINT('',(50.4843744749669,21.7500003427267,32.0000004768372));
#3131=CARTESIAN_POINT('',(59.5008886730299,21.7500003427267,32.0000004768372));
#3132=CARTESIAN_POINT('',(50.4999994337559,23.0000003427267,32.0000004768372));
#3133=CARTESIAN_POINT('',(50.0000007450581,-17.0000002533197,32.0000004768372));
#3134=CARTESIAN_POINT('',(50.4999994337559,28.0000002831221,32.0000004768372));
#3135=CARTESIAN_POINT('',(50.4999994337559,25.5000002831221,32.0000004768372));
#3136=CARTESIAN_POINT('',(69.0000006556511,28.0000002831221,32.0000004768372));
#3137=CARTESIAN_POINT('Origin',(69.0000002831221,0.,0.));
#3138=CARTESIAN_POINT('',(68.9999997168779,28.0000002831221,42.));
#3139=CARTESIAN_POINT('Origin',(69.0000002831221,0.,0.));
#3140=CARTESIAN_POINT('',(68.9999997168779,28.0000002831221,42.));
#3141=CARTESIAN_POINT('Origin',(69.0000002831221,25.0000002831221,47.0000004768372));
#3142=CARTESIAN_POINT('',(68.9999997168779,28.0000002831221,51.));
#3143=CARTESIAN_POINT('',(68.9999997168779,28.0000002831221,42.));
#3144=CARTESIAN_POINT('',(69.0000002831221,1.00000007078052,51.));
#3145=CARTESIAN_POINT('Origin',(69.0000002831221,28.0000002831221,0.));
#3146=CARTESIAN_POINT('',(50.4999994337559,28.0000002831221,38.2499990612269));
#3147=CARTESIAN_POINT('',(50.4999994337559,28.0000002831221,42.));
#3148=CARTESIAN_POINT('',(50.4999994337559,28.0000002831221,45.7499990612268));
#3149=CARTESIAN_POINT('Origin',(50.499998871237,28.0000002831221,41.9999990612268));
#3150=CARTESIAN_POINT('',(50.4999994337559,28.0000002831221,51.));
#3151=CARTESIAN_POINT('',(50.4999994337559,28.0000002831221,42.));
#3152=CARTESIAN_POINT('',(59.499999858439,28.0000002831221,51.));
#3153=CARTESIAN_POINT('',(69.0000002831221,28.0000002831221,47.0000004768372));
#3154=CARTESIAN_POINT('',(58.9,28.0000002831221,42.0000003129244));
#3155=CARTESIAN_POINT('Origin',(57.5,28.0000002831221,42.0000003129244));
#3156=CARTESIAN_POINT('',(59.1000020563602,28.0000002831221,47.5));
#3157=CARTESIAN_POINT('Origin',(58.2500020563602,28.0000002831221,47.5));
#3158=CARTESIAN_POINT('',(59.1000020563602,28.0000002831221,35.5000004768372));
#3159=CARTESIAN_POINT('Origin',(58.2500020563602,28.0000002831221,35.5000004768372));
#3160=CARTESIAN_POINT('Origin',(49.3099863047765,22.0000003427267,34.0000004768372));
#3161=CARTESIAN_POINT('',(50.4874994667247,22.0000003427267,33.0000004768372));
#3162=CARTESIAN_POINT('',(50.4999994337559,23.0000003427267,34.0000004768372));
#3163=CARTESIAN_POINT('Origin',(50.4874994667247,22.0000003427267,34.0000004768372));
#3164=CARTESIAN_POINT('',(58.0837253626466,22.0000003427267,33.0000004768372));
#3165=CARTESIAN_POINT('',(49.3099863047765,22.0000003427267,33.0000004768372));
#3166=CARTESIAN_POINT('',(58.0837253626466,23.0000003427267,34.0000004768372));
#3167=CARTESIAN_POINT('Origin',(58.0837253626466,22.0000003427267,34.0000004768372));
#3168=CARTESIAN_POINT('',(49.3099863047765,23.0000003427267,34.0000004768372));
#3169=CARTESIAN_POINT('Ctrl Pts',(59.0803746045762,21.0817945268797,33.0000004768372));
#3170=CARTESIAN_POINT('Ctrl Pts',(59.0050182079302,22.0000003427267,33.0000004768372));
#3171=CARTESIAN_POINT('Ctrl Pts',(58.0837253626466,22.0000003427267,33.0000004768372));
#3172=CARTESIAN_POINT('Ctrl Pts',(60.0770238465057,21.1635887110327,33.0000004768372));
#3173=CARTESIAN_POINT('Ctrl Pts',(59.9263110532138,23.0000003427267,33.0000004768372));
#3174=CARTESIAN_POINT('Ctrl Pts',(58.0837253626466,23.0000003427267,33.0000004768372));
#3175=CARTESIAN_POINT('Ctrl Pts',(60.0770238465057,21.1635887110327,34.0000004768372));
#3176=CARTESIAN_POINT('Ctrl Pts',(59.9263110532138,23.0000003427267,34.0000004768372));
#3177=CARTESIAN_POINT('Ctrl Pts',(58.0837253626466,23.0000003427267,34.0000004768372));
#3178=CARTESIAN_POINT('',(59.0803746045762,21.0817945268797,33.0000004768372));
#3179=CARTESIAN_POINT('',(60.0770238465057,21.1635887110327,34.0000004768372));
#3180=CARTESIAN_POINT('Origin',(59.0803746045762,21.0817945268797,34.0000004768372));
#3181=CARTESIAN_POINT('Origin',(58.0837253626466,21.0000003427267,34.0000004768372));
#3182=CARTESIAN_POINT('Origin',(58.0837253626466,21.0000003427267,33.0000004768372));
#3183=CARTESIAN_POINT('Origin',(82.9999564108854,23.0448549465516,34.0000004768372));
#3184=CARTESIAN_POINT('',(63.3229634307336,9.3038234256264,33.0000004768372));
#3185=CARTESIAN_POINT('',(64.14283813824,9.87636640566495,34.0000004768372));
#3186=CARTESIAN_POINT('Origin',(63.3229634307336,9.3038234256264,34.0000004768372));
#3187=CARTESIAN_POINT('Origin',(82.9999564108854,23.0448549465516,34.0000004768372));
#3188=CARTESIAN_POINT('Origin',(82.9999564108854,23.0448549465516,33.0000004768372));
#3189=CARTESIAN_POINT('Origin',(49.9999994337559,0.,34.0000004768372));
#3190=CARTESIAN_POINT('',(64.9583330848726,6.34907508081827,33.0000004768372));
#3191=CARTESIAN_POINT('',(65.8788459249414,6.73978739348401,34.0000004768372));
#3192=CARTESIAN_POINT('Origin',(64.9583330848726,6.34907508081827,34.0000004768372));
#3193=CARTESIAN_POINT('Origin',(49.9999994337559,0.,34.0000004768372));
#3194=CARTESIAN_POINT('Origin',(49.9999994337559,0.,33.0000004768372));
#3195=CARTESIAN_POINT('Ctrl Pts',(65.8788459249414,6.73978739348401,34.0000004768372));
#3196=CARTESIAN_POINT('Ctrl Pts',(66.1914287848819,6.00334647050027,34.0000004768372));
#3197=CARTESIAN_POINT('Ctrl Pts',(66.5765366507488,4.86622782715383,34.2621291829635));
#3198=CARTESIAN_POINT('Ctrl Pts',(66.9700627243708,3.20831362557315,35.2738273510882));
#3199=CARTESIAN_POINT('Ctrl Pts',(67.1549232232464,1.92037086707552,36.7573226351301));
#3200=CARTESIAN_POINT('Ctrl Pts',(67.1865379827527,1.47830737799929,38.2463459210652));
#3201=CARTESIAN_POINT('Ctrl Pts',(67.1865379827527,1.47830737799929,39.0000004768372));
#3202=CARTESIAN_POINT('Ctrl Pts',(65.8788459249414,6.73978739348401,33.7008011764953));
#3203=CARTESIAN_POINT('Ctrl Pts',(66.2091899004162,5.96166777424565,33.6991907248753));
#3204=CARTESIAN_POINT('Ctrl Pts',(66.6121448574409,4.7569819715153,33.9806891975382));
#3205=CARTESIAN_POINT('Ctrl Pts',(67.007615397741,3.01858077171226,35.0693571254188));
#3206=CARTESIAN_POINT('Ctrl Pts',(67.1781783368648,1.70541907590268,36.653109174224));
#3207=CARTESIAN_POINT('Ctrl Pts',(67.2029610592592,1.287375612608,38.2121266884066));
#3208=CARTESIAN_POINT('Ctrl Pts',(67.2029610592592,1.287375612608,39.0000004768372));
#3209=CARTESIAN_POINT('Ctrl Pts',(65.6475526712628,6.64161481172841,33.1829642875665));
#3210=CARTESIAN_POINT('Ctrl Pts',(66.0009184958848,5.80186296787986,33.1787902699655));
#3211=CARTESIAN_POINT('Ctrl Pts',(66.432259614253,4.49976531813996,33.4942591047837));
#3212=CARTESIAN_POINT('Ctrl Pts',(66.8645011844203,2.65390423178297,34.7136595904596));
#3213=CARTESIAN_POINT('Ctrl Pts',(67.0762046692027,1.31778782729753,36.470047733928));
#3214=CARTESIAN_POINT('Ctrl Pts',(67.1327703186495,0.945362141028309,38.152430509669));
#3215=CARTESIAN_POINT('Ctrl Pts',(67.1327703186495,0.945362141028309,39.0000004768372));
#3216=CARTESIAN_POINT('Ctrl Pts',(65.1648956831509,6.43675071875668,33.0000004768372));
#3217=CARTESIAN_POINT('Ctrl Pts',(65.5156327641997,5.59222077351631,32.9981259170001));
#3218=CARTESIAN_POINT('Ctrl Pts',(65.9533216900241,4.28925287833522,33.3170951555258));
#3219=CARTESIAN_POINT('Ctrl Pts',(66.4406898915382,2.42812279317082,34.5504468243773));
#3220=CARTESIAN_POINT('Ctrl Pts',(66.7617206470973,1.05735467394967,36.345611303003));
#3221=CARTESIAN_POINT('Ctrl Pts',(66.9101822536908,0.683871833922013,38.1093197025723));
#3222=CARTESIAN_POINT('Ctrl Pts',(66.9101822536908,0.683871833922014,39.0000004768372));
#3223=CARTESIAN_POINT('Ctrl Pts',(64.9583330848726,6.34907508081827,33.0000004768372));
#3224=CARTESIAN_POINT('Ctrl Pts',(65.3038918540063,5.51376280327447,33.0000004768372));
#3225=CARTESIAN_POINT('Ctrl Pts',(65.7384983944477,4.22788900604797,33.3145549241889));
#3226=CARTESIAN_POINT('Ctrl Pts',(66.2416606205844,2.3757884206914,34.5285927259386));
#3227=CARTESIAN_POINT('Ctrl Pts',(66.6045006236204,0.984278372929142,36.3087870667889));
#3228=CARTESIAN_POINT('Ctrl Pts',(66.7958072035144,0.596831801950095,38.0956150099114));
#3229=CARTESIAN_POINT('Ctrl Pts',(66.7958072035144,0.596831801950096,39.0000004768372));
#3230=CARTESIAN_POINT('',(66.7958072035144,0.596831801950097,39.0000004768372));
#3231=CARTESIAN_POINT('',(67.1865379827527,1.47830737799929,39.0000004768372));
#3232=CARTESIAN_POINT('Origin',(66.1902169074485,1.39260839956455,39.0000004768372));
#3233=CARTESIAN_POINT('Ctrl Pts',(67.1865379827527,1.47830737799929,39.0000004768372));
#3234=CARTESIAN_POINT('Ctrl Pts',(67.1865379827527,1.47830737799929,38.2463459210652));
#3235=CARTESIAN_POINT('Ctrl Pts',(67.1549232232464,1.92037086707552,36.7573226351301));
#3236=CARTESIAN_POINT('Ctrl Pts',(66.9700627243708,3.20831362557315,35.2738273510882));
#3237=CARTESIAN_POINT('Ctrl Pts',(66.5765366507488,4.86622782715383,34.2621291829635));
#3238=CARTESIAN_POINT('Ctrl Pts',(66.1914287848819,6.00334647050027,34.0000004768372));
#3239=CARTESIAN_POINT('Ctrl Pts',(65.8788459249414,6.73978739348401,34.0000004768372));
#3240=CARTESIAN_POINT('Ctrl Pts',(64.9583330848726,6.34907508081827,33.0000004768372));
#3241=CARTESIAN_POINT('Ctrl Pts',(65.3038918540063,5.51376280327447,33.0000004768372));
#3242=CARTESIAN_POINT('Ctrl Pts',(65.7384983944477,4.22788900604797,33.3145549241889));
#3243=CARTESIAN_POINT('Ctrl Pts',(66.2416606205844,2.3757884206914,34.5285927259386));
#3244=CARTESIAN_POINT('Ctrl Pts',(66.6045006236204,0.984278372929142,36.3087870667889));
#3245=CARTESIAN_POINT('Ctrl Pts',(66.7958072035144,0.596831801950095,38.0956150099114));
#3246=CARTESIAN_POINT('Ctrl Pts',(66.7958072035144,0.596831801950096,39.0000004768372));
#3247=CARTESIAN_POINT('Origin',(66.1902169074485,1.39260839956456,42.));
#3248=CARTESIAN_POINT('',(66.7958072035144,0.596831801950098,49.));
#3249=CARTESIAN_POINT('',(67.1865379827527,1.4783073779993,49.));
#3250=CARTESIAN_POINT('Origin',(66.1902169074485,1.39260839956456,49.));
#3251=CARTESIAN_POINT('',(67.1865379827527,1.4783073779993,42.));
#3252=CARTESIAN_POINT('',(66.7958072035144,0.596831801950097,42.));
#3253=CARTESIAN_POINT('Origin',(67.2499994337559,-1.11022302462516E-15,
42.));
#3254=CARTESIAN_POINT('',(67.233695121239,-0.749821946347324,39.0000004768372));
#3255=CARTESIAN_POINT('Origin',(67.2499994337559,-1.11022302462516E-15,
39.0000004768372));
#3256=CARTESIAN_POINT('',(67.233695121239,-0.749821946347324,49.));
#3257=CARTESIAN_POINT('',(67.233695121239,-0.749821946347324,42.));
#3258=CARTESIAN_POINT('Origin',(67.2499994337559,-1.11022302462516E-15,
49.));
#3259=CARTESIAN_POINT('Origin',(67.2499994337559,-1.11022302462516E-15,
39.0000004768372));
#3260=CARTESIAN_POINT('',(60.9728258384958,-2.48185025564427,33.0000004768372));
#3261=CARTESIAN_POINT('Origin',(67.2499994337559,-1.11022302462516E-15,
33.0000004768372));
#3262=CARTESIAN_POINT('Ctrl Pts',(60.9728258384958,-2.48185025564427,33.0000004768372));
#3263=CARTESIAN_POINT('Ctrl Pts',(60.9775952507571,-2.48148210106616,33.0000004768372));
#3264=CARTESIAN_POINT('Ctrl Pts',(60.982364568939,-2.48111275002087,33.0000056996315));
#3265=CARTESIAN_POINT('Ctrl Pts',(61.6914103380692,-2.42602282717193,33.001558568096));
#3266=CARTESIAN_POINT('Ctrl Pts',(62.3887047883,-2.34534345152869,33.1169018930935));
#3267=CARTESIAN_POINT('Ctrl Pts',(63.6718892991165,-2.13835352373082,33.549494407693));
#3268=CARTESIAN_POINT('Ctrl Pts',(64.2545535653358,-2.0162558662181,33.8514850349701));
#3269=CARTESIAN_POINT('Ctrl Pts',(65.4376871962004,-1.69970369694303,34.7190715473716));
#3270=CARTESIAN_POINT('Ctrl Pts',(65.9916081847783,-1.49568846220988,35.3245452637567));
#3271=CARTESIAN_POINT('Ctrl Pts',(66.7566470462184,-1.11956519931029,36.6057138864623));
#3272=CARTESIAN_POINT('Ctrl Pts',(66.9784242997945,-0.962692481142247,37.2054553268652));
#3273=CARTESIAN_POINT('Ctrl Pts',(67.1605769870698,-0.81665459646452,38.0462018402487));
#3274=CARTESIAN_POINT('Ctrl Pts',(67.1997349993202,-0.781154764230785,38.3175382287438));
#3275=CARTESIAN_POINT('Ctrl Pts',(67.2272979148104,-0.755828360320289,38.7061171680633));
#3276=CARTESIAN_POINT('Ctrl Pts',(67.2319758339331,-0.751431837568279,38.8192566897138));
#3277=CARTESIAN_POINT('Ctrl Pts',(67.2335644354518,-0.749944407684587,38.955225889862));
#3278=CARTESIAN_POINT('Ctrl Pts',(67.2336951212391,-0.749821946347324,38.9776169380087));
#3279=CARTESIAN_POINT('Ctrl Pts',(67.2336951212391,-0.749821946347324,39.0000004768372));
#3280=CARTESIAN_POINT('Origin',(58.6199727585646,2.88315231251821,33.0000004768372));
#3281=CARTESIAN_POINT('',(50.4843744749669,21.7500003427267,33.0000004768372));
#3282=CARTESIAN_POINT('',(50.3749233777818,12.9938894736256,33.0000004768372));
#3283=CARTESIAN_POINT('',(54.5002138882872,21.7500003427267,33.0000004768372));
#3284=CARTESIAN_POINT('',(54.3108745382221,21.7500003427267,33.0000004768372));
#3285=CARTESIAN_POINT('',(55.0002138882872,21.2500003427267,33.0000004768372));
#3286=CARTESIAN_POINT('Origin',(54.5002138882872,21.2500003427267,33.0000004768372));
#3287=CARTESIAN_POINT('',(55.0002138882872,19.7500003427267,33.0000004768372));
#3288=CARTESIAN_POINT('',(55.0002138882872,12.3165763276225,33.0000004768372));
#3289=CARTESIAN_POINT('',(54.5002138882872,19.2500003427267,33.0000004768372));
#3290=CARTESIAN_POINT('Origin',(54.5002138882872,19.7500003427267,33.0000004768372));
#3291=CARTESIAN_POINT('',(50.4531245573889,19.2500003427267,33.0000004768372));
#3292=CARTESIAN_POINT('',(56.8100933234259,19.2500003427267,33.0000004768372));
#3293=CARTESIAN_POINT('',(50.081244411663,-10.5004897824274,33.0000004768372));
#3294=CARTESIAN_POINT('',(50.0000007450581,-17.0000002533197,33.0000004768372));
#3295=CARTESIAN_POINT('',(52.4818492473516,-10.9728265047232,33.0000004768372));
#3296=CARTESIAN_POINT('Origin',(49.9999987388267,-17.25,33.0000004768372));
#3297=CARTESIAN_POINT('Origin',(49.9999994337559,0.,33.0000004768372));
#3298=CARTESIAN_POINT('Origin',(33.8117767679969,1.41560832288005,42.));
#3299=CARTESIAN_POINT('',(33.1941226171649,0.629158483437006,39.0000004768372));
#3300=CARTESIAN_POINT('',(32.815578450104,1.50272268121113,39.0000004768372));
#3301=CARTESIAN_POINT('Origin',(33.8117767679969,1.41560832288005,39.0000004768372));
#3302=CARTESIAN_POINT('',(32.815578450104,1.50272268121113,49.));
#3303=CARTESIAN_POINT('',(32.815578450104,1.50272268121113,42.));
#3304=CARTESIAN_POINT('',(33.1941226171649,0.629158483437006,49.));
#3305=CARTESIAN_POINT('Origin',(33.8117767679969,1.41560832288005,49.));
#3306=CARTESIAN_POINT('',(33.1941226171649,0.629158483437005,42.));
#3307=CARTESIAN_POINT('Ctrl Pts',(32.815578450104,1.50272268121113,39.0000004768372));
#3308=CARTESIAN_POINT('Ctrl Pts',(32.815578450104,1.50272268121113,38.2458470737062));
#3309=CARTESIAN_POINT('Ctrl Pts',(32.8406245652114,1.83865270278626,37.1279216735948));
#3310=CARTESIAN_POINT('Ctrl Pts',(32.9903866731639,2.94422118161844,35.5534617836548));
#3311=CARTESIAN_POINT('Ctrl Pts',(33.3035352546678,4.51739715661994,34.3499443378757));
#3312=CARTESIAN_POINT('Ctrl Pts',(33.8205498651702,6.03562859391645,34.0000004768369));
#3313=CARTESIAN_POINT('Ctrl Pts',(34.1348309825861,6.77192218029773,34.0000004768372));
#3314=CARTESIAN_POINT('Ctrl Pts',(32.799113589405,1.31443837484708,39.0000004768372));
#3315=CARTESIAN_POINT('Ctrl Pts',(32.799113589405,1.31443837484708,38.2117754204465));
#3316=CARTESIAN_POINT('Ctrl Pts',(32.819248356849,1.63321524507409,37.0416729111899));
#3317=CARTESIAN_POINT('Ctrl Pts',(32.9555956421769,2.74660628834945,35.3705694571257));
#3318=CARTESIAN_POINT('Ctrl Pts',(33.2620616146673,4.38447460440138,34.0760153106283));
#3319=CARTESIAN_POINT('Ctrl Pts',(33.8026885660617,5.99393346777234,33.6993403555899));
#3320=CARTESIAN_POINT('Ctrl Pts',(34.1348309825862,6.77192218029782,33.7008011764953));
#3321=CARTESIAN_POINT('Ctrl Pts',(32.8664359318469,0.977114328013519,39.0000004768372));
#3322=CARTESIAN_POINT('Ctrl Pts',(32.8664359318469,0.977114328013519,38.1523266629979));
#3323=CARTESIAN_POINT('Ctrl Pts',(32.9090225208478,1.26308038682052,36.8900457865856));
#3324=CARTESIAN_POINT('Ctrl Pts',(33.0892486640305,2.37303241863599,35.0521115214753));
#3325=CARTESIAN_POINT('Ctrl Pts',(33.4313339325469,4.0933650889691,33.6021523627194));
#3326=CARTESIAN_POINT('Ctrl Pts',(34.0103245910741,5.83374719696592,33.1791376745072));
#3327=CARTESIAN_POINT('Ctrl Pts',(34.3658940227962,6.67329474171386,33.1829238746604));
#3328=CARTESIAN_POINT('Ctrl Pts',(33.0826416801993,0.716712272632514,39.0000004768372));
#3329=CARTESIAN_POINT('Ctrl Pts',(33.0826416801993,0.716712272632515,38.1089604875703));
#3330=CARTESIAN_POINT('Ctrl Pts',(33.1923954899059,1.00139208338928,36.7853824960599));
#3331=CARTESIAN_POINT('Ctrl Pts',(33.4892379931912,2.13918027107522,34.892071750989));
#3332=CARTESIAN_POINT('Ctrl Pts',(33.9072693690551,3.88295728989332,33.4249825037252));
#3333=CARTESIAN_POINT('Ctrl Pts',(34.4948427832895,5.6232501909866,32.9983000866085));
#3334=CARTESIAN_POINT('Ctrl Pts',(34.8481662275644,6.46744065006258,33.0000004768372));
#3335=CARTESIAN_POINT('Ctrl Pts',(33.1941226171649,0.629158483437006,39.0000004768372));
#3336=CARTESIAN_POINT('Ctrl Pts',(33.1941226171649,0.629158483437007,38.09501639308));
#3337=CARTESIAN_POINT('Ctrl Pts',(33.3355283473683,0.922665363626721,36.7535059129464));
#3338=CARTESIAN_POINT('Ctrl Pts',(33.6798003290694,2.08285618472943,34.8641540450183));
#3339=CARTESIAN_POINT('Ctrl Pts',(34.1229834622389,3.82782460425484,33.4199331100834));
#3340=CARTESIAN_POINT('Ctrl Pts',(34.7063275945146,5.54441264746001,33.0000004768369));
#3341=CARTESIAN_POINT('Ctrl Pts',(35.054550892799,6.3793469814402,33.0000004768372));
#3342=CARTESIAN_POINT('',(35.0545508927987,6.37934698143928,33.0000004768372));
#3343=CARTESIAN_POINT('',(34.1348309825861,6.77192218029773,34.0000004768372));
#3344=CARTESIAN_POINT('Origin',(35.0545508927989,6.37934698143989,34.0000004768372));
#3345=CARTESIAN_POINT('Ctrl Pts',(34.1348309825861,6.77192218029773,34.0000004768372));
#3346=CARTESIAN_POINT('Ctrl Pts',(33.8205498651702,6.03562859391645,34.0000004768369));
#3347=CARTESIAN_POINT('Ctrl Pts',(33.3035352546678,4.51739715661994,34.3499443378757));
#3348=CARTESIAN_POINT('Ctrl Pts',(32.9903866731639,2.94422118161844,35.5534617836548));
#3349=CARTESIAN_POINT('Ctrl Pts',(32.8406245652114,1.83865270278626,37.1279216735948));
#3350=CARTESIAN_POINT('Ctrl Pts',(32.815578450104,1.50272268121113,38.2458470737062));
#3351=CARTESIAN_POINT('Ctrl Pts',(32.815578450104,1.50272268121113,39.0000004768372));
#3352=CARTESIAN_POINT('Ctrl Pts',(33.1941226171649,0.629158483437006,39.0000004768372));
#3353=CARTESIAN_POINT('Ctrl Pts',(33.1941226171649,0.629158483437007,38.09501639308));
#3354=CARTESIAN_POINT('Ctrl Pts',(33.3355283473683,0.922665363626721,36.7535059129464));
#3355=CARTESIAN_POINT('Ctrl Pts',(33.6798003290694,2.08285618472943,34.8641540450183));
#3356=CARTESIAN_POINT('Ctrl Pts',(34.1229834622389,3.82782460425484,33.4199331100834));
#3357=CARTESIAN_POINT('Ctrl Pts',(34.7063275945146,5.54441264746001,33.0000004768369));
#3358=CARTESIAN_POINT('Ctrl Pts',(35.054550892799,6.3793469814402,33.0000004768372));
#3359=CARTESIAN_POINT('Origin',(49.9999994337559,0.,34.0000004768372));
#3360=CARTESIAN_POINT('',(36.6770358952743,9.30382408218745,33.0000004768372));
#3361=CARTESIAN_POINT('',(35.8571612159832,9.87636710262976,34.0000004768372));
#3362=CARTESIAN_POINT('Origin',(36.6770358952743,9.30382408218745,34.0000004768372));
#3363=CARTESIAN_POINT('Origin',(49.9999994337559,0.,34.0000004768372));
#3364=CARTESIAN_POINT('Origin',(49.9999994337559,0.,33.0000004768372));
#3365=CARTESIAN_POINT('Origin',(17.0000435922862,23.0448565728028,34.0000004768372));
#3366=CARTESIAN_POINT('',(40.9196252704688,21.0817945919297,33.0000004768372));
#3367=CARTESIAN_POINT('',(39.9229760338779,21.1635888411328,34.0000004768372));
#3368=CARTESIAN_POINT('Origin',(40.9196252704688,21.0817945919297,34.0000004768372));
#3369=CARTESIAN_POINT('Origin',(17.0000435922862,23.0448565728028,34.0000004768372));
#3370=CARTESIAN_POINT('Origin',(17.0000435922862,23.0448565728028,33.0000004768372));
#3371=CARTESIAN_POINT('Ctrl Pts',(39.9229760338779,21.1635888411328,34.0000004768372));
#3372=CARTESIAN_POINT('Ctrl Pts',(40.0736889371602,23.0000003427267,34.0000004768372));
#3373=CARTESIAN_POINT('Ctrl Pts',(41.9162745070598,23.0000003427267,34.0000004768372));
#3374=CARTESIAN_POINT('Ctrl Pts',(39.9229760338779,21.1635888411328,33.0000004768372));
#3375=CARTESIAN_POINT('Ctrl Pts',(40.0736889371602,23.0000003427267,33.0000004768372));
#3376=CARTESIAN_POINT('Ctrl Pts',(41.9162745070598,23.0000003427267,33.0000004768372));
#3377=CARTESIAN_POINT('Ctrl Pts',(40.9196252704688,21.0817945919297,33.0000004768372));
#3378=CARTESIAN_POINT('Ctrl Pts',(40.99498172211,22.0000003427267,33.0000004768372));
#3379=CARTESIAN_POINT('Ctrl Pts',(41.9162745070598,22.0000003427267,33.0000004768372));
#3380=CARTESIAN_POINT('',(41.9162745070598,22.0000003427267,33.0000004768372));
#3381=CARTESIAN_POINT('',(41.9162745070598,23.0000003427267,34.0000004768372));
#3382=CARTESIAN_POINT('Origin',(41.9162745070598,22.0000003427267,34.0000004768372));
#3383=CARTESIAN_POINT('Origin',(41.9162745070598,21.0000003427267,34.0000004768372));
#3384=CARTESIAN_POINT('Origin',(41.9162745070598,21.0000003427267,33.0000004768372));
#3385=CARTESIAN_POINT('Origin',(40.6905437436008,22.0000003427267,34.0000004768372));
#3386=CARTESIAN_POINT('',(49.5124994663522,22.0000003427267,33.0000004768372));
#3387=CARTESIAN_POINT('',(49.4999994337559,23.0000003427267,34.0000004768372));
#3388=CARTESIAN_POINT('Origin',(49.5124994663522,22.0000003427267,34.0000004768372));
#3389=CARTESIAN_POINT('',(40.6905437436008,23.0000003427267,34.0000004768372));
#3390=CARTESIAN_POINT('',(40.6905437436008,22.0000003427267,33.0000004768372));
#3391=CARTESIAN_POINT('Origin',(41.3810876362133,2.88315234272535,33.0000004768372));
#3392=CARTESIAN_POINT('',(39.0285395510023,-2.48788424994581,33.0000004768372));
#3393=CARTESIAN_POINT('Origin',(32.7000003866851,0.,33.0000004768372));
#3394=CARTESIAN_POINT('',(47.5181487360631,-10.9728263047568,33.0000004768372));
#3395=CARTESIAN_POINT('Origin',(49.9999994337559,0.,33.0000004768372));
#3396=CARTESIAN_POINT('',(49.9187566517725,-10.5004897392653,33.0000004768372));
#3397=CARTESIAN_POINT('Origin',(49.9999987388267,-17.25,33.0000004768372));
#3398=CARTESIAN_POINT('',(49.5468777918667,19.2497414734216,33.0000004768372));
#3399=CARTESIAN_POINT('',(49.4999994337559,23.0000003427267,33.0000004768372));
#3400=CARTESIAN_POINT('',(45.504759931718,19.2474448093871,33.0000004768372));
#3401=CARTESIAN_POINT('',(45.6867836850976,19.2475482322516,33.0000004768372));
#3402=CARTESIAN_POINT('',(45.0044759208009,19.7471606370539,33.0000004768372));
#3403=CARTESIAN_POINT('Origin',(45.5044758400929,19.7474447286791,33.0000004768372));
#3404=CARTESIAN_POINT('',(45.0036236459255,21.2471603949298,33.0000004768372));
#3405=CARTESIAN_POINT('',(45.0094083044895,11.0661886264663,33.0000004768372));
#3406=CARTESIAN_POINT('',(45.5033394735923,21.7474444058468,33.0000004768372));
#3407=CARTESIAN_POINT('Origin',(45.5036235652175,21.2474444865549,33.0000004768372));
#3408=CARTESIAN_POINT('',(49.515627927278,21.7497241213094,33.0000004768372));
#3409=CARTESIAN_POINT('',(43.1868550741305,21.7461282179991,33.0000004768372));
#3410=CARTESIAN_POINT('',(49.8719520386178,-6.75613045106788,33.0000004768372));
#3411=CARTESIAN_POINT('Origin',(32.7000003866851,0.,39.0000004768372));
#3412=CARTESIAN_POINT('',(32.7684242113958,-0.797066720009687,39.0000004768372));
#3413=CARTESIAN_POINT('Origin',(32.7000003866851,0.,39.0000004768372));
#3414=CARTESIAN_POINT('Ctrl Pts',(39.0285395510023,-2.48788424994581,33.0000004768372));
#3415=CARTESIAN_POINT('Ctrl Pts',(39.0241375675479,-2.48754999691215,33.0000004768372));
#3416=CARTESIAN_POINT('Ctrl Pts',(39.0197356618158,-2.4872147316946,33.0000049269875));
#3417=CARTESIAN_POINT('Ctrl Pts',(38.4555344676822,-2.44411246966381,33.0011456580943));
#3418=CARTESIAN_POINT('Ctrl Pts',(37.8994856166029,-2.385058214296,33.0742123040872));
#3419=CARTESIAN_POINT('Ctrl Pts',(36.8215602143916,-2.23357554464254,33.3596082416872));
#3420=CARTESIAN_POINT('Ctrl Pts',(36.3043528556852,-2.14161261543286,33.571323468571));
#3421=CARTESIAN_POINT('Ctrl Pts',(35.1135578682,-1.87850300863277,34.2515587465249));
#3422=CARTESIAN_POINT('Ctrl Pts',(34.493725347332,-1.69168214546093,34.787933960487));
#3423=CARTESIAN_POINT('Ctrl Pts',(33.521112139554,-1.30222661292294,36.0454421771645));
#3424=CARTESIAN_POINT('Ctrl Pts',(33.203884248225,-1.11725605158175,36.7043088589674));
#3425=CARTESIAN_POINT('Ctrl Pts',(32.8793516011589,-0.893964841452633,37.7838481850437));
#3426=CARTESIAN_POINT('Ctrl Pts',(32.7684242113958,-0.797066720009689,38.3466511556287));
#3427=CARTESIAN_POINT('Ctrl Pts',(32.7684242113958,-0.797066720009689,39.0000004768372));
#3428=CARTESIAN_POINT('Origin',(32.7000003866851,0.,42.));
#3429=CARTESIAN_POINT('',(32.7684247754004,-0.797066671592777,49.));
#3430=CARTESIAN_POINT('Origin',(32.7000003866851,0.,49.));
#3431=CARTESIAN_POINT('',(32.7684242113958,-0.797066720009687,39.));
#3432=CARTESIAN_POINT('Origin',(58.0837253626466,21.0000003427267,-9.87175510540131E-15));
#3433=CARTESIAN_POINT('',(60.0770238465058,21.1635887110327,51.));
#3434=CARTESIAN_POINT('',(60.0770238465057,21.1635887110327,-1.01158637662016E-14));
#3435=CARTESIAN_POINT('',(58.0837253626467,23.0000003427267,51.));
#3436=CARTESIAN_POINT('Origin',(58.0837253626467,21.0000003427267,51.));
#3437=CARTESIAN_POINT('',(58.0837253626466,23.0000003427267,48.3335778674651));
#3438=CARTESIAN_POINT('',(58.0837253626466,23.0000003427267,-9.87175510540131E-15));
#3439=CARTESIAN_POINT('',(59.1000020563602,22.7225512655776,47.5));
#3440=CARTESIAN_POINT('Ctrl Pts',(58.0837253626466,23.0000003427267,48.3335778674651));
#3441=CARTESIAN_POINT('Ctrl Pts',(58.1395313695295,23.0000003427267,48.3447096869099));
#3442=CARTESIAN_POINT('Ctrl Pts',(58.1957164141291,22.9976052701969,48.35));
#3443=CARTESIAN_POINT('Ctrl Pts',(58.3598534717378,22.983911779911,48.35));
#3444=CARTESIAN_POINT('Ctrl Pts',(58.4751628363647,22.9643023028668,48.327488130236));
#3445=CARTESIAN_POINT('Ctrl Pts',(58.684779953545,22.9106125108833,48.239190184655));
#3446=CARTESIAN_POINT('Ctrl Pts',(58.7792263643743,22.8769092545425,48.1735044941802));
#3447=CARTESIAN_POINT('Ctrl Pts',(58.9270865247631,22.8152323479817,48.0243358077283));
#3448=CARTESIAN_POINT('Ctrl Pts',(58.9914544265261,22.7828195658432,47.9305885094728));
#3449=CARTESIAN_POINT('Ctrl Pts',(59.0779459388568,22.736071223971,47.7228603424894));
#3450=CARTESIAN_POINT('Ctrl Pts',(59.1000020563602,22.7225512655776,47.6086686836708));
#3451=CARTESIAN_POINT('Ctrl Pts',(59.1000020563602,22.7225512655776,47.5));
#3452=CARTESIAN_POINT('',(58.0837253626466,23.0000003427267,46.6664221325349));
#3453=CARTESIAN_POINT('Ctrl Pts',(59.1000020563602,22.7225512655776,47.5));
#3454=CARTESIAN_POINT('Ctrl Pts',(59.1000020563602,22.7225512655776,47.3913313163292));
#3455=CARTESIAN_POINT('Ctrl Pts',(59.0779459388568,22.736071223971,47.2771396575106));
#3456=CARTESIAN_POINT('Ctrl Pts',(58.9914544265261,22.7828195658432,47.0694114905272));
#3457=CARTESIAN_POINT('Ctrl Pts',(58.9270865247631,22.8152323479817,46.9756641922717));
#3458=CARTESIAN_POINT('Ctrl Pts',(58.7792263643743,22.8769092545425,46.8264955058198));
#3459=CARTESIAN_POINT('Ctrl Pts',(58.684779953545,22.9106125108833,46.760809815345));
#3460=CARTESIAN_POINT('Ctrl Pts',(58.4751628363647,22.9643023028668,46.672511869764));
#3461=CARTESIAN_POINT('Ctrl Pts',(58.3598534717378,22.983911779911,46.65));
#3462=CARTESIAN_POINT('Ctrl Pts',(58.1957164141291,22.9976052701969,46.65));
#3463=CARTESIAN_POINT('Ctrl Pts',(58.1395313695295,23.0000003427267,46.6552903130901));
#3464=CARTESIAN_POINT('Ctrl Pts',(58.0837253626466,23.0000003427267,46.6664221325349));
#3465=CARTESIAN_POINT('',(58.0837253626466,23.0000003427267,43.2725036335499));
#3466=CARTESIAN_POINT('',(58.0837253626466,23.0000003427267,-9.87175510540131E-15));
#3467=CARTESIAN_POINT('',(58.9,22.8258414410739,42.0000003129244));
#3468=CARTESIAN_POINT('Ctrl Pts',(58.0837253626466,23.0000003427267,43.2725036335499));
#3469=CARTESIAN_POINT('Ctrl Pts',(58.2320815961529,23.0000003427267,43.2044493543974));
#3470=CARTESIAN_POINT('Ctrl Pts',(58.367962368571,22.9828728966321,43.1091629881192));
#3471=CARTESIAN_POINT('Ctrl Pts',(58.6057621997938,22.935068181628,42.8770498672813));
#3472=CARTESIAN_POINT('Ctrl Pts',(58.7159395652042,22.8990760584297,42.71916665186));
#3473=CARTESIAN_POINT('Ctrl Pts',(58.8630942477689,22.8435751833267,42.3710562410272));
#3474=CARTESIAN_POINT('Ctrl Pts',(58.9,22.8258414410739,42.1805181310696));
#3475=CARTESIAN_POINT('Ctrl Pts',(58.9,22.8258414410739,42.0000003129244));
#3476=CARTESIAN_POINT('',(58.0837253626466,23.0000003427267,40.7274969922988));
#3477=CARTESIAN_POINT('Ctrl Pts',(58.9,22.8258414410739,42.0000003129244));
#3478=CARTESIAN_POINT('Ctrl Pts',(58.9,22.8258414410739,41.8194824947791));
#3479=CARTESIAN_POINT('Ctrl Pts',(58.8630942477689,22.8435751833267,41.6289443848215));
#3480=CARTESIAN_POINT('Ctrl Pts',(58.7159395652042,22.8990760584297,41.2808339739888));
#3481=CARTESIAN_POINT('Ctrl Pts',(58.6057621997938,22.935068181628,41.1229507585675));
#3482=CARTESIAN_POINT('Ctrl Pts',(58.367962368571,22.9828728966321,40.8908376377296));
#3483=CARTESIAN_POINT('Ctrl Pts',(58.2320815961529,23.0000003427267,40.7955512714513));
#3484=CARTESIAN_POINT('Ctrl Pts',(58.0837253626466,23.0000003427267,40.7274969922988));
#3485=CARTESIAN_POINT('',(58.0837253626466,23.0000003427267,36.3335783443023));
#3486=CARTESIAN_POINT('',(58.0837253626466,23.0000003427267,-9.87175510540131E-15));
#3487=CARTESIAN_POINT('',(59.1000020563602,22.7225512655776,35.5000004768372));
#3488=CARTESIAN_POINT('Ctrl Pts',(58.0837253626466,23.0000003427267,36.3335783443023));
#3489=CARTESIAN_POINT('Ctrl Pts',(58.1395313695295,23.0000003427267,36.3447101637471));
#3490=CARTESIAN_POINT('Ctrl Pts',(58.1957164141291,22.9976052701969,36.3500004768372));
#3491=CARTESIAN_POINT('Ctrl Pts',(58.3598534717378,22.983911779911,36.3500004768372));
#3492=CARTESIAN_POINT('Ctrl Pts',(58.4751628363647,22.9643023028668,36.3274886070731));
#3493=CARTESIAN_POINT('Ctrl Pts',(58.684779953545,22.9106125108833,36.2391906614922));
#3494=CARTESIAN_POINT('Ctrl Pts',(58.7792263643743,22.8769092545425,36.1735049710173));
#3495=CARTESIAN_POINT('Ctrl Pts',(58.9270865247631,22.8152323479817,36.0243362845655));
#3496=CARTESIAN_POINT('Ctrl Pts',(58.9914544265261,22.7828195658432,35.93058898631));
#3497=CARTESIAN_POINT('Ctrl Pts',(59.0779459388568,22.736071223971,35.7228608193266));
#3498=CARTESIAN_POINT('Ctrl Pts',(59.1000020563602,22.7225512655776,35.608669160508));
#3499=CARTESIAN_POINT('Ctrl Pts',(59.1000020563602,22.7225512655776,35.5000004768372));
#3500=CARTESIAN_POINT('',(58.0837253626466,23.0000003427267,34.6664226093721));
#3501=CARTESIAN_POINT('Ctrl Pts',(59.1000020563602,22.7225512655776,35.5000004768372));
#3502=CARTESIAN_POINT('Ctrl Pts',(59.1000020563602,22.7225512655776,35.3913317931663));
#3503=CARTESIAN_POINT('Ctrl Pts',(59.0779459388568,22.736071223971,35.2771401343477));
#3504=CARTESIAN_POINT('Ctrl Pts',(58.9914544265261,22.7828195658432,35.0694119673644));
#3505=CARTESIAN_POINT('Ctrl Pts',(58.9270865247631,22.8152323479817,34.9756646691089));
#3506=CARTESIAN_POINT('Ctrl Pts',(58.7792263643743,22.8769092545425,34.826495982657));
#3507=CARTESIAN_POINT('Ctrl Pts',(58.684779953545,22.9106125108833,34.7608102921821));
#3508=CARTESIAN_POINT('Ctrl Pts',(58.4751628363647,22.9643023028668,34.6725123466012));
#3509=CARTESIAN_POINT('Ctrl Pts',(58.3598534717378,22.983911779911,34.6500004768372));
#3510=CARTESIAN_POINT('Ctrl Pts',(58.1957164141291,22.9976052701969,34.6500004768372));
#3511=CARTESIAN_POINT('Ctrl Pts',(58.1395313695295,23.0000003427267,34.6552907899272));
#3512=CARTESIAN_POINT('Ctrl Pts',(58.0837253626466,23.0000003427267,34.6664226093721));
#3513=CARTESIAN_POINT('',(58.0837253626466,23.0000003427267,-9.87175510540131E-15));
#3514=CARTESIAN_POINT('Origin',(49.9999994337559,0.,42.));
#3515=CARTESIAN_POINT('Origin',(49.9999994337559,0.,49.));
#3516=CARTESIAN_POINT('',(50.7498206858308,-17.2336957176903,39.0000004768372));
#3517=CARTESIAN_POINT('Origin',(49.9999994337559,0.,39.0000004768372));
#3518=CARTESIAN_POINT('',(50.7498206858308,-17.2336957176903,49.));
#3519=CARTESIAN_POINT('',(50.7498206858308,-17.2336957176903,39.));
#3520=CARTESIAN_POINT('',(49.2501767931362,-17.233695657276,49.));
#3521=CARTESIAN_POINT('Origin',(49.9999994337559,0.,49.));
#3522=CARTESIAN_POINT('',(49.2501767931362,-17.233695657276,39.0000004768372));
#3523=CARTESIAN_POINT('',(49.2501767931362,-17.233695657276,42.));
#3524=CARTESIAN_POINT('Origin',(49.9999994337559,0.,39.0000004768372));
#3525=CARTESIAN_POINT('Origin',(49.9999994337559,0.,49.));
#3526=CARTESIAN_POINT('',(35.8571612159832,9.87636710262976,51.));
#3527=CARTESIAN_POINT('',(35.8571612159832,9.87636710262976,-7.14978604157583E-15));
#3528=CARTESIAN_POINT('',(64.14283813824,9.87636640566495,51.));
#3529=CARTESIAN_POINT('Origin',(49.9999994337559,0.,51.));
#3530=CARTESIAN_POINT('',(64.14283813824,9.87636640566495,-1.06137824120316E-14));
#3531=CARTESIAN_POINT('Origin',(17.0000435922862,23.0448565728028,-4.84045516767527E-15));
#3532=CARTESIAN_POINT('',(39.9229760338779,21.1635888411328,51.));
#3533=CARTESIAN_POINT('',(39.9229760338779,21.1635888411328,-7.6477047518419E-15));
#3534=CARTESIAN_POINT('Origin',(17.0000435922862,23.0448565728028,51.));
#3535=CARTESIAN_POINT('Origin',(41.9162745070598,21.0000003427267,-7.89181341133465E-15));
#3536=CARTESIAN_POINT('',(41.9162745070598,23.0000003427267,34.6664222861449));
#3537=CARTESIAN_POINT('',(41.9162745070598,23.0000003427267,-7.89181341133465E-15));
#3538=CARTESIAN_POINT('',(41.2499994337559,22.8857568293108,34.8126141225938));
#3539=CARTESIAN_POINT('Ctrl Pts',(41.9162745070598,23.0000003427267,34.6664222861449));
#3540=CARTESIAN_POINT('Ctrl Pts',(41.8604690349738,23.0000003427267,34.6552906861757));
#3541=CARTESIAN_POINT('Ctrl Pts',(41.8042845529736,22.9976053173068,34.6500004768372));
#3542=CARTESIAN_POINT('Ctrl Pts',(41.640148035918,22.9839120064927,34.6500004768372));
#3543=CARTESIAN_POINT('Ctrl Pts',(41.5248386804121,22.9643026295852,34.6725123401292));
#3544=CARTESIAN_POINT('Ctrl Pts',(41.3592887174115,22.9219000257712,34.7422476758931));
#3545=CARTESIAN_POINT('Ctrl Pts',(41.3018749955643,22.9040854915704,34.7748802037516));
#3546=CARTESIAN_POINT('Ctrl Pts',(41.2499994337559,22.8857568293108,34.8126141225938));
#3547=CARTESIAN_POINT('',(39.9797828185662,21.5000002831221,35.1404641564385));
#3548=CARTESIAN_POINT('Ctrl Pts',(41.2499994337559,22.8857568293108,34.8126141225938));
#3549=CARTESIAN_POINT('Ctrl Pts',(41.2099892029301,22.8716204232233,34.783510962065));
#3550=CARTESIAN_POINT('Ctrl Pts',(41.1674520456026,22.8551341210193,34.7579817839822));
#3551=CARTESIAN_POINT('Ctrl Pts',(41.0269524430347,22.7945033754203,34.689176893289));
#3552=CARTESIAN_POINT('Ctrl Pts',(40.9245256959555,22.7401854684309,34.6630610503422));
#3553=CARTESIAN_POINT('Ctrl Pts',(40.670905396414,22.5768043658752,34.6381260190781));
#3554=CARTESIAN_POINT('Ctrl Pts',(40.5380149126545,22.4592508507783,34.6677468891545));
#3555=CARTESIAN_POINT('Ctrl Pts',(40.3111024653414,22.2051701604827,34.7617913025907));
#3556=CARTESIAN_POINT('Ctrl Pts',(40.218038462872,22.0686497055646,34.8285277318061));
#3557=CARTESIAN_POINT('Ctrl Pts',(40.0714408418715,21.7878776672231,34.9778831073953));
#3558=CARTESIAN_POINT('Ctrl Pts',(40.0172047826448,21.6449349452103,35.0602969608839));
#3559=CARTESIAN_POINT('Ctrl Pts',(39.9797828185662,21.5000002831221,35.1404641564385));
#3560=CARTESIAN_POINT('',(39.9797828185662,21.5000002831221,35.8595367972358));
#3561=CARTESIAN_POINT('',(39.9797828185662,21.5000002831221,-8.72676177347723E-15));
#3562=CARTESIAN_POINT('',(41.2499994337559,22.8857568293108,36.1873868310805));
#3563=CARTESIAN_POINT('Ctrl Pts',(39.9797828185662,21.5000002831221,35.8595367972358));
#3564=CARTESIAN_POINT('Ctrl Pts',(40.0172047826448,21.6449349452103,35.9397039927904));
#3565=CARTESIAN_POINT('Ctrl Pts',(40.0714408418715,21.7878776672231,36.022117846279));
#3566=CARTESIAN_POINT('Ctrl Pts',(40.218038462872,22.0686497055646,36.1714732218682));
#3567=CARTESIAN_POINT('Ctrl Pts',(40.3111024653414,22.2051701604827,36.2382096510836));
#3568=CARTESIAN_POINT('Ctrl Pts',(40.5380149126545,22.4592508507782,36.3322540645198));
#3569=CARTESIAN_POINT('Ctrl Pts',(40.670905396414,22.5768043658752,36.3618749345962));
#3570=CARTESIAN_POINT('Ctrl Pts',(40.9245256959555,22.7401854684309,36.3369399033321));
#3571=CARTESIAN_POINT('Ctrl Pts',(41.0269524430347,22.7945033754203,36.3108240603854));
#3572=CARTESIAN_POINT('Ctrl Pts',(41.1674520456026,22.8551341210193,36.2420191696921));
#3573=CARTESIAN_POINT('Ctrl Pts',(41.2099892029301,22.8716204232233,36.2164899916094));
#3574=CARTESIAN_POINT('Ctrl Pts',(41.2499994337559,22.8857568293108,36.1873868310805));
#3575=CARTESIAN_POINT('',(41.9162745070598,23.0000003427267,36.3335786675294));
#3576=CARTESIAN_POINT('Ctrl Pts',(41.2499994337559,22.8857568293108,36.1873868310805));
#3577=CARTESIAN_POINT('Ctrl Pts',(41.3018749955643,22.9040854915704,36.2251207499227));
#3578=CARTESIAN_POINT('Ctrl Pts',(41.3592887174115,22.9219000257712,36.2577532777812));
#3579=CARTESIAN_POINT('Ctrl Pts',(41.5248386804121,22.9643026295852,36.3274886135451));
#3580=CARTESIAN_POINT('Ctrl Pts',(41.640148035918,22.9839120064927,36.3500004768372));
#3581=CARTESIAN_POINT('Ctrl Pts',(41.8042845528776,22.9976053172988,36.3500004768372));
#3582=CARTESIAN_POINT('Ctrl Pts',(41.8604690349794,23.0000003427267,36.3447102674975));
#3583=CARTESIAN_POINT('Ctrl Pts',(41.9162745070598,23.0000003427267,36.3335786675294));
#3584=CARTESIAN_POINT('',(41.9162745070598,23.0000003427267,40.7407519015242));
#3585=CARTESIAN_POINT('',(41.9162745070598,23.0000003427267,-7.89181341133465E-15));
#3586=CARTESIAN_POINT('',(41.9162745070598,23.0000003427267,43.2592487243246));
#3587=CARTESIAN_POINT('Ctrl Pts',(41.9162745070608,23.0000003427267,40.7407519015237));
#3588=CARTESIAN_POINT('Ctrl Pts',(41.8040979924705,23.0000003427268,40.795251918459));
#3589=CARTESIAN_POINT('Ctrl Pts',(41.6965939752128,22.9898315364511,40.8678251690372));
#3590=CARTESIAN_POINT('Ctrl Pts',(41.464274140143,22.9538239231626,41.0696381312387));
#3591=CARTESIAN_POINT('Ctrl Pts',(41.3388394096735,22.9168998760824,41.2340837341484));
#3592=CARTESIAN_POINT('Ctrl Pts',(41.1707038074859,22.8579724179465,41.6019378484159));
#3593=CARTESIAN_POINT('Ctrl Pts',(41.1280697656113,22.8381334406166,41.8057203498187));
#3594=CARTESIAN_POINT('Ctrl Pts',(41.1280697656113,22.8381334406166,42.0000003129244));
#3595=CARTESIAN_POINT('Ctrl Pts',(41.1280697656113,22.8381334406166,42.1942802760301));
#3596=CARTESIAN_POINT('Ctrl Pts',(41.1707038074859,22.8579724179465,42.3980627774328));
#3597=CARTESIAN_POINT('Ctrl Pts',(41.3388394096734,22.9168998760824,42.7659168917004));
#3598=CARTESIAN_POINT('Ctrl Pts',(41.464274140143,22.9538239231626,42.9303624946101));
#3599=CARTESIAN_POINT('Ctrl Pts',(41.6965939752128,22.9898315364511,43.1321754568116));
#3600=CARTESIAN_POINT('Ctrl Pts',(41.8040979924705,23.0000003427268,43.2047487073898));
#3601=CARTESIAN_POINT('Ctrl Pts',(41.9162745070608,23.0000003427267,43.259248724325));
#3602=CARTESIAN_POINT('',(41.9162745070598,23.0000003427267,46.6664218093077));
#3603=CARTESIAN_POINT('',(41.9162745070598,23.0000003427267,-7.89181341133465E-15));
#3604=CARTESIAN_POINT('',(41.2499974876062,22.8857561416965,46.8126150613764));
#3605=CARTESIAN_POINT('Ctrl Pts',(41.9162745070598,23.0000003427267,46.6664218093077));
#3606=CARTESIAN_POINT('Ctrl Pts',(41.8604690349738,23.0000003427267,46.6552902093385));
#3607=CARTESIAN_POINT('Ctrl Pts',(41.8042845529736,22.9976053173068,46.65));
#3608=CARTESIAN_POINT('Ctrl Pts',(41.640148035918,22.9839120064927,46.65));
#3609=CARTESIAN_POINT('Ctrl Pts',(41.5248386804121,22.9643026295852,46.6725118632921));
#3610=CARTESIAN_POINT('Ctrl Pts',(41.3592879579839,22.9218998312577,46.742247518953));
#3611=CARTESIAN_POINT('Ctrl Pts',(41.3018735613708,22.9040850450612,46.7748805455565));
#3612=CARTESIAN_POINT('Ctrl Pts',(41.2499974876062,22.8857561416965,46.8126150613764));
#3613=CARTESIAN_POINT('',(39.9797828185662,21.5000002831221,47.140466510844));
#3614=CARTESIAN_POINT('Ctrl Pts',(41.2499974876062,22.8857561416965,46.8126150613764));
#3615=CARTESIAN_POINT('Ctrl Pts',(41.2099878242531,22.8716198896628,46.7835124868343));
#3616=CARTESIAN_POINT('Ctrl Pts',(41.1674513386961,22.8551338159632,46.7579837921933));
#3617=CARTESIAN_POINT('Ctrl Pts',(41.0269524430304,22.7945033754182,46.6891792476829));
#3618=CARTESIAN_POINT('Ctrl Pts',(40.9245256959501,22.7401854684279,46.663063404737));
#3619=CARTESIAN_POINT('Ctrl Pts',(40.6709053964076,22.5768043658702,46.638128373476));
#3620=CARTESIAN_POINT('Ctrl Pts',(40.5380149126483,22.4592508507724,46.667749243554));
#3621=CARTESIAN_POINT('Ctrl Pts',(40.3111024653363,22.2051701604759,46.761793656993));
#3622=CARTESIAN_POINT('Ctrl Pts',(40.2180384628676,22.0686497055576,46.8285300862096));
#3623=CARTESIAN_POINT('Ctrl Pts',(40.0714408418696,21.7878776672181,46.9778854618001));
#3624=CARTESIAN_POINT('Ctrl Pts',(40.0172047826441,21.6449349452074,47.0602993152887));
#3625=CARTESIAN_POINT('Ctrl Pts',(39.9797828185662,21.5000002831221,47.140466510844));
#3626=CARTESIAN_POINT('',(39.9797828185662,21.5000002831221,47.8595391516241));
#3627=CARTESIAN_POINT('',(39.9797828185662,21.5000002831221,-8.72676171389334E-15));
#3628=CARTESIAN_POINT('',(41.2500013799095,22.8857575169242,48.1873877698576));
#3629=CARTESIAN_POINT('Ctrl Pts',(39.9797828185662,21.5000002831221,47.8595391516241));
#3630=CARTESIAN_POINT('Ctrl Pts',(40.0172047826441,21.6449349452074,47.9397063471794));
#3631=CARTESIAN_POINT('Ctrl Pts',(40.0714408418696,21.7878776672181,48.022120200668));
#3632=CARTESIAN_POINT('Ctrl Pts',(40.2180384628676,22.0686497055576,48.1714755762585));
#3633=CARTESIAN_POINT('Ctrl Pts',(40.3111024653363,22.2051701604759,48.2382120054751));
#3634=CARTESIAN_POINT('Ctrl Pts',(40.5380149126483,22.4592508507724,48.3322564189141));
#3635=CARTESIAN_POINT('Ctrl Pts',(40.6709053964076,22.5768043658702,48.3618772889921));
#3636=CARTESIAN_POINT('Ctrl Pts',(40.9245256959501,22.7401854684279,48.3369422577311));
#3637=CARTESIAN_POINT('Ctrl Pts',(41.0269524430304,22.7945033754182,48.3108264147852));
#3638=CARTESIAN_POINT('Ctrl Pts',(41.167452752508,22.855134426075,48.2420211779086));
#3639=CARTESIAN_POINT('Ctrl Pts',(41.2099905816102,22.8716209567841,48.2164915163795));
#3640=CARTESIAN_POINT('Ctrl Pts',(41.2500013799095,22.8857575169242,48.1873877698576));
#3641=CARTESIAN_POINT('',(41.9162745070598,23.0000003427267,48.3335781906923));
#3642=CARTESIAN_POINT('Ctrl Pts',(41.2500013799095,22.8857575169242,48.1873877698577));
#3643=CARTESIAN_POINT('Ctrl Pts',(41.3018764297582,22.9040859380787,48.2251210917247));
#3644=CARTESIAN_POINT('Ctrl Pts',(41.3592894768387,22.9219002202846,48.2577531208408));
#3645=CARTESIAN_POINT('Ctrl Pts',(41.5248386804121,22.9643026295852,48.3274881367079));
#3646=CARTESIAN_POINT('Ctrl Pts',(41.640148035918,22.9839120064927,48.35));
#3647=CARTESIAN_POINT('Ctrl Pts',(41.8042845528776,22.9976053172988,48.35));
#3648=CARTESIAN_POINT('Ctrl Pts',(41.8604690349794,23.0000003427267,48.3447097906604));
#3649=CARTESIAN_POINT('Ctrl Pts',(41.9162745070598,23.0000003427267,48.3335781906923));
#3650=CARTESIAN_POINT('',(41.9162745070598,23.0000003427267,51.));
#3651=CARTESIAN_POINT('',(41.9162745070598,23.0000003427267,-7.89181341133465E-15));
#3652=CARTESIAN_POINT('Origin',(41.9162745070598,21.0000003427267,51.));
#3653=CARTESIAN_POINT('Origin',(49.9937510610307,-16.5000268349115,32.0000004768372));
#3654=CARTESIAN_POINT('',(49.515627927278,21.7497241213094,32.0000004768372));
#3655=CARTESIAN_POINT('',(49.515627927278,21.7497241213094,32.5000004768372));
#3656=CARTESIAN_POINT('',(49.4999994337559,23.0000003427267,32.0000004768372));
#3657=CARTESIAN_POINT('',(49.4999994337559,23.0000003427267,32.0000004768372));
#3658=CARTESIAN_POINT('',(49.4999994337559,23.0000003427267,37.0000002384186));
#3659=CARTESIAN_POINT('Origin',(39.9999998509884,23.0000003427267,42.));
#3660=CARTESIAN_POINT('',(49.4999994337559,23.0000003427267,38.2500002384186));
#3661=CARTESIAN_POINT('',(49.4999994337559,23.0000003427267,37.0000002384186));
#3662=CARTESIAN_POINT('',(49.4999994337559,23.0000003427267,45.7500002384186));
#3663=CARTESIAN_POINT('Origin',(49.4999994337559,23.0000003427267,42.0000002384186));
#3664=CARTESIAN_POINT('',(49.4999994337559,23.0000003427267,51.));
#3665=CARTESIAN_POINT('',(49.4999994337559,23.0000003427267,42.));
#3666=CARTESIAN_POINT('',(44.9999996423721,23.0000003427267,51.));
#3667=CARTESIAN_POINT('',(41.2500013799095,23.0000002831221,48.1873877698576));
#3668=CARTESIAN_POINT('Origin',(41.7499994337559,23.0000002831221,47.5));
#3669=CARTESIAN_POINT('',(41.5999994337599,23.0000002831221,47.500002831234));
#3670=CARTESIAN_POINT('Origin',(40.7499994337599,23.0000002831221,47.500002831234));
#3671=CARTESIAN_POINT('',(41.2499974876062,23.0000002831221,46.8126150613764));
#3672=CARTESIAN_POINT('Origin',(40.7499994337599,23.0000002831221,47.500002831234));
#3673=CARTESIAN_POINT('Origin',(41.7499994337559,23.0000002831221,47.5));
#3674=CARTESIAN_POINT('',(43.9280697656113,23.0000003427267,42.0000003129244));
#3675=CARTESIAN_POINT('Origin',(42.5280697656113,23.0000003427267,42.0000003129244));
#3676=CARTESIAN_POINT('Origin',(42.5280697656113,23.0000003427267,42.0000003129244));
#3677=CARTESIAN_POINT('',(41.2499994337559,23.0000002831221,36.1873868310805));
#3678=CARTESIAN_POINT('Origin',(41.7499994337559,23.0000002831221,35.5000004768372));
#3679=CARTESIAN_POINT('',(41.5999994337559,23.0000002831221,35.5000004768372));
#3680=CARTESIAN_POINT('Origin',(40.7499994337559,23.0000002831221,35.5000004768372));
#3681=CARTESIAN_POINT('',(41.2499994337559,23.0000002831221,34.8126141225938));
#3682=CARTESIAN_POINT('Origin',(40.7499994337559,23.0000002831221,35.5000004768372));
#3683=CARTESIAN_POINT('Origin',(41.7499994337559,23.0000002831221,35.5000004768372));
#3684=CARTESIAN_POINT('Origin',(39.9999998509884,23.0000003427267,42.));
#3685=CARTESIAN_POINT('Origin',(58.2500020563602,23.0000003427267,35.5000004768372));
#3686=CARTESIAN_POINT('Origin',(57.5,23.0000003427267,42.0000003129244));
#3687=CARTESIAN_POINT('Origin',(58.2500020563602,23.0000003427267,47.5));
#3688=CARTESIAN_POINT('',(50.4999994337559,23.0000003427267,51.));
#3689=CARTESIAN_POINT('',(44.9999996423721,23.0000003427267,51.));
#3690=CARTESIAN_POINT('',(50.4999994337559,23.0000003427267,45.7499990612268));
#3691=CARTESIAN_POINT('',(50.4999994337559,23.0000003427267,42.));
#3692=CARTESIAN_POINT('',(50.4999994337559,23.0000003427267,38.2499990612269));
#3693=CARTESIAN_POINT('Origin',(50.499998871237,23.0000003427267,41.9999990612268));
#3694=CARTESIAN_POINT('',(50.4999994337559,23.0000003427267,42.));
#3695=CARTESIAN_POINT('Origin',(49.9999994337559,0.,39.0000004768372));
#3696=CARTESIAN_POINT('Ctrl Pts',(52.4818492473516,-10.9728265047232,33.0000004768372));
#3697=CARTESIAN_POINT('Ctrl Pts',(52.4815096618893,-10.9772258041301,33.0000004768372));
#3698=CARTESIAN_POINT('Ctrl Pts',(52.4811690584056,-10.9816250240378,33.0000049204918));
#3699=CARTESIAN_POINT('Ctrl Pts',(52.4365473042209,-11.5562279065157,33.0011656938187));
#3700=CARTESIAN_POINT('Ctrl Pts',(52.3752554813089,-12.1224590308637,33.0769323522667));
#3701=CARTESIAN_POINT('Ctrl Pts',(52.2177143876406,-13.218829927161,33.3727220590818));
#3702=CARTESIAN_POINT('Ctrl Pts',(52.1219694602188,-13.7440201123632,33.5920840438679));
#3703=CARTESIAN_POINT('Ctrl Pts',(51.8506368177903,-14.9370644311832,34.2888083724616));
#3704=CARTESIAN_POINT('Ctrl Pts',(51.6597881653258,-15.5516081474346,34.8312719641655));
#3705=CARTESIAN_POINT('Ctrl Pts',(51.2608089064318,-16.512703749994,36.0999391769992));
#3706=CARTESIAN_POINT('Ctrl Pts',(51.0719380087726,-16.8206130802727,36.7599549386313));
#3707=CARTESIAN_POINT('Ctrl Pts',(50.847025069501,-17.1295197476356,37.8207387654939));
#3708=CARTESIAN_POINT('Ctrl Pts',(50.7498206858308,-17.2336957176903,38.3677822563712));
#3709=CARTESIAN_POINT('Ctrl Pts',(50.7498206858308,-17.2336957176903,39.0000004768372));
#3710=CARTESIAN_POINT('Origin',(49.9999987388267,-17.25,39.0000004768372));
#3711=CARTESIAN_POINT('',(50.0062503958901,-16.5000268680715,39.0000004768372));
#3712=CARTESIAN_POINT('Ctrl Pts',(50.081244411663,-10.5004897824274,33.0000004768372));
#3713=CARTESIAN_POINT('Ctrl Pts',(50.0766167759874,-10.8707016129177,33.0000004768372));
#3714=CARTESIAN_POINT('Ctrl Pts',(50.0715627985138,-11.2750208771985,33.0365293466735));
#3715=CARTESIAN_POINT('Ctrl Pts',(50.0616648313738,-12.0668603368764,33.1940483131292));
#3716=CARTESIAN_POINT('Ctrl Pts',(50.0568208417061,-12.4543805323771,33.315038409228));
#3717=CARTESIAN_POINT('Ctrl Pts',(50.0482700842816,-13.1384429305581,33.5984084388078));
#3718=CARTESIAN_POINT('Ctrl Pts',(50.0437755395495,-13.4980074574812,33.7868951391902));
#3719=CARTESIAN_POINT('Ctrl Pts',(50.0353844447724,-14.1692968101725,34.2354713225141));
#3720=CARTESIAN_POINT('Ctrl Pts',(50.031487894716,-14.4810216368625,34.4955608040762));
#3721=CARTESIAN_POINT('Ctrl Pts',(50.024943424477,-15.0045806368759,35.0191604972792));
#3722=CARTESIAN_POINT('Ctrl Pts',(50.0216925656696,-15.2646500274,35.3309097217844));
#3723=CARTESIAN_POINT('Ctrl Pts',(50.016085809607,-15.7131916954413,36.0022516173042));
#3724=CARTESIAN_POINT('Ctrl Pts',(50.0137299122616,-15.9016639801715,36.3618442834989));
#3725=CARTESIAN_POINT('Ctrl Pts',(50.0101880674433,-16.1850123129637,37.0459596667712));
#3726=CARTESIAN_POINT('Ctrl Pts',(50.0086758095609,-16.3059932626453,37.4335095742468));
#3727=CARTESIAN_POINT('Ctrl Pts',(50.0067069733707,-16.4635005732882,38.2254098058088));
#3728=CARTESIAN_POINT('Ctrl Pts',(50.0062503958901,-16.5000268680715,38.6297601430599));
#3729=CARTESIAN_POINT('Ctrl Pts',(50.0062503958901,-16.5000268680715,39.0000004768372));
#3730=CARTESIAN_POINT('Origin',(49.9999987388267,-17.25,39.0000004768372));
#3731=CARTESIAN_POINT('Origin',(49.9999987388267,-17.25,42.));
#3732=CARTESIAN_POINT('',(49.9937510610307,-16.5000268349115,39.0000004768372));
#3733=CARTESIAN_POINT('',(49.9937510610307,-16.5000268349115,42.));
#3734=CARTESIAN_POINT('Origin',(49.9999987388267,-17.25,39.0000004768372));
#3735=CARTESIAN_POINT('Origin',(49.9999987388267,-17.25,49.));
#3736=CARTESIAN_POINT('',(50.0062503958901,-16.5000268680715,42.));
#3737=CARTESIAN_POINT('Origin',(49.9999994337559,0.,39.0000004768372));
#3738=CARTESIAN_POINT('Ctrl Pts',(49.2501767931362,-17.233695657276,39.0000004768372));
#3739=CARTESIAN_POINT('Ctrl Pts',(49.2501767931362,-17.233695657276,38.3677822563712));
#3740=CARTESIAN_POINT('Ctrl Pts',(49.1529724178596,-17.1295196793894,37.820738765494));
#3741=CARTESIAN_POINT('Ctrl Pts',(48.9280595034771,-16.820612993905,36.7599549386313));
#3742=CARTESIAN_POINT('Ctrl Pts',(48.7391886306266,-16.5127036484087,36.0999391769992));
#3743=CARTESIAN_POINT('Ctrl Pts',(48.3402094491695,-15.5516080137029,34.8312719641655));
#3744=CARTESIAN_POINT('Ctrl Pts',(48.1493608462198,-14.9370642820746,34.2888083724616));
#3745=CARTESIAN_POINT('Ctrl Pts',(47.8780282999166,-13.7440199413929,33.5920840438679));
#3746=CARTESIAN_POINT('Ctrl Pts',(47.7822834148102,-13.2188297484763,33.3727220590818));
#3747=CARTESIAN_POINT('Ctrl Pts',(47.6247424094857,-12.1224588395378,33.0769323522808));
#3748=CARTESIAN_POINT('Ctrl Pts',(47.5634506321931,-11.5562277102548,33.0011656938188));
#3749=CARTESIAN_POINT('Ctrl Pts',(47.5188289243,-10.9816248241249,33.0000049204918));
#3750=CARTESIAN_POINT('Ctrl Pts',(47.518488321171,-10.9772256041923,33.0000004768372));
#3751=CARTESIAN_POINT('Ctrl Pts',(47.5181487360631,-10.9728263047568,33.0000004768372));
#3752=CARTESIAN_POINT('Origin',(49.9999987388267,-17.25,39.0000004768372));
#3753=CARTESIAN_POINT('Ctrl Pts',(49.9937510610307,-16.5000268349115,39.0000004768372));
#3754=CARTESIAN_POINT('Ctrl Pts',(49.9937510610307,-16.5000268349115,38.6297601438704));
#3755=CARTESIAN_POINT('Ctrl Pts',(49.9932944811462,-16.4635005394057,38.2254098076511));
#3756=CARTESIAN_POINT('Ctrl Pts',(49.9913256346083,-16.3059932271007,37.4335095783184));
#3757=CARTESIAN_POINT('Ctrl Pts',(49.9898133687841,-16.1850122766504,37.0459596720062));
#3758=CARTESIAN_POINT('Ctrl Pts',(49.9862715053734,-15.9016639426842,36.3618442890688));
#3759=CARTESIAN_POINT('Ctrl Pts',(49.9839155956593,-15.7131916570308,36.002251622139));
#3760=CARTESIAN_POINT('Ctrl Pts',(49.9783088101676,-15.2646499873638,35.3309097251641));
#3761=CARTESIAN_POINT('Ctrl Pts',(49.9750579342998,-15.0045805961186,35.0191604999512));
#3762=CARTESIAN_POINT('Ctrl Pts',(49.9685134297209,-14.481021595099,34.4955608058499));
#3763=CARTESIAN_POINT('Ctrl Pts',(49.9646168592221,-14.1692967680741,34.2354713239371));
#3764=CARTESIAN_POINT('Ctrl Pts',(49.9562257204238,-13.4980074147376,33.7868951399764));
#3765=CARTESIAN_POINT('Ctrl Pts',(49.9517311521129,-13.1384428875021,33.5984084393117));
#3766=CARTESIAN_POINT('Ctrl Pts',(49.9431803498343,-12.4543804890421,33.3150384094586));
#3767=CARTESIAN_POINT('Ctrl Pts',(49.9383363347592,-12.0668602935722,33.1940483132788));
#3768=CARTESIAN_POINT('Ctrl Pts',(49.928438315703,-11.2750208339639,33.0365293467072));
#3769=CARTESIAN_POINT('Ctrl Pts',(49.9233843117207,-10.8707015697217,33.0000004768372));
#3770=CARTESIAN_POINT('Ctrl Pts',(49.9187566517725,-10.5004897392653,33.0000004768372));
#3771=CARTESIAN_POINT('Origin',(50.4999994337559,23.0000003427267,32.0000004768372));
#3772=CARTESIAN_POINT('',(50.4531245573889,19.2500003427267,32.5000004768372));
#3773=CARTESIAN_POINT('Origin',(49.9937510610307,-16.5000268349115,32.0000004768372));
#3774=CARTESIAN_POINT('',(49.5468777918667,19.2497414734216,32.0000004768372));
#3775=CARTESIAN_POINT('',(49.4999994337559,23.0000003427267,32.0000004768372));
#3776=CARTESIAN_POINT('',(49.5468777918667,19.2497414734216,32.5000004768372));
#3777=CARTESIAN_POINT('Origin',(40.5750004068347,21.5000002831221,47.500002831234));
#3778=CARTESIAN_POINT('Origin',(40.7499994337599,21.5000002831221,47.500002831234));
#3779=CARTESIAN_POINT('Origin',(40.5749994337559,21.5000002831221,35.5000004768372));
#3780=CARTESIAN_POINT('Origin',(40.7499994337559,21.5000002831221,35.5000004768372));
#3781=CARTESIAN_POINT('Origin',(69.0000002831221,25.0000002831221,47.0000004768372));
#3782=CARTESIAN_POINT('',(49.4999994337559,23.6500002831221,47.0000004768372));
#3783=CARTESIAN_POINT('Origin',(49.4999994337559,25.0000002831221,47.0000004768372));
#3784=CARTESIAN_POINT('',(42.4373861451253,23.6500002831221,47.0000004839024));
#3785=CARTESIAN_POINT('',(69.0000002831221,23.6500002831221,47.0000004768372));
#3786=CARTESIAN_POINT('',(41.7499994337559,25.0000002831221,48.35));
#3787=CARTESIAN_POINT('Ctrl Pts',(42.4373861451253,23.6500002831221,47.0000004909676));
#3788=CARTESIAN_POINT('Ctrl Pts',(42.4783022206838,23.6500002837108,47.0562508794424));
#3789=CARTESIAN_POINT('Ctrl Pts',(42.5129243308682,23.6536326353701,47.1187493417635));
#3790=CARTESIAN_POINT('Ctrl Pts',(42.5808835939231,23.6769299145986,47.2883043501398));
#3791=CARTESIAN_POINT('Ctrl Pts',(42.5999994337559,23.7060408702768,47.3997666685249));
#3792=CARTESIAN_POINT('Ctrl Pts',(42.5999994337559,23.7899870554468,47.6103028625487));
#3793=CARTESIAN_POINT('Ctrl Pts',(42.5775289066692,23.8517132368008,47.7200899630719));
#3794=CARTESIAN_POINT('Ctrl Pts',(42.5003837072669,23.9977975499474,47.91251434362));
#3795=CARTESIAN_POINT('Ctrl Pts',(42.4460534719715,24.0820489274775,47.9953705267672));
#3796=CARTESIAN_POINT('Ctrl Pts',(42.3059155043689,24.2849436926894,48.1553857123704));
#3797=CARTESIAN_POINT('Ctrl Pts',(42.2009541695653,24.4246942521371,48.2307528426136));
#3798=CARTESIAN_POINT('Ctrl Pts',(41.9774023403314,24.7135691200237,48.3280386472973));
#3799=CARTESIAN_POINT('Ctrl Pts',(41.8589053484413,24.8627514023309,48.35));
#3800=CARTESIAN_POINT('Ctrl Pts',(41.7499994337559,25.0000002831221,48.35));
#3801=CARTESIAN_POINT('',(41.2499974875027,26.3369321086524,46.8126150614163));
#3802=CARTESIAN_POINT('Ctrl Pts',(41.7499994337559,25.0000002831221,48.35));
#3803=CARTESIAN_POINT('Ctrl Pts',(41.8589053484413,25.1372491639133,48.35));
#3804=CARTESIAN_POINT('Ctrl Pts',(41.9774023403314,25.2864314462204,48.3280386472973));
#3805=CARTESIAN_POINT('Ctrl Pts',(42.2009541695653,25.575306314107,48.2307528426136));
#3806=CARTESIAN_POINT('Ctrl Pts',(42.3059155043689,25.7150568735547,48.1553857123704));
#3807=CARTESIAN_POINT('Ctrl Pts',(42.4460534719715,25.9179516387666,47.9953705267672));
#3808=CARTESIAN_POINT('Ctrl Pts',(42.5003837072669,26.0022030162967,47.91251434362));
#3809=CARTESIAN_POINT('Ctrl Pts',(42.5775289066692,26.1482873294433,47.7200899630719));
#3810=CARTESIAN_POINT('Ctrl Pts',(42.5999994337559,26.2100135107973,47.6103028625487));
#3811=CARTESIAN_POINT('Ctrl Pts',(42.5999994337559,26.2939596959673,47.3997666685249));
#3812=CARTESIAN_POINT('Ctrl Pts',(42.5808835939231,26.3230706516455,47.2883043501398));
#3813=CARTESIAN_POINT('Ctrl Pts',(42.4970846896361,26.3517979565699,47.0792302183789));
#3814=CARTESIAN_POINT('Ctrl Pts',(42.4322990470771,26.3520787880472,46.9817513824865));
#3815=CARTESIAN_POINT('Ctrl Pts',(42.2809791154913,26.3411732192922,46.8274700197727));
#3816=CARTESIAN_POINT('Ctrl Pts',(42.184872673046,26.3294038096177,46.7607388074273));
#3817=CARTESIAN_POINT('Ctrl Pts',(41.9736594707554,26.3103323771205,46.6719916165203));
#3818=CARTESIAN_POINT('Ctrl Pts',(41.8584700962601,26.3038406361614,46.65));
#3819=CARTESIAN_POINT('Ctrl Pts',(41.6415287712516,26.3038406361614,46.65));
#3820=CARTESIAN_POINT('Ctrl Pts',(41.5263393967564,26.3103323771205,46.6719916165203));
#3821=CARTESIAN_POINT('Ctrl Pts',(41.3600440752639,26.3253479630974,46.741865291477));
#3822=CARTESIAN_POINT('Ctrl Pts',(41.3023432640485,26.3315953218429,46.77453888508));
#3823=CARTESIAN_POINT('Ctrl Pts',(41.2499974874479,26.3369321086524,46.8126150614916));
#3824=CARTESIAN_POINT('',(40.7499994337599,25.0000002831221,48.3500028312341));
#3825=CARTESIAN_POINT('Ctrl Pts',(41.2499974875591,26.3369321086314,46.8126150613421));
#3826=CARTESIAN_POINT('Ctrl Pts',(41.1611716740552,26.3278761958531,46.748004173828));
#3827=CARTESIAN_POINT('Ctrl Pts',(41.0603589739449,26.3167604928942,46.701033264384));
#3828=CARTESIAN_POINT('Ctrl Pts',(40.8471538329122,26.3037250140954,46.6485380233509));
#3829=CARTESIAN_POINT('Ctrl Pts',(40.7373427773459,26.3020632094814,46.6430813792899));
#3830=CARTESIAN_POINT('Ctrl Pts',(40.5229158881312,26.3101205565143,46.6739122259405));
#3831=CARTESIAN_POINT('Ctrl Pts',(40.4209863189566,26.3193678907276,46.7090530150772));
#3832=CARTESIAN_POINT('Ctrl Pts',(40.2319657548408,26.3387109024798,46.8170012283891));
#3833=CARTESIAN_POINT('Ctrl Pts',(40.1470499007479,26.3484377741137,46.8905945689167));
#3834=CARTESIAN_POINT('Ctrl Pts',(40.016859286751,26.3510909898396,47.0582313972386));
#3835=CARTESIAN_POINT('Ctrl Pts',(39.9701776279957,26.3453673444027,47.1475013443951));
#3836=CARTESIAN_POINT('Ctrl Pts',(39.9128062994038,26.3124919756102,47.3277613022649));
#3837=CARTESIAN_POINT('Ctrl Pts',(39.9000882729251,26.2880798723796,47.4143388056499));
#3838=CARTESIAN_POINT('Ctrl Pts',(39.8999062521194,26.2186018256485,47.5889463868494));
#3839=CARTESIAN_POINT('Ctrl Pts',(39.9139589767914,26.1736068710577,47.6737550264751));
#3840=CARTESIAN_POINT('Ctrl Pts',(39.9683614992016,26.0559636879053,47.8492624079835));
#3841=CARTESIAN_POINT('Ctrl Pts',(40.0139787222296,25.9801697927524,47.9346951753469));
#3842=CARTESIAN_POINT('Ctrl Pts',(40.1429995594439,25.7857710004428,48.1081617674608));
#3843=CARTESIAN_POINT('Ctrl Pts',(40.2347962441824,25.6610897456082,48.1852479322464));
#3844=CARTESIAN_POINT('Ctrl Pts',(40.4530876081009,25.374510839493,48.3084793021323));
#3845=CARTESIAN_POINT('Ctrl Pts',(40.5855923119645,25.2074532597243,48.3441796498049));
#3846=CARTESIAN_POINT('Ctrl Pts',(40.7275478760858,25.0281947111075,48.3497781613982));
#3847=CARTESIAN_POINT('Ctrl Pts',(40.7389374190027,25.0139412223368,48.3500028312341));
#3848=CARTESIAN_POINT('Ctrl Pts',(40.7499994337599,25.0000002831221,48.3500028312341));
#3849=CARTESIAN_POINT('',(40.0626147920943,23.6500002831221,47.0000004768372));
#3850=CARTESIAN_POINT('Ctrl Pts',(40.7499994337599,25.0000002831221,48.3500028312341));
#3851=CARTESIAN_POINT('Ctrl Pts',(40.7389374190028,24.9860593439073,48.3500028312341));
#3852=CARTESIAN_POINT('Ctrl Pts',(40.7275478760858,24.9718058551366,48.3497781613982));
#3853=CARTESIAN_POINT('Ctrl Pts',(40.5855923119645,24.7925473065198,48.3441796498049));
#3854=CARTESIAN_POINT('Ctrl Pts',(40.4530876081009,24.6254897267511,48.3084793021323));
#3855=CARTESIAN_POINT('Ctrl Pts',(40.2347962441823,24.3389108206359,48.1852479322464));
#3856=CARTESIAN_POINT('Ctrl Pts',(40.1429995594439,24.2142295658013,48.1081617674608));
#3857=CARTESIAN_POINT('Ctrl Pts',(40.0139787222296,24.0198307734918,47.9346951753469));
#3858=CARTESIAN_POINT('Ctrl Pts',(39.9683614992016,23.9440368783388,47.8492624079835));
#3859=CARTESIAN_POINT('Ctrl Pts',(39.9139589767914,23.8263936951865,47.6737550264751));
#3860=CARTESIAN_POINT('Ctrl Pts',(39.8999062521194,23.7813987405956,47.5889463868494));
#3861=CARTESIAN_POINT('Ctrl Pts',(39.9000882729251,23.7119206938646,47.4143388056499));
#3862=CARTESIAN_POINT('Ctrl Pts',(39.9128062994038,23.6875085906339,47.3277613022649));
#3863=CARTESIAN_POINT('Ctrl Pts',(39.9675090077727,23.6561624155371,47.1558861139442));
#3864=CARTESIAN_POINT('Ctrl Pts',(40.0087275687855,23.6500002831221,47.0740826273686));
#3865=CARTESIAN_POINT('Ctrl Pts',(40.0626147920943,23.6500002831221,47.0000004768372));
#3866=CARTESIAN_POINT('',(69.0000002831221,23.6500002831221,47.0000004768372));
#3867=CARTESIAN_POINT('',(41.2499974875027,23.6630684575918,46.8126150614163));
#3868=CARTESIAN_POINT('Ctrl Pts',(40.0626147920943,23.6500002831221,47.0000004768372));
#3869=CARTESIAN_POINT('Ctrl Pts',(40.0678486425436,23.6500002831221,46.9928051738873));
#3870=CARTESIAN_POINT('Ctrl Pts',(40.0732021701637,23.6500578145127,46.9856828318402));
#3871=CARTESIAN_POINT('Ctrl Pts',(40.1470499007479,23.6515627921305,46.8905945689167));
#3872=CARTESIAN_POINT('Ctrl Pts',(40.2319657548408,23.6612896637643,46.8170012283891));
#3873=CARTESIAN_POINT('Ctrl Pts',(40.4209863189566,23.6806326755166,46.7090530150772));
#3874=CARTESIAN_POINT('Ctrl Pts',(40.5229158881312,23.6898800097298,46.6739122259405));
#3875=CARTESIAN_POINT('Ctrl Pts',(40.7373427773459,23.6979373567628,46.6430813792899));
#3876=CARTESIAN_POINT('Ctrl Pts',(40.8471538329122,23.6962755521488,46.6485380233509));
#3877=CARTESIAN_POINT('Ctrl Pts',(41.0603589739449,23.6832400733499,46.701033264384));
#3878=CARTESIAN_POINT('Ctrl Pts',(41.1611716740552,23.672124370391,46.748004173828));
#3879=CARTESIAN_POINT('Ctrl Pts',(41.2499974875591,23.6630684576127,46.8126150613421));
#3880=CARTESIAN_POINT('Ctrl Pts',(41.2499974874479,23.6630684575918,46.8126150614916));
#3881=CARTESIAN_POINT('Ctrl Pts',(41.3023432640485,23.6684052444012,46.77453888508));
#3882=CARTESIAN_POINT('Ctrl Pts',(41.3600440752639,23.6746526031467,46.741865291477));
#3883=CARTESIAN_POINT('Ctrl Pts',(41.5263393967564,23.6896681891236,46.6719916165203));
#3884=CARTESIAN_POINT('Ctrl Pts',(41.6415287712516,23.6961599300827,46.65));
#3885=CARTESIAN_POINT('Ctrl Pts',(41.8584700962601,23.6961599300827,46.65));
#3886=CARTESIAN_POINT('Ctrl Pts',(41.9736594707554,23.6896681891236,46.6719916165203));
#3887=CARTESIAN_POINT('Ctrl Pts',(42.184872673046,23.6705967566264,46.7607388074273));
#3888=CARTESIAN_POINT('Ctrl Pts',(42.2809791154913,23.658827346952,46.8274700197727));
#3889=CARTESIAN_POINT('Ctrl Pts',(42.3853640594041,23.651304364547,46.933897846067));
#3890=CARTESIAN_POINT('Ctrl Pts',(42.4125165879487,23.6500002827642,46.9658104511534));
#3891=CARTESIAN_POINT('Ctrl Pts',(42.4373861451253,23.6500002831221,47.0000004909676));
#3892=CARTESIAN_POINT('Origin',(41.7499994337559,28.0000002831221,47.5));
#3893=CARTESIAN_POINT('',(41.2499974876062,28.0000002831221,46.8126150613764));
#3894=CARTESIAN_POINT('Origin',(41.7499994337559,28.0000002831221,35.5000004768372));
#3895=CARTESIAN_POINT('',(41.2499994337559,28.0000002831221,34.8126141225938));
#3896=CARTESIAN_POINT('Origin',(40.7499994337559,28.0000002831221,35.5000004768372));
#3897=CARTESIAN_POINT('',(41.2499994337559,28.0000002831221,36.1873868310805));
#3898=CARTESIAN_POINT('',(41.5999994337559,28.0000002831221,35.5000004768372));
#3899=CARTESIAN_POINT('',(41.2499994337559,23.8599740388194,36.1873868310806));
#3900=CARTESIAN_POINT('',(41.2499994337559,26.1400265274247,36.1873868310806));
#3901=CARTESIAN_POINT('Ctrl Pts',(41.2499994337559,23.8599740388195,36.1873868310805));
#3902=CARTESIAN_POINT('Ctrl Pts',(41.1881806549459,23.8279217884609,36.2323533760434));
#3903=CARTESIAN_POINT('Ctrl Pts',(41.1138148486146,23.8031624830914,36.2729137439074));
#3904=CARTESIAN_POINT('Ctrl Pts',(40.9421182608698,23.7681794048978,36.3336597390012));
#3905=CARTESIAN_POINT('Ctrl Pts',(40.8429134777857,23.7600403563954,36.3500004768372));
#3906=CARTESIAN_POINT('Ctrl Pts',(40.657085389726,23.7600403563954,36.3500004768372));
#3907=CARTESIAN_POINT('Ctrl Pts',(40.557880606642,23.7681794048978,36.3336597390012));
#3908=CARTESIAN_POINT('Ctrl Pts',(40.3751037865099,23.8054200738863,36.2689935743159));
#3909=CARTESIAN_POINT('Ctrl Pts',(40.2916070504654,23.8350846955355,36.2207808354046));
#3910=CARTESIAN_POINT('Ctrl Pts',(40.1382582618782,23.9239520332519,36.100387606951));
#3911=CARTESIAN_POINT('Ctrl Pts',(40.0626023855257,24.0064139868425,36.0072192556846));
#3912=CARTESIAN_POINT('Ctrl Pts',(39.9614656689604,24.2066585305604,35.8368088283871));
#3913=CARTESIAN_POINT('Ctrl Pts',(39.9346775452198,24.3513819269789,35.7478615329786));
#3914=CARTESIAN_POINT('Ctrl Pts',(39.9077305340817,24.6679503535774,35.6294890978812));
#3915=CARTESIAN_POINT('Ctrl Pts',(39.9059022264585,24.8396271369951,35.6));
#3916=CARTESIAN_POINT('Ctrl Pts',(39.9059022264585,25.0000002831221,35.6));
#3917=CARTESIAN_POINT('Ctrl Pts',(39.9059022264585,25.160373429249,35.6));
#3918=CARTESIAN_POINT('Ctrl Pts',(39.9077305340817,25.3320502126668,35.6294890978812));
#3919=CARTESIAN_POINT('Ctrl Pts',(39.9346775452198,25.6486186392652,35.7478615329786));
#3920=CARTESIAN_POINT('Ctrl Pts',(39.9614656689604,25.7933420356838,35.8368088283871));
#3921=CARTESIAN_POINT('Ctrl Pts',(40.0626023855257,25.9935865794017,36.0072192556846));
#3922=CARTESIAN_POINT('Ctrl Pts',(40.1382582618782,26.0760485329923,36.100387606951));
#3923=CARTESIAN_POINT('Ctrl Pts',(40.2916070504654,26.1649158707086,36.2207808354046));
#3924=CARTESIAN_POINT('Ctrl Pts',(40.3751037865099,26.1945804923579,36.2689935743159));
#3925=CARTESIAN_POINT('Ctrl Pts',(40.557880606642,26.2318211613464,36.3336597390012));
#3926=CARTESIAN_POINT('Ctrl Pts',(40.657085389726,26.2399602098488,36.3500004768372));
#3927=CARTESIAN_POINT('Ctrl Pts',(40.8429134777857,26.2399602098488,36.3500004768372));
#3928=CARTESIAN_POINT('Ctrl Pts',(40.9421182608698,26.2318211613464,36.3336597390012));
#3929=CARTESIAN_POINT('Ctrl Pts',(41.1138148486146,26.1968380831528,36.2729137439074));
#3930=CARTESIAN_POINT('Ctrl Pts',(41.1881806549459,26.1720787777832,36.2323533760434));
#3931=CARTESIAN_POINT('Ctrl Pts',(41.2499994337559,26.1400265274247,36.1873868310805));
#3932=CARTESIAN_POINT('',(41.2499994337559,28.0000002831221,36.1873868310805));
#3933=CARTESIAN_POINT('Origin',(41.7499994337559,28.0000002831221,35.5000004768372));
#3934=CARTESIAN_POINT('Ctrl Pts',(41.2499994337559,26.1400265274247,36.1873868310806));
#3935=CARTESIAN_POINT('Ctrl Pts',(41.3118182125659,26.1720787777832,36.2323533760435));
#3936=CARTESIAN_POINT('Ctrl Pts',(41.3861840188972,26.1968380831528,36.2729137439074));
#3937=CARTESIAN_POINT('Ctrl Pts',(41.557880606642,26.2318211613464,36.3336597390012));
#3938=CARTESIAN_POINT('Ctrl Pts',(41.657085389726,26.2399602098488,36.3500004768372));
#3939=CARTESIAN_POINT('Ctrl Pts',(41.8429134777857,26.2399602098488,36.3500004768372));
#3940=CARTESIAN_POINT('Ctrl Pts',(41.9421182608697,26.2318211613464,36.3336597390012));
#3941=CARTESIAN_POINT('Ctrl Pts',(42.1248950810018,26.1945804923579,36.2689935743159));
#3942=CARTESIAN_POINT('Ctrl Pts',(42.2083918170463,26.1649158707086,36.2207808354046));
#3943=CARTESIAN_POINT('Ctrl Pts',(42.3617406056335,26.0760485329923,36.100387606951));
#3944=CARTESIAN_POINT('Ctrl Pts',(42.4373964819861,25.9935865794017,36.0072192556846));
#3945=CARTESIAN_POINT('Ctrl Pts',(42.5385331985513,25.7933420356838,35.8368088283871));
#3946=CARTESIAN_POINT('Ctrl Pts',(42.565321322292,25.6486186392652,35.7478615329786));
#3947=CARTESIAN_POINT('Ctrl Pts',(42.5922683334301,25.3320502126668,35.6294890978812));
#3948=CARTESIAN_POINT('Ctrl Pts',(42.5940966410532,25.160373429249,35.6));
#3949=CARTESIAN_POINT('Ctrl Pts',(42.5940966410532,24.8396271369951,35.6));
#3950=CARTESIAN_POINT('Ctrl Pts',(42.5922683334301,24.6679503535774,35.6294890978812));
#3951=CARTESIAN_POINT('Ctrl Pts',(42.565321322292,24.3513819269789,35.7478615329786));
#3952=CARTESIAN_POINT('Ctrl Pts',(42.5385331985513,24.2066585305604,35.8368088283871));
#3953=CARTESIAN_POINT('Ctrl Pts',(42.4373964819861,24.0064139868425,36.0072192556846));
#3954=CARTESIAN_POINT('Ctrl Pts',(42.3617406056335,23.9239520332519,36.100387606951));
#3955=CARTESIAN_POINT('Ctrl Pts',(42.2083918170463,23.8350846955355,36.2207808354046));
#3956=CARTESIAN_POINT('Ctrl Pts',(42.1248950810018,23.8054200738863,36.2689935743159));
#3957=CARTESIAN_POINT('Ctrl Pts',(41.9421182608697,23.7681794048978,36.3336597390012));
#3958=CARTESIAN_POINT('Ctrl Pts',(41.8429134777857,23.7600403563954,36.3500004768372));
#3959=CARTESIAN_POINT('Ctrl Pts',(41.657085389726,23.7600403563954,36.3500004768372));
#3960=CARTESIAN_POINT('Ctrl Pts',(41.557880606642,23.7681794048978,36.3336597390012));
#3961=CARTESIAN_POINT('Ctrl Pts',(41.3861840188972,23.8031624830914,36.2729137439074));
#3962=CARTESIAN_POINT('Ctrl Pts',(41.3118182125659,23.8279217884609,36.2323533760435));
#3963=CARTESIAN_POINT('Ctrl Pts',(41.2499994337559,23.8599740388194,36.1873868310806));
#3964=CARTESIAN_POINT('Origin',(41.7499994337559,28.0000002831221,35.5000004768372));
#3965=CARTESIAN_POINT('Origin',(41.7499994337559,28.0000002831221,47.5));
#3966=CARTESIAN_POINT('',(41.250001378455,25.6423486467188,48.1873877692979));
#3967=CARTESIAN_POINT('Ctrl Pts',(41.2500013776854,25.6423486467188,48.1873877682399));
#3968=CARTESIAN_POINT('Ctrl Pts',(41.3006664055567,25.5742252057745,48.2242409341192));
#3969=CARTESIAN_POINT('Ctrl Pts',(41.3549195605142,25.5031045182293,48.2550685951848));
#3970=CARTESIAN_POINT('Ctrl Pts',(41.5225965271804,25.2864314462204,48.3280386472973));
#3971=CARTESIAN_POINT('Ctrl Pts',(41.6410935190704,25.1372491639133,48.35));
#3972=CARTESIAN_POINT('Ctrl Pts',(41.7499994337559,25.0000002831221,48.35));
#3973=CARTESIAN_POINT('',(41.250001378455,24.3576519195254,48.1873877692979));
#3974=CARTESIAN_POINT('',(41.2500013799095,28.0000002831221,48.1873877698576));
#3975=CARTESIAN_POINT('Ctrl Pts',(41.7499994337559,25.0000002831221,48.35));
#3976=CARTESIAN_POINT('Ctrl Pts',(41.6410935190704,24.8627514023309,48.35));
#3977=CARTESIAN_POINT('Ctrl Pts',(41.5225965271804,24.7135691200237,48.3280386472973));
#3978=CARTESIAN_POINT('Ctrl Pts',(41.3549195605142,24.4968960480148,48.2550685951848));
#3979=CARTESIAN_POINT('Ctrl Pts',(41.3006664055567,24.4257753604696,48.2242409341192));
#3980=CARTESIAN_POINT('Ctrl Pts',(41.2500013776854,24.3576519195254,48.1873877682399));
#3981=CARTESIAN_POINT('Origin',(41.7499994337559,28.0000002831221,47.5));
#3982=CARTESIAN_POINT('',(41.2499974876062,28.0000002831221,46.8126150613764));
#3983=CARTESIAN_POINT('Origin',(40.7499994337599,28.0000002831221,47.500002831234));
#3984=CARTESIAN_POINT('',(41.2500013799095,28.0000002831221,48.1873877698576));
#3985=CARTESIAN_POINT('',(41.5999994337599,28.0000002831221,47.500002831234));
#3986=CARTESIAN_POINT('Ctrl Pts',(40.7499994337599,25.0000002831221,48.3500028312341));
#3987=CARTESIAN_POINT('Ctrl Pts',(40.761061448517,25.0139412223368,48.3500028312341));
#3988=CARTESIAN_POINT('Ctrl Pts',(40.7724509914339,25.0281947111075,48.3497781613982));
#3989=CARTESIAN_POINT('Ctrl Pts',(40.9445751443128,25.2455495292715,48.3429898465382));
#3990=CARTESIAN_POINT('Ctrl Pts',(41.1083915743046,25.451939944481,48.2903943596414));
#3991=CARTESIAN_POINT('Ctrl Pts',(41.2500013799095,25.6423486437283,48.1873877698576));
#3992=CARTESIAN_POINT('Ctrl Pts',(41.2500013799095,24.3576519225158,48.1873877698576));
#3993=CARTESIAN_POINT('Ctrl Pts',(41.1083915743046,24.5480606217631,48.2903943596414));
#3994=CARTESIAN_POINT('Ctrl Pts',(40.9445751443127,24.7544510369727,48.3429898465382));
#3995=CARTESIAN_POINT('Ctrl Pts',(40.772450991434,24.9718058551366,48.3497781613982));
#3996=CARTESIAN_POINT('Ctrl Pts',(40.761061448517,24.9860593439073,48.3500028312341));
#3997=CARTESIAN_POINT('Ctrl Pts',(40.7499994337599,25.0000002831221,48.3500028312341));
#3998=CARTESIAN_POINT('Origin',(58.2500020563602,28.0000002831221,35.5000004768372));
#3999=CARTESIAN_POINT('',(59.1000020563603,25.5567780042608,35.500000476878));
#4000=CARTESIAN_POINT('',(59.1000020563602,28.0000002831221,35.5000004768372));
#4001=CARTESIAN_POINT('',(57.4059049620445,25.0000002831221,35.4));
#4002=CARTESIAN_POINT('Ctrl Pts',(57.4059049620445,25.0000002831221,35.4));
#4003=CARTESIAN_POINT('Ctrl Pts',(57.4059049620445,25.1801700772212,35.4));
#4004=CARTESIAN_POINT('Ctrl Pts',(57.400123950006,25.3730787552692,35.4323909164064));
#4005=CARTESIAN_POINT('Ctrl Pts',(57.3998829901598,25.7320882761347,35.5645095041114));
#4006=CARTESIAN_POINT('Ctrl Pts',(57.4074259286294,25.8981787346994,35.6642614535844));
#4007=CARTESIAN_POINT('Ctrl Pts',(57.4761068453704,26.1333434617415,35.8629177344392));
#4008=CARTESIAN_POINT('Ctrl Pts',(57.5355051440641,26.2339320616876,35.9755741919052));
#4009=CARTESIAN_POINT('Ctrl Pts',(57.684909755853,26.3551044403437,36.1437236303962));
#4010=CARTESIAN_POINT('Ctrl Pts',(57.7811376479735,26.3979318670907,36.2195210037447));
#4011=CARTESIAN_POINT('Ctrl Pts',(58.0036811968277,26.4507427870949,36.3227218351607));
#4012=CARTESIAN_POINT('Ctrl Pts',(58.1297458439743,26.4620196468406,36.3500004768372));
#4013=CARTESIAN_POINT('Ctrl Pts',(58.3702582687462,26.4620196468406,36.3500004768372));
#4014=CARTESIAN_POINT('Ctrl Pts',(58.4963229158928,26.4507427870949,36.3227218351607));
#4015=CARTESIAN_POINT('Ctrl Pts',(58.718866464747,26.3979318670907,36.2195210037447));
#4016=CARTESIAN_POINT('Ctrl Pts',(58.8150943568675,26.3551044403437,36.1437236303962));
#4017=CARTESIAN_POINT('Ctrl Pts',(58.9644989686564,26.2339320616876,35.9755741919052));
#4018=CARTESIAN_POINT('Ctrl Pts',(59.0238972673501,26.1333434617415,35.8629177344392));
#4019=CARTESIAN_POINT('Ctrl Pts',(59.0922724352188,25.8992256244836,35.6651458176367));
#4020=CARTESIAN_POINT('Ctrl Pts',(59.1000020563539,25.7346855400762,35.5660371328248));
#4021=CARTESIAN_POINT('Ctrl Pts',(59.1000020563602,25.5567780042608,35.5000004769189));
#4022=CARTESIAN_POINT('',(59.1000020563602,24.4432225619833,35.500000476878));
#4023=CARTESIAN_POINT('Ctrl Pts',(59.1000020563602,24.4432225619834,35.5000004769189));
#4024=CARTESIAN_POINT('Ctrl Pts',(59.1000020563539,24.2653150261679,35.5660371328248));
#4025=CARTESIAN_POINT('Ctrl Pts',(59.0922724352188,24.1007749417606,35.6651458176367));
#4026=CARTESIAN_POINT('Ctrl Pts',(59.0238972673501,23.8666571045026,35.8629177344392));
#4027=CARTESIAN_POINT('Ctrl Pts',(58.9644989686564,23.7660685045565,35.9755741919052));
#4028=CARTESIAN_POINT('Ctrl Pts',(58.8150943568675,23.6448961259004,36.1437236303962));
#4029=CARTESIAN_POINT('Ctrl Pts',(58.718866464747,23.6020686991534,36.2195210037447));
#4030=CARTESIAN_POINT('Ctrl Pts',(58.4963229158928,23.5492577791492,36.3227218351607));
#4031=CARTESIAN_POINT('Ctrl Pts',(58.3702582687462,23.5379809194035,36.3500004768372));
#4032=CARTESIAN_POINT('Ctrl Pts',(58.1297458439743,23.5379809194035,36.3500004768372));
#4033=CARTESIAN_POINT('Ctrl Pts',(58.0036811968277,23.5492577791492,36.3227218351607));
#4034=CARTESIAN_POINT('Ctrl Pts',(57.7811376479735,23.6020686991534,36.2195210037447));
#4035=CARTESIAN_POINT('Ctrl Pts',(57.684909755853,23.6448961259004,36.1437236303962));
#4036=CARTESIAN_POINT('Ctrl Pts',(57.5355051440641,23.7660685045565,35.9755741919052));
#4037=CARTESIAN_POINT('Ctrl Pts',(57.4761068453704,23.8666571045026,35.8629177344392));
#4038=CARTESIAN_POINT('Ctrl Pts',(57.4074259286294,24.1018218315447,35.6642614535844));
#4039=CARTESIAN_POINT('Ctrl Pts',(57.3998829901598,24.2679122901094,35.5645095041114));
#4040=CARTESIAN_POINT('Ctrl Pts',(57.400123950006,24.6269218109749,35.4323909164064));
#4041=CARTESIAN_POINT('Ctrl Pts',(57.4059049620445,24.8198304890229,35.4));
#4042=CARTESIAN_POINT('Ctrl Pts',(57.4059049620445,25.0000002831221,35.4));
#4043=CARTESIAN_POINT('',(59.1000020563602,28.0000002831221,35.5000004768372));
#4044=CARTESIAN_POINT('Ctrl Pts',(59.1000020563602,25.5567780042608,35.5000004769189));
#4045=CARTESIAN_POINT('Ctrl Pts',(59.1000020563603,25.5553806218904,35.4994817891728));
#4046=CARTESIAN_POINT('Ctrl Pts',(59.1000015815774,25.5539824555088,35.4989650321252));
#4047=CARTESIAN_POINT('Ctrl Pts',(59.0998801627145,25.3730787552692,35.4323909164064));
#4048=CARTESIAN_POINT('Ctrl Pts',(59.094099150676,25.1801700772212,35.4));
#4049=CARTESIAN_POINT('Ctrl Pts',(59.094099150676,24.8198304890229,35.4));
#4050=CARTESIAN_POINT('Ctrl Pts',(59.0998801627145,24.6269218109749,35.4323909164064));
#4051=CARTESIAN_POINT('Ctrl Pts',(59.1000015815774,24.4460181107353,35.4989650321252));
#4052=CARTESIAN_POINT('Ctrl Pts',(59.1000020563603,24.4446199443537,35.4994817891728));
#4053=CARTESIAN_POINT('Ctrl Pts',(59.1000020563602,24.4432225619833,35.5000004769189));
#4054=CARTESIAN_POINT('Origin',(58.2500020563602,28.0000002831221,47.5));
#4055=CARTESIAN_POINT('',(59.1000020563602,26.519868855347,47.5));
#4056=CARTESIAN_POINT('',(59.1000020563602,28.0000002831221,47.5));
#4057=CARTESIAN_POINT('',(58.2500020563602,25.8587792345759,48.35));
#4058=CARTESIAN_POINT('Ctrl Pts',(58.2500020563602,25.8587792345759,48.35));
#4059=CARTESIAN_POINT('Ctrl Pts',(58.3078459502772,25.8587792345759,48.35));
#4060=CARTESIAN_POINT('Ctrl Pts',(58.3644202117082,25.8682410938982,48.3440842587411));
#4061=CARTESIAN_POINT('Ctrl Pts',(58.4731470287696,25.9014082694503,48.3220643390868));
#4062=CARTESIAN_POINT('Ctrl Pts',(58.5253211647421,25.9250318662397,48.3059437125142));
#4063=CARTESIAN_POINT('Ctrl Pts',(58.6732304440389,26.0075228187801,48.2448229595441));
#4064=CARTESIAN_POINT('Ctrl Pts',(58.7605381370816,26.0775058999035,48.1863569625004));
#4065=CARTESIAN_POINT('Ctrl Pts',(58.9078058510602,26.2127214367485,48.0485811006637));
#4066=CARTESIAN_POINT('Ctrl Pts',(58.9769588523131,26.289304133117,47.9558238356394));
#4067=CARTESIAN_POINT('Ctrl Pts',(59.0732019830105,26.4231236011672,47.7420401449244));
#4068=CARTESIAN_POINT('Ctrl Pts',(59.1000020563602,26.480145445878,47.620748838422));
#4069=CARTESIAN_POINT('Ctrl Pts',(59.1000020563602,26.519868855347,47.5));
#4070=CARTESIAN_POINT('Ctrl Pts',(59.1000020563602,26.519868855347,47.5));
#4071=CARTESIAN_POINT('Ctrl Pts',(59.1000020563602,26.553475815961,47.3978435760855));
#4072=CARTESIAN_POINT('Ctrl Pts',(59.0802375545078,26.5778082238694,47.2856629648336));
#4073=CARTESIAN_POINT('Ctrl Pts',(58.9955656116872,26.6016342349714,47.0764833348018));
#4074=CARTESIAN_POINT('Ctrl Pts',(58.930592679269,26.6017041616339,46.9795768825364));
#4075=CARTESIAN_POINT('Ctrl Pts',(58.7794001156969,26.592402904331,46.8263010303564));
#4076=CARTESIAN_POINT('Ctrl Pts',(58.6834478187129,26.5825250720112,46.7599555925336));
#4077=CARTESIAN_POINT('Ctrl Pts',(58.4727549622783,26.5666170560739,46.6717959234053));
#4078=CARTESIAN_POINT('Ctrl Pts',(58.3579572239705,26.5612496758245,46.65));
#4079=CARTESIAN_POINT('Ctrl Pts',(58.14204688875,26.5612496758245,46.65));
#4080=CARTESIAN_POINT('Ctrl Pts',(58.0272491504422,26.5666170560739,46.6717959234053));
#4081=CARTESIAN_POINT('Ctrl Pts',(57.8165562940076,26.5825250720112,46.7599555925336));
#4082=CARTESIAN_POINT('Ctrl Pts',(57.7206039970236,26.592402904331,46.8263010303564));
#4083=CARTESIAN_POINT('Ctrl Pts',(57.5694114334515,26.6017041616339,46.9795768825364));
#4084=CARTESIAN_POINT('Ctrl Pts',(57.5044385010333,26.6016342349714,47.0764833348018));
#4085=CARTESIAN_POINT('Ctrl Pts',(57.4197665582127,26.5778082238694,47.2856629648336));
#4086=CARTESIAN_POINT('Ctrl Pts',(57.4000020563603,26.553475815961,47.3978435760855));
#4087=CARTESIAN_POINT('Ctrl Pts',(57.4000020563603,26.480145445878,47.620748838422));
#4088=CARTESIAN_POINT('Ctrl Pts',(57.42680212971,26.4231236011672,47.7420401449244));
#4089=CARTESIAN_POINT('Ctrl Pts',(57.5230452604074,26.289304133117,47.9558238356394));
#4090=CARTESIAN_POINT('Ctrl Pts',(57.5921982616603,26.2127214367485,48.0485811006637));
#4091=CARTESIAN_POINT('Ctrl Pts',(57.7394659756389,26.0775058999035,48.1863569625004));
#4092=CARTESIAN_POINT('Ctrl Pts',(57.8267736686816,26.0075228187801,48.2448229595441));
#4093=CARTESIAN_POINT('Ctrl Pts',(57.9746829479784,25.9250318662397,48.3059437125142));
#4094=CARTESIAN_POINT('Ctrl Pts',(58.0268570839509,25.9014082694503,48.3220643390868));
#4095=CARTESIAN_POINT('Ctrl Pts',(58.1355839010123,25.8682410938982,48.3440842587411));
#4096=CARTESIAN_POINT('Ctrl Pts',(58.1921581624433,25.8587792345759,48.35));
#4097=CARTESIAN_POINT('Ctrl Pts',(58.2500020563602,25.8587792345759,48.35));
#4098=CARTESIAN_POINT('Origin',(58.2500020563602,28.0000002831221,47.5));
#4099=CARTESIAN_POINT('',(58.2500020563602,24.1412213316682,48.35));
#4100=CARTESIAN_POINT('',(57.5626153457619,23.4000002831221,47.0000004833723));
#4101=CARTESIAN_POINT('Ctrl Pts',(58.2500020563602,24.1412213316682,48.35));
#4102=CARTESIAN_POINT('Ctrl Pts',(58.1921581624433,24.1412213316682,48.35));
#4103=CARTESIAN_POINT('Ctrl Pts',(58.1355839010123,24.1317594723459,48.3440842587411));
#4104=CARTESIAN_POINT('Ctrl Pts',(58.0268570839509,24.0985922967938,48.3220643390868));
#4105=CARTESIAN_POINT('Ctrl Pts',(57.9746829479784,24.0749687000044,48.3059437125142));
#4106=CARTESIAN_POINT('Ctrl Pts',(57.8267736686816,23.9924777474641,48.2448229595441));
#4107=CARTESIAN_POINT('Ctrl Pts',(57.7394659756389,23.9224946663406,48.1863569625004));
#4108=CARTESIAN_POINT('Ctrl Pts',(57.5921982616603,23.7872791294956,48.0485811006637));
#4109=CARTESIAN_POINT('Ctrl Pts',(57.5230452604074,23.7106964331271,47.9558238356394));
#4110=CARTESIAN_POINT('Ctrl Pts',(57.42680212971,23.5768769650769,47.7420401449244));
#4111=CARTESIAN_POINT('Ctrl Pts',(57.4000020563603,23.5198551203661,47.620748838422));
#4112=CARTESIAN_POINT('Ctrl Pts',(57.4000020563603,23.4465247502831,47.3978435760855));
#4113=CARTESIAN_POINT('Ctrl Pts',(57.4197665582127,23.4221923423747,47.2856629648336));
#4114=CARTESIAN_POINT('Ctrl Pts',(57.4880833309653,23.4029685460163,47.1168883179635));
#4115=CARTESIAN_POINT('Ctrl Pts',(57.5223179934301,23.4000002835746,47.0554002731193));
#4116=CARTESIAN_POINT('Ctrl Pts',(57.5626153457619,23.4000002831221,47.0000004899075));
#4117=CARTESIAN_POINT('',(59.1000020563602,23.4801317108972,47.5));
#4118=CARTESIAN_POINT('Ctrl Pts',(59.1000020563602,23.4801317108972,47.5));
#4119=CARTESIAN_POINT('Ctrl Pts',(59.1000020563602,23.5198551203661,47.620748838422));
#4120=CARTESIAN_POINT('Ctrl Pts',(59.0732019830105,23.5768769650769,47.7420401449244));
#4121=CARTESIAN_POINT('Ctrl Pts',(58.9769588523131,23.7106964331271,47.9558238356394));
#4122=CARTESIAN_POINT('Ctrl Pts',(58.9078058510602,23.7872791294956,48.0485811006637));
#4123=CARTESIAN_POINT('Ctrl Pts',(58.7605381370816,23.9224946663406,48.1863569625004));
#4124=CARTESIAN_POINT('Ctrl Pts',(58.6732304440389,23.9924777474641,48.2448229595441));
#4125=CARTESIAN_POINT('Ctrl Pts',(58.5253211647421,24.0749687000044,48.3059437125142));
#4126=CARTESIAN_POINT('Ctrl Pts',(58.4731470287696,24.0985922967938,48.3220643390868));
#4127=CARTESIAN_POINT('Ctrl Pts',(58.3644202117082,24.1317594723459,48.3440842587411));
#4128=CARTESIAN_POINT('Ctrl Pts',(58.3078459502772,24.1412213316682,48.35));
#4129=CARTESIAN_POINT('Ctrl Pts',(58.2500020563602,24.1412213316682,48.35));
#4130=CARTESIAN_POINT('',(59.1000020563602,28.0000002831221,47.5));
#4131=CARTESIAN_POINT('',(58.9373887669586,23.4000002831221,47.0000004833723));
#4132=CARTESIAN_POINT('Ctrl Pts',(58.9373887669586,23.4000002831221,47.0000004899075));
#4133=CARTESIAN_POINT('Ctrl Pts',(58.9776861192904,23.4000002835746,47.0554002731193));
#4134=CARTESIAN_POINT('Ctrl Pts',(59.0119207817552,23.4029685460163,47.1168883179635));
#4135=CARTESIAN_POINT('Ctrl Pts',(59.0802375545078,23.4221923423747,47.2856629648336));
#4136=CARTESIAN_POINT('Ctrl Pts',(59.1000020563602,23.4465247502831,47.3978435760855));
#4137=CARTESIAN_POINT('Ctrl Pts',(59.1000020563602,23.4801317108972,47.5));
#4138=CARTESIAN_POINT('Ctrl Pts',(57.5626153457619,23.4000002831221,47.0000004899075));
#4139=CARTESIAN_POINT('Ctrl Pts',(57.5879829255372,23.4000002828372,46.9651257813015));
#4140=CARTESIAN_POINT('Ctrl Pts',(57.6157146059534,23.4011449423372,46.9326356966991));
#4141=CARTESIAN_POINT('Ctrl Pts',(57.7206039970236,23.4075976619132,46.8263010303564));
#4142=CARTESIAN_POINT('Ctrl Pts',(57.8165562940076,23.4174754942329,46.7599555925336));
#4143=CARTESIAN_POINT('Ctrl Pts',(58.0272491504422,23.4333835101702,46.6717959234053));
#4144=CARTESIAN_POINT('Ctrl Pts',(58.14204688875,23.4387508904196,46.65));
#4145=CARTESIAN_POINT('Ctrl Pts',(58.3579572239705,23.4387508904196,46.65));
#4146=CARTESIAN_POINT('Ctrl Pts',(58.4727549622783,23.4333835101702,46.6717959234053));
#4147=CARTESIAN_POINT('Ctrl Pts',(58.6834478187129,23.4174754942329,46.7599555925336));
#4148=CARTESIAN_POINT('Ctrl Pts',(58.7794001156969,23.4075976619132,46.8263010303564));
#4149=CARTESIAN_POINT('Ctrl Pts',(58.8842895067671,23.4011449423372,46.9326356966991));
#4150=CARTESIAN_POINT('Ctrl Pts',(58.9120211871832,23.4000002828372,46.9651257813015));
#4151=CARTESIAN_POINT('Ctrl Pts',(58.9373887669586,23.4000002831221,47.0000004899075));
#4152=CARTESIAN_POINT('Origin',(41.7499994337559,28.0000002831221,47.5));
#4153=CARTESIAN_POINT('Origin',(68.0000002831221,1.00000007078052,51.));
#4154=CARTESIAN_POINT('',(68.1250005662444,-1.06592479198231E-15,51.9921568843287));
#4155=CARTESIAN_POINT('',(68.0000002831221,3.01039356610005,52.));
#4156=CARTESIAN_POINT('Ctrl Pts',(68.124999858439,-2.28983498828939E-15,
51.9921567951542));
#4157=CARTESIAN_POINT('Ctrl Pts',(68.124999858439,0.139859969006044,51.9921567951542));
#4158=CARTESIAN_POINT('Ctrl Pts',(68.1241905628967,0.279699505745684,51.9922597614478));
#4159=CARTESIAN_POINT('Ctrl Pts',(68.1202452106197,0.620587025853058,51.9927470240863));
#4160=CARTESIAN_POINT('Ctrl Pts',(68.1162472145131,0.821553654183276,51.9932367189186));
#4161=CARTESIAN_POINT('Ctrl Pts',(68.0991071722816,1.42920165860698,51.9951437340502));
#4162=CARTESIAN_POINT('Ctrl Pts',(68.0807945511043,1.83558747582894,51.997047146203));
#4163=CARTESIAN_POINT('Ctrl Pts',(68.0409306609905,2.48036969876961,51.9992717796674));
#4164=CARTESIAN_POINT('Ctrl Pts',(68.0237837676983,2.71940803123284,51.9999070087447));
#4165=CARTESIAN_POINT('Ctrl Pts',(68.0028782532254,2.9755872542735,51.9999968672956));
#4166=CARTESIAN_POINT('Ctrl Pts',(68.0014454892477,2.99299095007857,52.));
#4167=CARTESIAN_POINT('Ctrl Pts',(68.0000002831214,3.0103935661,52.));
#4168=CARTESIAN_POINT('Origin',(67.9999994337559,-1.21820128967816E-15,
51.));
#4169=CARTESIAN_POINT('',(68.0000002831221,27.0000002831221,52.));
#4170=CARTESIAN_POINT('Origin',(68.0000002831221,27.0000002831221,51.));
#4171=CARTESIAN_POINT('',(68.0000002831221,1.00000007078052,52.));
#4172=CARTESIAN_POINT('Origin',(49.9999994337559,0.,51.));
#4173=CARTESIAN_POINT('',(31.8749973103423,0.,51.9921570091719));
#4174=CARTESIAN_POINT('Origin',(49.9999994337559,0.,51.9921567416492));
#4175=CARTESIAN_POINT('Origin',(31.9999997168779,0.,51.));
#4176=CARTESIAN_POINT('Origin',(31.9999997168779,12.5000002123415,51.));
#4177=CARTESIAN_POINT('',(31.9999997168779,3.01040033756211,52.));
#4178=CARTESIAN_POINT('Ctrl Pts',(31.8749995753169,0.,51.9921567238142));
#4179=CARTESIAN_POINT('Ctrl Pts',(31.8749995753169,0.139859959169954,51.9921567238142));
#4180=CARTESIAN_POINT('Ctrl Pts',(31.87580887077,0.279699486000991,51.9922596905658));
#4181=CARTESIAN_POINT('Ctrl Pts',(31.8797542226429,0.620586984568718,51.9927469554408));
#4182=CARTESIAN_POINT('Ctrl Pts',(31.8837522183753,0.821553600973758,51.9932366525436));
#4183=CARTESIAN_POINT('Ctrl Pts',(31.9008922609019,1.4292016354612,51.9951436776184));
#4184=CARTESIAN_POINT('Ctrl Pts',(31.9192048844249,1.83558749271513,51.9970471005823));
#4185=CARTESIAN_POINT('Ctrl Pts',(31.9590689203349,2.48037203694797,51.9992717646303));
#4186=CARTESIAN_POINT('Ctrl Pts',(31.9762160004059,2.71941264525011,51.9999070077335));
#4187=CARTESIAN_POINT('Ctrl Pts',(31.997121746314,2.97559410020805,51.9999968672946));
#4188=CARTESIAN_POINT('Ctrl Pts',(31.998554510577,2.9929977591258,52.));
#4189=CARTESIAN_POINT('Ctrl Pts',(31.9999997168779,3.01040033756214,52.));
#4190=CARTESIAN_POINT('',(31.9999997168779,27.0000002831221,52.));
#4191=CARTESIAN_POINT('',(31.9999997168779,12.5000002123415,52.));
#4192=CARTESIAN_POINT('Origin',(31.9999997168779,27.0000002831221,51.));
#4193=CARTESIAN_POINT('Origin',(59.499999858439,27.0000002831221,51.));
#4194=CARTESIAN_POINT('',(48.4999994337559,27.0000002831221,52.));
#4195=CARTESIAN_POINT('',(59.499999858439,27.0000002831221,52.));
#4196=CARTESIAN_POINT('Origin',(48.4999994337559,27.0000002831221,51.));
#4197=CARTESIAN_POINT('Origin',(48.4999994337559,9.62137612104071,51.));
#4198=CARTESIAN_POINT('',(48.4999994337559,24.0000003427267,52.));
#4199=CARTESIAN_POINT('',(48.4999994337559,9.62137612104071,52.));
#4200=CARTESIAN_POINT('Origin',(48.4999994337559,24.0000003427267,51.));
#4201=CARTESIAN_POINT('',(49.4999994337559,9.62137612104071,51.));
#4202=CARTESIAN_POINT('Origin',(44.9999996423721,24.0000003427267,51.));
#4203=CARTESIAN_POINT('',(58.0837253626467,24.0000003427267,52.));
#4204=CARTESIAN_POINT('Origin',(58.0837253626467,24.0000003427267,51.));
#4205=CARTESIAN_POINT('',(51.4999994337559,24.0000003427267,52.));
#4206=CARTESIAN_POINT('',(44.9999996423721,24.0000003427267,52.));
#4207=CARTESIAN_POINT('Origin',(51.4999994337559,24.0000003427267,51.));
#4208=CARTESIAN_POINT('Origin',(58.0837253626467,21.0000003427267,51.));
#4209=CARTESIAN_POINT('',(61.0736730884353,21.2453828951857,52.));
#4210=CARTESIAN_POINT('Origin',(61.0736730884353,21.2453828951857,51.));
#4211=CARTESIAN_POINT('Origin',(58.0837253626467,21.0000003427267,52.));
#4212=CARTESIAN_POINT('Origin',(82.9999564108854,23.0448549465516,51.));
#4213=CARTESIAN_POINT('',(64.9627128457463,10.4489093857035,52.));
#4214=CARTESIAN_POINT('Origin',(64.9627128457463,10.4489093857035,51.));
#4215=CARTESIAN_POINT('Origin',(82.9999564108854,23.0448549465516,52.));
#4216=CARTESIAN_POINT('Origin',(82.9999564108854,23.0448549465516,51.));
#4217=CARTESIAN_POINT('Origin',(49.9999994337559,0.,51.));
#4218=CARTESIAN_POINT('Origin',(49.9999994337559,0.,52.));
#4219=CARTESIAN_POINT('',(35.037286536692,10.4489101230721,52.));
#4220=CARTESIAN_POINT('Origin',(35.037286536692,10.4489101230721,51.));
#4221=CARTESIAN_POINT('Origin',(49.9999994337559,0.,52.));
#4222=CARTESIAN_POINT('Origin',(17.0000435922862,23.0448565728028,51.));
#4223=CARTESIAN_POINT('',(38.926326797287,21.2453830903358,52.));
#4224=CARTESIAN_POINT('Origin',(38.926326797287,21.2453830903358,51.));
#4225=CARTESIAN_POINT('Origin',(17.0000435922862,23.0448565728028,52.));
#4226=CARTESIAN_POINT('Origin',(41.9162745070598,21.0000003427267,51.));
#4227=CARTESIAN_POINT('',(41.9162745070598,24.0000003427267,52.));
#4228=CARTESIAN_POINT('Origin',(41.9162745070598,24.0000003427267,51.));
#4229=CARTESIAN_POINT('Origin',(41.9162745070598,21.0000003427267,52.));
#4230=CARTESIAN_POINT('Origin',(44.9999996423721,24.0000003427267,51.));
#4231=CARTESIAN_POINT('',(44.9999996423721,24.0000003427267,52.));
#4232=CARTESIAN_POINT('Origin',(51.4999994337559,12.5000002123415,51.));
#4233=CARTESIAN_POINT('',(50.4999994337559,12.5000002123415,51.));
#4234=CARTESIAN_POINT('',(51.4999994337559,27.0000002831221,52.));
#4235=CARTESIAN_POINT('',(51.4999994337559,12.5000002123415,52.));
#4236=CARTESIAN_POINT('Origin',(51.4999994337559,27.0000002831221,51.));
#4237=CARTESIAN_POINT('Origin',(59.499999858439,27.0000002831221,51.));
#4238=CARTESIAN_POINT('',(59.499999858439,27.0000002831221,52.));
#4239=CARTESIAN_POINT('Origin',(82.9999564108854,23.0448549465516,-1.29231133654055E-14));
#4240=CARTESIAN_POINT('Origin',(49.9999994337559,2.00000014156103,52.));
#4241=CARTESIAN_POINT('Origin',(49.9999994337559,2.00000014156103,52.));
#4242=CARTESIAN_POINT('Origin',(50.499998871237,23.7500003427267,41.9999990612268));
#4243=CARTESIAN_POINT('',(50.4999994337559,23.7500003427267,38.9999990612269));
#4244=CARTESIAN_POINT('Origin',(50.499998871237,23.7500003427267,38.2499990612268));
#4245=CARTESIAN_POINT('',(50.4999994337559,23.7500003427267,44.9999990612268));
#4246=CARTESIAN_POINT('Origin',(50.499998871237,23.7500003427267,45.7499990612268));
#4247=CARTESIAN_POINT('Origin',(50.499998871237,23.7500003427267,41.9999990612268));
#4248=CARTESIAN_POINT('Origin',(50.4999994337559,23.0000002831221,42.));
#4249=CARTESIAN_POINT('',(50.4999994337559,27.2500002831221,38.9999990612269));
#4250=CARTESIAN_POINT('',(50.4999994337559,28.0000002831221,38.9999990612269));
#4251=CARTESIAN_POINT('Origin',(50.499998871237,27.2500002831221,38.2499990612268));
#4252=CARTESIAN_POINT('',(50.4999994337559,23.0000003427267,42.));
#4253=CARTESIAN_POINT('',(50.4999994337559,23.4000002831221,37.));
#4254=CARTESIAN_POINT('Origin',(50.4999994337559,25.0000002831221,37.));
#4255=CARTESIAN_POINT('Origin',(49.4999994337559,23.7500003427267,42.0000002384186));
#4256=CARTESIAN_POINT('',(49.4999994337559,23.7500003427267,45.0000002384186));
#4257=CARTESIAN_POINT('Origin',(49.4999994337559,23.7500003427267,45.7500002384186));
#4258=CARTESIAN_POINT('',(49.4999994337559,23.7500003427267,39.0000002384186));
#4259=CARTESIAN_POINT('Origin',(49.4999994337559,23.7500003427267,38.2500002384186));
#4260=CARTESIAN_POINT('Origin',(49.4999994337559,23.7500003427267,42.0000002384186));
#4261=CARTESIAN_POINT('Origin',(49.4999994337559,28.0000002831221,42.0000002384186));
#4262=CARTESIAN_POINT('',(49.4999994337559,27.2500002831221,39.0000002384186));
#4263=CARTESIAN_POINT('',(49.4999994337559,28.0000002831221,39.0000002384186));
#4264=CARTESIAN_POINT('',(49.4999994337559,27.2500002831221,45.0000002384186));
#4265=CARTESIAN_POINT('Origin',(49.4999994337559,27.2500002831221,42.0000002384186));
#4266=CARTESIAN_POINT('',(49.4999994337559,28.0000002831221,45.0000002384186));
#4267=CARTESIAN_POINT('Origin',(49.4999994337559,17.2427521005204,42.));
#4268=CARTESIAN_POINT('',(49.4999994337559,22.6213761918212,32.0000004768372));
#4269=CARTESIAN_POINT('Origin',(49.4999994337559,27.2500002831221,38.2500002384186));
#4270=CARTESIAN_POINT('',(49.4999997168779,26.4000002831221,37.));
#4271=CARTESIAN_POINT('Origin',(49.4999997168779,25.0000002831221,37.));
#4272=CARTESIAN_POINT('Origin',(50.499998871237,27.2500002831221,41.9999990612268));
#4273=CARTESIAN_POINT('',(50.4999994337559,27.2500002831221,44.9999990612268));
#4274=CARTESIAN_POINT('Origin',(50.499998871237,27.2500002831221,45.7499990612268));
#4275=CARTESIAN_POINT('Origin',(50.499998871237,27.2500002831221,41.9999990612268));
#4276=CARTESIAN_POINT('Origin',(49.4999994337559,27.2500002831221,42.0000002384186));
#4277=CARTESIAN_POINT('Origin',(49.4999994337559,27.2500002831221,45.7500002384186));
#4278=CARTESIAN_POINT('Origin',(50.499998871237,28.0000002831221,41.9999990612268));
#4279=CARTESIAN_POINT('',(50.4999994337559,28.0000002831221,44.9999990612268));
#4280=CARTESIAN_POINT('Origin',(49.4999994337559,17.2427521005204,42.));
#4281=CARTESIAN_POINT('Origin',(50.4999994337559,23.0000002831221,42.));
#4282=CARTESIAN_POINT('',(50.5000002831221,23.4000002831221,47.0000004768372));
#4283=CARTESIAN_POINT('Origin',(50.4999994337559,25.0000002831221,47.0000004768372));
#4284=CARTESIAN_POINT('Origin',(45.0033395543004,21.7471603142217,33.0000004768372));
#4285=CARTESIAN_POINT('',(45.5033394735923,21.7474444058468,32.0000004768372));
#4286=CARTESIAN_POINT('',(45.5033394735923,21.7474444058468,33.0000004768372));
#4287=CARTESIAN_POINT('',(57.0034427969744,21.7539785729862,32.0000004768372));
#4288=CARTESIAN_POINT('Origin',(69.0000010281801,28.0000002831221,32.0000004768372));
#4289=CARTESIAN_POINT('',(45.0036236459255,21.2471603949298,32.0000004768372));
#4290=CARTESIAN_POINT('Origin',(45.5036235652175,21.2474444865549,32.0000004768372));
#4291=CARTESIAN_POINT('',(45.0044759208009,19.7471606370539,32.0000004768372));
#4292=CARTESIAN_POINT('',(45.0022772776291,23.6167622416775,32.0000004768372));
#4293=CARTESIAN_POINT('',(45.504759931718,19.2474448093871,32.0000004768372));
#4294=CARTESIAN_POINT('Origin',(45.5044758400929,19.7474447286791,32.0000004768372));
#4295=CARTESIAN_POINT('',(59.5033714079415,19.2553985872388,32.0000004768372));
#4296=CARTESIAN_POINT('Origin',(50.0017763178796,21.7500003427267,33.0000004768372));
#4297=CARTESIAN_POINT('',(54.5002138882872,21.7500003427267,33.0000004768372));
#4298=CARTESIAN_POINT('',(50.4843744749669,21.7500003427267,32.5000004768372));
#4299=CARTESIAN_POINT('Origin',(50.4999994337559,23.0000003427267,32.0000004768372));
#4300=CARTESIAN_POINT('Origin',(54.5002138882872,19.7500003427267,33.0000004768372));
#4301=CARTESIAN_POINT('',(55.0002138882872,19.7500003427267,33.0000004768372));
#4302=CARTESIAN_POINT('',(54.5002138882872,19.2500003427267,33.0000004768372));
#4303=CARTESIAN_POINT('Origin',(55.0002138882872,21.7500003427267,33.0000004768372));
#4304=CARTESIAN_POINT('',(55.0002138882872,21.2500003427267,33.0000004768372));
#4305=CARTESIAN_POINT('Origin',(54.5002138882872,21.2500003427267,33.0000004768372));
#4306=CARTESIAN_POINT('Origin',(45.5044758400929,19.7474447286791,33.0000004768372));
#4307=CARTESIAN_POINT('',(45.504759931718,19.2474448093871,33.0000004768372));
#4308=CARTESIAN_POINT('',(45.0044759208009,19.7471606370539,33.0000004768372));
#4309=CARTESIAN_POINT('Origin',(50.0017763181089,19.2499999391865,33.0000004768372));
#4310=CARTESIAN_POINT('Origin',(45.5036235652175,21.2474444865549,33.0000004768372));
#4311=CARTESIAN_POINT('',(45.0036236459255,21.2471603949298,33.0000004768372));
#4312=CARTESIAN_POINT('Origin',(45.004760012426,19.247160717762,33.0000004768372));
#4313=CARTESIAN_POINT('Origin',(55.0002138882872,19.2500003427267,33.0000004768372));
#4314=CARTESIAN_POINT('Origin',(69.0000002831221,25.0000002831221,47.0000004768372));
#4315=CARTESIAN_POINT('',(66.0000002831221,23.4000002831221,47.0000004768372));
#4316=CARTESIAN_POINT('Origin',(66.0000002831221,25.0000002831221,47.0000004768372));
#4317=CARTESIAN_POINT('',(69.0000002831221,23.4000002831221,47.0000004768372));
#4318=CARTESIAN_POINT('',(69.0000002831221,23.4000002831221,47.0000004768372));
#4319=CARTESIAN_POINT('Origin',(69.0000002831221,25.0000002831221,47.0000004768372));
#4320=CARTESIAN_POINT('Origin',(69.0000002831221,25.0000002831221,47.0000004768372));
#4321=CARTESIAN_POINT('Origin',(66.0000002831221,25.0000002831221,47.0000004768372));
#4322=CARTESIAN_POINT('Origin',(66.0000002831221,25.0000002831221,47.0000004768372));
#4323=CARTESIAN_POINT('Origin',(42.5280697656113,28.0000002831221,42.0000003129244));
#4324=CARTESIAN_POINT('',(43.9280697656113,28.0000002831221,42.0000003129244));
#4325=CARTESIAN_POINT('Origin',(57.5,28.0000002831221,42.0000003129244));
#4326=CARTESIAN_POINT('',(58.9,28.0000002831221,42.0000003129244));
#4327=CARTESIAN_POINT('Origin',(32.7000003866851,0.,49.));
#4328=CARTESIAN_POINT('Origin',(67.2499994337559,-1.11022302462516E-15,
49.));
#4329=CARTESIAN_POINT('Origin',(49.9999987388267,-17.25,49.));
#4330=CARTESIAN_POINT('Origin',(69.0000002831221,25.0000002831221,37.));
#4331=CARTESIAN_POINT('',(66.0000002831221,23.4000002831221,37.));
#4332=CARTESIAN_POINT('Origin',(66.0000002831221,25.0000002831221,37.));
#4333=CARTESIAN_POINT('',(69.0000002831221,23.4000002831221,37.));
#4334=CARTESIAN_POINT('Origin',(30.9999997168779,25.0000002831221,37.));
#4335=CARTESIAN_POINT('',(30.9999997168779,26.4000002831221,37.));
#4336=CARTESIAN_POINT('Origin',(66.0000002831221,25.0000002831221,37.));
#4337=UNCERTAINTY_MEASURE_WITH_UNIT(LENGTH_MEASURE(0.01),#4341,
'DISTANCE_ACCURACY_VALUE',
'Maximum model space distance between geometric entities at asserted c
onnectivities');
#4338=UNCERTAINTY_MEASURE_WITH_UNIT(LENGTH_MEASURE(0.01),#4341,
'DISTANCE_ACCURACY_VALUE',
'Maximum model space distance between geometric entities at asserted c
onnectivities');
#4339=(
GEOMETRIC_REPRESENTATION_CONTEXT(3)
GLOBAL_UNCERTAINTY_ASSIGNED_CONTEXT((#4337))
GLOBAL_UNIT_ASSIGNED_CONTEXT((#4341,#4342,#4343))
REPRESENTATION_CONTEXT('','3D')
);
#4340=(
GEOMETRIC_REPRESENTATION_CONTEXT(3)
GLOBAL_UNCERTAINTY_ASSIGNED_CONTEXT((#4338))
GLOBAL_UNIT_ASSIGNED_CONTEXT((#4341,#4342,#4343))
REPRESENTATION_CONTEXT('','3D')
);
#4341=(
LENGTH_UNIT()
NAMED_UNIT(*)
SI_UNIT(.MILLI.,.METRE.)
);
#4342=(
NAMED_UNIT(*)
PLANE_ANGLE_UNIT()
SI_UNIT($,.RADIAN.)
);
#4343=(
NAMED_UNIT(*)
SI_UNIT($,.STERADIAN.)
SOLID_ANGLE_UNIT()
);
#4344=SHAPE_DEFINITION_REPRESENTATION(#4345,#4346);
#4345=PRODUCT_DEFINITION_SHAPE('',$,#4348);
#4346=SHAPE_REPRESENTATION('',(#2129),#4339);
#4347=PRODUCT_DEFINITION_CONTEXT('part definition',#4352,'design');
#4348=PRODUCT_DEFINITION('base','base v44',#4349,#4347);
#4349=PRODUCT_DEFINITION_FORMATION('',$,#4354);
#4350=PRODUCT_RELATED_PRODUCT_CATEGORY('base v44','base v44',(#4354));
#4351=APPLICATION_PROTOCOL_DEFINITION('international standard',
'automotive_design',2009,#4352);
#4352=APPLICATION_CONTEXT(
'Core Data for Automotive Mechanical Design Process');
#4353=PRODUCT_CONTEXT('part definition',#4352,'mechanical');
#4354=PRODUCT('base','base v44',$,(#4353));
#4355=PRESENTATION_STYLE_ASSIGNMENT((#4356));
#4356=SURFACE_STYLE_USAGE(.BOTH.,#4357);
#4357=SURFACE_SIDE_STYLE('',(#4358));
#4358=SURFACE_STYLE_FILL_AREA(#4359);
#4359=FILL_AREA_STYLE('Steel - Satin',(#4360));
#4360=FILL_AREA_STYLE_COLOUR('Steel - Satin',#4361);
#4361=COLOUR_RGB('Steel - Satin',0.627450980392157,0.627450980392157,0.627450980392157);
ENDSEC;
END-ISO-10303-21;
