ISO-10303-21;
HEADER;
/* Generated by software containing ST-Developer
 * from STEP Tools, Inc. (www.steptools.com) 
 */

FILE_DESCRIPTION(
/* description */ (''),
/* implementation_level */ '2;1');

FILE_NAME(
/* name */ 'base-2.step',
/* time_stamp */ '2026-08-04T22:31:08+10:00',
/* author */ (''),
/* organization */ (''),
/* preprocessor_version */ 'ST-DEVELOPER v20.1',
/* originating_system */ 'Autodesk Translation Framework v15.8.0.0',
/* authorisation */ '');

FILE_SCHEMA (('AUTOMOTIVE_DESIGN { 1 0 10303 214 3 1 1 }'));
ENDSEC;

DATA;
#10=MECHANICAL_DESIGN_GEOMETRIC_PRESENTATION_REPRESENTATION('',(#29,#30,
#31,#32,#33,#34,#35,#36),#6092);
#11=SHAPE_REPRESENTATION_RELATIONSHIP('SRR','None',#6099,#12);
#12=ADVANCED_BREP_SHAPE_REPRESENTATION('',(#37,#38,#39,#40,#41,#42,#43,
#44),#6091);
#13=TOROIDAL_SURFACE('',#3576,5.44948974278318,2.5);
#14=TOROIDAL_SURFACE('',#3586,5.5,2.5);
#15=TOROIDAL_SURFACE('',#3589,5.44948974278318,2.5);
#16=TOROIDAL_SURFACE('',#3594,5.5,2.5);
#17=TOROIDAL_SURFACE('',#3732,3.5,0.5);
#18=TOROIDAL_SURFACE('',#3739,3.5,0.5);
#19=TOROIDAL_SURFACE('',#3745,3.5,0.5);
#20=TOROIDAL_SURFACE('',#3751,3.5,0.5);
#21=TOROIDAL_SURFACE('',#3757,3.5,0.5);
#22=TOROIDAL_SURFACE('',#3763,3.5,0.5);
#23=TOROIDAL_SURFACE('',#3835,4.5,0.5);
#24=TOROIDAL_SURFACE('',#3841,4.5,0.5);
#25=TOROIDAL_SURFACE('',#3847,2.5,0.5);
#26=TOROIDAL_SURFACE('',#3853,2.5,0.5);
#27=CONICAL_SURFACE('',#3562,2.7,0.16977827396834);
#28=CONICAL_SURFACE('',#3569,2.7,0.169778273968338);
#29=STYLED_ITEM('',(#6108),#37);
#30=STYLED_ITEM('',(#6108),#38);
#31=STYLED_ITEM('',(#6108),#39);
#32=STYLED_ITEM('',(#6108),#40);
#33=STYLED_ITEM('',(#6108),#41);
#34=STYLED_ITEM('',(#6108),#42);
#35=STYLED_ITEM('',(#6108),#43);
#36=STYLED_ITEM('',(#6108),#44);
#37=MANIFOLD_SOLID_BREP('Body1',#3477);
#38=MANIFOLD_SOLID_BREP('Body2',#3478);
#39=MANIFOLD_SOLID_BREP('Body3',#3479);
#40=MANIFOLD_SOLID_BREP('Body4',#3480);
#41=MANIFOLD_SOLID_BREP('Body7',#3481);
#42=MANIFOLD_SOLID_BREP('Body8',#3482);
#43=MANIFOLD_SOLID_BREP('Body9',#3483);
#44=MANIFOLD_SOLID_BREP('Body10',#3484);
#45=ELLIPSE('',#3536,4.17345828477398,2.5);
#46=ELLIPSE('',#3537,3.67257728387768,2.5);
#47=ELLIPSE('',#3787,0.707106781186549,0.5);
#48=ELLIPSE('',#3788,0.707106781186548,0.5);
#49=ELLIPSE('',#3790,0.707106781186548,0.5);
#50=ELLIPSE('',#3791,0.707106781186549,0.5);
#51=FACE_BOUND('',#438,.T.);
#52=FACE_BOUND('',#439,.T.);
#53=FACE_BOUND('',#440,.T.);
#54=FACE_BOUND('',#441,.T.);
#55=FACE_BOUND('',#442,.T.);
#56=FACE_BOUND('',#443,.T.);
#57=FACE_BOUND('',#444,.T.);
#58=FACE_BOUND('',#445,.T.);
#59=FACE_BOUND('',#446,.T.);
#60=FACE_BOUND('',#447,.T.);
#61=FACE_BOUND('',#448,.T.);
#62=FACE_BOUND('',#449,.T.);
#63=FACE_BOUND('',#467,.T.);
#64=FACE_BOUND('',#468,.T.);
#65=FACE_BOUND('',#469,.T.);
#66=FACE_BOUND('',#470,.T.);
#67=FACE_BOUND('',#471,.T.);
#68=FACE_BOUND('',#472,.T.);
#69=FACE_BOUND('',#473,.T.);
#70=FACE_BOUND('',#474,.T.);
#71=FACE_BOUND('',#475,.T.);
#72=FACE_BOUND('',#476,.T.);
#73=FACE_BOUND('',#477,.T.);
#74=FACE_BOUND('',#478,.T.);
#75=FACE_BOUND('',#479,.T.);
#76=FACE_BOUND('',#480,.T.);
#77=FACE_BOUND('',#481,.T.);
#78=FACE_BOUND('',#482,.T.);
#79=FACE_BOUND('',#485,.T.);
#80=FACE_BOUND('',#488,.T.);
#81=FACE_BOUND('',#499,.T.);
#82=FACE_BOUND('',#501,.T.);
#83=FACE_BOUND('',#513,.T.);
#84=FACE_BOUND('',#514,.T.);
#85=FACE_BOUND('',#515,.T.);
#86=FACE_BOUND('',#516,.T.);
#87=FACE_BOUND('',#532,.T.);
#88=FACE_BOUND('',#533,.T.);
#89=FACE_BOUND('',#534,.T.);
#90=FACE_BOUND('',#535,.T.);
#91=FACE_BOUND('',#537,.T.);
#92=FACE_BOUND('',#538,.T.);
#93=FACE_BOUND('',#539,.T.);
#94=FACE_BOUND('',#540,.T.);
#95=FACE_BOUND('',#542,.T.);
#96=FACE_BOUND('',#544,.T.);
#97=FACE_BOUND('',#553,.T.);
#98=FACE_BOUND('',#554,.T.);
#99=FACE_BOUND('',#560,.T.);
#100=FACE_BOUND('',#563,.T.);
#101=FACE_BOUND('',#566,.T.);
#102=FACE_BOUND('',#569,.T.);
#103=FACE_BOUND('',#575,.T.);
#104=FACE_BOUND('',#576,.T.);
#105=FACE_BOUND('',#577,.T.);
#106=FACE_BOUND('',#578,.T.);
#107=FACE_BOUND('',#582,.T.);
#108=FACE_BOUND('',#587,.T.);
#109=FACE_BOUND('',#591,.T.);
#110=FACE_BOUND('',#592,.T.);
#111=FACE_BOUND('',#598,.T.);
#112=FACE_BOUND('',#599,.T.);
#113=FACE_BOUND('',#619,.T.);
#114=FACE_BOUND('',#620,.T.);
#115=FACE_BOUND('',#621,.T.);
#116=FACE_BOUND('',#622,.T.);
#117=FACE_BOUND('',#623,.T.);
#118=FACE_BOUND('',#624,.T.);
#119=FACE_BOUND('',#625,.T.);
#120=FACE_BOUND('',#626,.T.);
#121=FACE_BOUND('',#627,.T.);
#122=FACE_BOUND('',#637,.T.);
#123=FACE_BOUND('',#638,.T.);
#124=FACE_BOUND('',#639,.T.);
#125=FACE_BOUND('',#640,.T.);
#126=FACE_BOUND('',#641,.T.);
#127=FACE_BOUND('',#642,.T.);
#128=FACE_BOUND('',#643,.T.);
#129=FACE_BOUND('',#644,.T.);
#130=FACE_BOUND('',#645,.T.);
#131=FACE_BOUND('',#677,.T.);
#132=FACE_BOUND('',#678,.T.);
#133=FACE_BOUND('',#679,.T.);
#134=FACE_BOUND('',#680,.T.);
#135=FACE_BOUND('',#681,.T.);
#136=FACE_BOUND('',#682,.T.);
#137=FACE_BOUND('',#683,.T.);
#138=FACE_BOUND('',#694,.T.);
#139=FACE_BOUND('',#697,.T.);
#140=FACE_BOUND('',#709,.T.);
#141=FACE_BOUND('',#710,.T.);
#142=FACE_BOUND('',#711,.T.);
#143=FACE_BOUND('',#712,.T.);
#144=FACE_BOUND('',#713,.T.);
#145=FACE_BOUND('',#714,.T.);
#146=FACE_BOUND('',#715,.T.);
#147=FACE_BOUND('',#716,.T.);
#148=FACE_BOUND('',#717,.T.);
#149=PLANE('',#3526);
#150=PLANE('',#3538);
#151=PLANE('',#3555);
#152=PLANE('',#3556);
#153=PLANE('',#3557);
#154=PLANE('',#3558);
#155=PLANE('',#3559);
#156=PLANE('',#3560);
#157=PLANE('',#3561);
#158=PLANE('',#3567);
#159=PLANE('',#3574);
#160=PLANE('',#3579);
#161=PLANE('',#3598);
#162=PLANE('',#3600);
#163=PLANE('',#3610);
#164=PLANE('',#3611);
#165=PLANE('',#3612);
#166=PLANE('',#3613);
#167=PLANE('',#3614);
#168=PLANE('',#3615);
#169=PLANE('',#3616);
#170=PLANE('',#3629);
#171=PLANE('',#3633);
#172=PLANE('',#3637);
#173=PLANE('',#3638);
#174=PLANE('',#3639);
#175=PLANE('',#3643);
#176=PLANE('',#3647);
#177=PLANE('',#3648);
#178=PLANE('',#3649);
#179=PLANE('',#3652);
#180=PLANE('',#3673);
#181=PLANE('',#3676);
#182=PLANE('',#3677);
#183=PLANE('',#3678);
#184=PLANE('',#3679);
#185=PLANE('',#3684);
#186=PLANE('',#3690);
#187=PLANE('',#3694);
#188=PLANE('',#3699);
#189=PLANE('',#3700);
#190=PLANE('',#3701);
#191=PLANE('',#3702);
#192=PLANE('',#3706);
#193=PLANE('',#3707);
#194=PLANE('',#3712);
#195=PLANE('',#3715);
#196=PLANE('',#3722);
#197=PLANE('',#3729);
#198=PLANE('',#3730);
#199=PLANE('',#3731);
#200=PLANE('',#3768);
#201=PLANE('',#3771);
#202=PLANE('',#3774);
#203=PLANE('',#3777);
#204=PLANE('',#3794);
#205=PLANE('',#3795);
#206=PLANE('',#3796);
#207=PLANE('',#3797);
#208=PLANE('',#3798);
#209=PLANE('',#3810);
#210=PLANE('',#3813);
#211=PLANE('',#3815);
#212=PLANE('',#3827);
#213=PLANE('',#3831);
#214=PLANE('',#3858);
#215=PLANE('',#3861);
#216=PLANE('',#3862);
#217=PLANE('',#3875);
#218=PLANE('',#3878);
#219=PLANE('',#3881);
#220=PLANE('',#3884);
#221=PLANE('',#3888);
#222=PLANE('',#3893);
#223=PLANE('',#3905);
#224=PLANE('',#3908);
#225=PLANE('',#3911);
#226=B_SPLINE_CURVE_WITH_KNOTS('',3,(#5005,#5006,#5007,#5008,#5009,#5010),
 .UNSPECIFIED.,.F.,.F.,(4,2,4),(0.237236408956342,0.250775395990159,0.264314383023978),
 .UNSPECIFIED.);
#227=B_SPLINE_CURVE_WITH_KNOTS('',3,(#5026,#5027,#5028,#5029,#5030,#5031),
 .UNSPECIFIED.,.F.,.F.,(4,2,4),(0.237236408956344,0.250775395990159,0.264314383023975),
 .UNSPECIFIED.);
#228=B_SPLINE_CURVE_WITH_KNOTS('',3,(#5047,#5048,#5049,#5050,#5051,#5052),
 .UNSPECIFIED.,.F.,.F.,(4,2,4),(0.237236408956343,0.25077539599016,0.264314383023977),
 .UNSPECIFIED.);
#229=B_SPLINE_CURVE_WITH_KNOTS('',3,(#5068,#5069,#5070,#5071,#5072,#5073),
 .UNSPECIFIED.,.F.,.F.,(4,2,4),(0.237236408956343,0.25077539599016,0.264314383023977),
 .UNSPECIFIED.);
#230=B_SPLINE_CURVE_WITH_KNOTS('',3,(#5206,#5207,#5208,#5209,#5210,#5211,
#5212,#5213,#5214,#5215,#5216,#5217,#5218,#5219,#5220,#5221),
 .UNSPECIFIED.,.F.,.F.,(4,2,2,2,2,2,2,4),(3.00935547387889,3.11348190008553,
3.21760832629218,3.33269913807146,3.37365243290563,3.41732491614036,3.4461274240204,
3.48572539994577),.UNSPECIFIED.);
#231=B_SPLINE_CURVE_WITH_KNOTS('',3,(#5225,#5226,#5227,#5228,#5229,#5230,
#5231,#5232,#5233,#5234,#5235,#5236,#5237,#5238,#5239,#5240),
 .UNSPECIFIED.,.F.,.F.,(4,2,2,2,2,2,2,4),(0.,0.0395979759253724,0.0684004838054126,
0.112072967040137,0.153026261874304,0.268117073653583,0.372243499860231,
0.476369926066879),.UNSPECIFIED.);
#232=B_SPLINE_CURVE_WITH_KNOTS('',3,(#5266,#5267,#5268,#5269,#5270,#5271,
#5272,#5273,#5274,#5275),.UNSPECIFIED.,.F.,.F.,(4,2,2,2,4),(0.370501609372251,
0.46334498803722,0.5562107701862,0.648920788763185,0.741339664409224),
 .UNSPECIFIED.);
#233=B_SPLINE_CURVE_WITH_KNOTS('',3,(#5276,#5277,#5278,#5279,#5280,#5281,
#5282,#5283,#5284,#5285),.UNSPECIFIED.,.F.,.F.,(4,2,2,2,4),(0.741339664409223,
0.833758540055262,0.926468558632247,1.01933434078123,1.1121777194462),
 .UNSPECIFIED.);
#234=B_SPLINE_CURVE_WITH_KNOTS('',3,(#5294,#5295,#5296,#5297,#5298,#5299,
#5300,#5301,#5302,#5303,#5304,#5305,#5306,#5307,#5308,#5309),
 .UNSPECIFIED.,.F.,.F.,(4,2,2,2,2,2,2,4),(3.00936969595651,3.11349612216316,
3.21762254836981,3.33271336014909,3.37366665498326,3.41733913821798,3.44614164609803,
3.48573962202339),.UNSPECIFIED.);
#235=B_SPLINE_CURVE_WITH_KNOTS('',3,(#5312,#5313,#5314,#5315,#5316,#5317,
#5318,#5319,#5320,#5321,#5322,#5323,#5324,#5325,#5326,#5327),
 .UNSPECIFIED.,.F.,.F.,(4,2,2,2,2,2,2,4),(0.,0.0395979759253727,0.0684004838054134,
0.112072967040138,0.153026261874305,0.268117073653584,0.372243499860232,
0.47636992606688),.UNSPECIFIED.);
#236=B_SPLINE_CURVE_WITH_KNOTS('',3,(#5338,#5339,#5340,#5341,#5342,#5343,
#5344,#5345,#5346,#5347),.UNSPECIFIED.,.F.,.F.,(4,2,2,2,4),(0.,0.154665373635248,
0.309330747270495,0.407991289706112,0.506651832141728),.UNSPECIFIED.);
#237=B_SPLINE_CURVE_WITH_KNOTS('',3,(#5348,#5349,#5350,#5351,#5352,#5353,
#5354,#5355,#5356,#5357),.UNSPECIFIED.,.F.,.F.,(4,2,2,2,4),(1.29580676105233,
1.39446730348795,1.49312784592356,1.64779321955881,1.75404027835519),
 .UNSPECIFIED.);
#238=FACE_OUTER_BOUND('',#429,.T.);
#239=FACE_OUTER_BOUND('',#430,.T.);
#240=FACE_OUTER_BOUND('',#431,.T.);
#241=FACE_OUTER_BOUND('',#432,.T.);
#242=FACE_OUTER_BOUND('',#433,.T.);
#243=FACE_OUTER_BOUND('',#434,.T.);
#244=FACE_OUTER_BOUND('',#435,.T.);
#245=FACE_OUTER_BOUND('',#436,.T.);
#246=FACE_OUTER_BOUND('',#437,.T.);
#247=FACE_OUTER_BOUND('',#450,.T.);
#248=FACE_OUTER_BOUND('',#451,.T.);
#249=FACE_OUTER_BOUND('',#452,.T.);
#250=FACE_OUTER_BOUND('',#453,.T.);
#251=FACE_OUTER_BOUND('',#454,.T.);
#252=FACE_OUTER_BOUND('',#455,.T.);
#253=FACE_OUTER_BOUND('',#456,.T.);
#254=FACE_OUTER_BOUND('',#457,.T.);
#255=FACE_OUTER_BOUND('',#458,.T.);
#256=FACE_OUTER_BOUND('',#459,.T.);
#257=FACE_OUTER_BOUND('',#460,.T.);
#258=FACE_OUTER_BOUND('',#461,.T.);
#259=FACE_OUTER_BOUND('',#462,.T.);
#260=FACE_OUTER_BOUND('',#463,.T.);
#261=FACE_OUTER_BOUND('',#464,.T.);
#262=FACE_OUTER_BOUND('',#465,.T.);
#263=FACE_OUTER_BOUND('',#466,.T.);
#264=FACE_OUTER_BOUND('',#483,.T.);
#265=FACE_OUTER_BOUND('',#484,.T.);
#266=FACE_OUTER_BOUND('',#486,.T.);
#267=FACE_OUTER_BOUND('',#487,.T.);
#268=FACE_OUTER_BOUND('',#489,.T.);
#269=FACE_OUTER_BOUND('',#490,.T.);
#270=FACE_OUTER_BOUND('',#491,.T.);
#271=FACE_OUTER_BOUND('',#492,.T.);
#272=FACE_OUTER_BOUND('',#493,.T.);
#273=FACE_OUTER_BOUND('',#494,.T.);
#274=FACE_OUTER_BOUND('',#495,.T.);
#275=FACE_OUTER_BOUND('',#496,.T.);
#276=FACE_OUTER_BOUND('',#497,.T.);
#277=FACE_OUTER_BOUND('',#498,.T.);
#278=FACE_OUTER_BOUND('',#500,.T.);
#279=FACE_OUTER_BOUND('',#502,.T.);
#280=FACE_OUTER_BOUND('',#503,.T.);
#281=FACE_OUTER_BOUND('',#504,.T.);
#282=FACE_OUTER_BOUND('',#505,.T.);
#283=FACE_OUTER_BOUND('',#506,.T.);
#284=FACE_OUTER_BOUND('',#507,.T.);
#285=FACE_OUTER_BOUND('',#508,.T.);
#286=FACE_OUTER_BOUND('',#509,.T.);
#287=FACE_OUTER_BOUND('',#510,.T.);
#288=FACE_OUTER_BOUND('',#511,.T.);
#289=FACE_OUTER_BOUND('',#512,.T.);
#290=FACE_OUTER_BOUND('',#517,.T.);
#291=FACE_OUTER_BOUND('',#518,.T.);
#292=FACE_OUTER_BOUND('',#519,.T.);
#293=FACE_OUTER_BOUND('',#520,.T.);
#294=FACE_OUTER_BOUND('',#521,.T.);
#295=FACE_OUTER_BOUND('',#522,.T.);
#296=FACE_OUTER_BOUND('',#523,.T.);
#297=FACE_OUTER_BOUND('',#524,.T.);
#298=FACE_OUTER_BOUND('',#525,.T.);
#299=FACE_OUTER_BOUND('',#526,.T.);
#300=FACE_OUTER_BOUND('',#527,.T.);
#301=FACE_OUTER_BOUND('',#528,.T.);
#302=FACE_OUTER_BOUND('',#529,.T.);
#303=FACE_OUTER_BOUND('',#530,.T.);
#304=FACE_OUTER_BOUND('',#531,.T.);
#305=FACE_OUTER_BOUND('',#536,.T.);
#306=FACE_OUTER_BOUND('',#541,.T.);
#307=FACE_OUTER_BOUND('',#543,.T.);
#308=FACE_OUTER_BOUND('',#545,.T.);
#309=FACE_OUTER_BOUND('',#546,.T.);
#310=FACE_OUTER_BOUND('',#547,.T.);
#311=FACE_OUTER_BOUND('',#548,.T.);
#312=FACE_OUTER_BOUND('',#549,.T.);
#313=FACE_OUTER_BOUND('',#550,.T.);
#314=FACE_OUTER_BOUND('',#551,.T.);
#315=FACE_OUTER_BOUND('',#552,.T.);
#316=FACE_OUTER_BOUND('',#555,.T.);
#317=FACE_OUTER_BOUND('',#556,.T.);
#318=FACE_OUTER_BOUND('',#557,.T.);
#319=FACE_OUTER_BOUND('',#558,.T.);
#320=FACE_OUTER_BOUND('',#559,.T.);
#321=FACE_OUTER_BOUND('',#561,.T.);
#322=FACE_OUTER_BOUND('',#562,.T.);
#323=FACE_OUTER_BOUND('',#564,.T.);
#324=FACE_OUTER_BOUND('',#565,.T.);
#325=FACE_OUTER_BOUND('',#567,.T.);
#326=FACE_OUTER_BOUND('',#568,.T.);
#327=FACE_OUTER_BOUND('',#570,.T.);
#328=FACE_OUTER_BOUND('',#571,.T.);
#329=FACE_OUTER_BOUND('',#572,.T.);
#330=FACE_OUTER_BOUND('',#573,.T.);
#331=FACE_OUTER_BOUND('',#574,.T.);
#332=FACE_OUTER_BOUND('',#579,.T.);
#333=FACE_OUTER_BOUND('',#580,.T.);
#334=FACE_OUTER_BOUND('',#581,.T.);
#335=FACE_OUTER_BOUND('',#583,.T.);
#336=FACE_OUTER_BOUND('',#584,.T.);
#337=FACE_OUTER_BOUND('',#585,.T.);
#338=FACE_OUTER_BOUND('',#586,.T.);
#339=FACE_OUTER_BOUND('',#588,.T.);
#340=FACE_OUTER_BOUND('',#589,.T.);
#341=FACE_OUTER_BOUND('',#590,.T.);
#342=FACE_OUTER_BOUND('',#593,.T.);
#343=FACE_OUTER_BOUND('',#594,.T.);
#344=FACE_OUTER_BOUND('',#595,.T.);
#345=FACE_OUTER_BOUND('',#596,.T.);
#346=FACE_OUTER_BOUND('',#597,.T.);
#347=FACE_OUTER_BOUND('',#600,.T.);
#348=FACE_OUTER_BOUND('',#601,.T.);
#349=FACE_OUTER_BOUND('',#602,.T.);
#350=FACE_OUTER_BOUND('',#603,.T.);
#351=FACE_OUTER_BOUND('',#604,.T.);
#352=FACE_OUTER_BOUND('',#605,.T.);
#353=FACE_OUTER_BOUND('',#606,.T.);
#354=FACE_OUTER_BOUND('',#607,.T.);
#355=FACE_OUTER_BOUND('',#608,.T.);
#356=FACE_OUTER_BOUND('',#609,.T.);
#357=FACE_OUTER_BOUND('',#610,.T.);
#358=FACE_OUTER_BOUND('',#611,.T.);
#359=FACE_OUTER_BOUND('',#612,.T.);
#360=FACE_OUTER_BOUND('',#613,.T.);
#361=FACE_OUTER_BOUND('',#614,.T.);
#362=FACE_OUTER_BOUND('',#615,.T.);
#363=FACE_OUTER_BOUND('',#616,.T.);
#364=FACE_OUTER_BOUND('',#617,.T.);
#365=FACE_OUTER_BOUND('',#618,.T.);
#366=FACE_OUTER_BOUND('',#628,.T.);
#367=FACE_OUTER_BOUND('',#629,.T.);
#368=FACE_OUTER_BOUND('',#630,.T.);
#369=FACE_OUTER_BOUND('',#631,.T.);
#370=FACE_OUTER_BOUND('',#632,.T.);
#371=FACE_OUTER_BOUND('',#633,.T.);
#372=FACE_OUTER_BOUND('',#634,.T.);
#373=FACE_OUTER_BOUND('',#635,.T.);
#374=FACE_OUTER_BOUND('',#636,.T.);
#375=FACE_OUTER_BOUND('',#646,.T.);
#376=FACE_OUTER_BOUND('',#647,.T.);
#377=FACE_OUTER_BOUND('',#648,.T.);
#378=FACE_OUTER_BOUND('',#649,.T.);
#379=FACE_OUTER_BOUND('',#650,.T.);
#380=FACE_OUTER_BOUND('',#651,.T.);
#381=FACE_OUTER_BOUND('',#652,.T.);
#382=FACE_OUTER_BOUND('',#653,.T.);
#383=FACE_OUTER_BOUND('',#654,.T.);
#384=FACE_OUTER_BOUND('',#655,.T.);
#385=FACE_OUTER_BOUND('',#656,.T.);
#386=FACE_OUTER_BOUND('',#657,.T.);
#387=FACE_OUTER_BOUND('',#658,.T.);
#388=FACE_OUTER_BOUND('',#659,.T.);
#389=FACE_OUTER_BOUND('',#660,.T.);
#390=FACE_OUTER_BOUND('',#661,.T.);
#391=FACE_OUTER_BOUND('',#662,.T.);
#392=FACE_OUTER_BOUND('',#663,.T.);
#393=FACE_OUTER_BOUND('',#664,.T.);
#394=FACE_OUTER_BOUND('',#665,.T.);
#395=FACE_OUTER_BOUND('',#666,.T.);
#396=FACE_OUTER_BOUND('',#667,.T.);
#397=FACE_OUTER_BOUND('',#668,.T.);
#398=FACE_OUTER_BOUND('',#669,.T.);
#399=FACE_OUTER_BOUND('',#670,.T.);
#400=FACE_OUTER_BOUND('',#671,.T.);
#401=FACE_OUTER_BOUND('',#672,.T.);
#402=FACE_OUTER_BOUND('',#673,.T.);
#403=FACE_OUTER_BOUND('',#674,.T.);
#404=FACE_OUTER_BOUND('',#675,.T.);
#405=FACE_OUTER_BOUND('',#676,.T.);
#406=FACE_OUTER_BOUND('',#684,.T.);
#407=FACE_OUTER_BOUND('',#685,.T.);
#408=FACE_OUTER_BOUND('',#686,.T.);
#409=FACE_OUTER_BOUND('',#687,.T.);
#410=FACE_OUTER_BOUND('',#688,.T.);
#411=FACE_OUTER_BOUND('',#689,.T.);
#412=FACE_OUTER_BOUND('',#690,.T.);
#413=FACE_OUTER_BOUND('',#691,.T.);
#414=FACE_OUTER_BOUND('',#692,.T.);
#415=FACE_OUTER_BOUND('',#693,.T.);
#416=FACE_OUTER_BOUND('',#695,.T.);
#417=FACE_OUTER_BOUND('',#696,.T.);
#418=FACE_OUTER_BOUND('',#698,.T.);
#419=FACE_OUTER_BOUND('',#699,.T.);
#420=FACE_OUTER_BOUND('',#700,.T.);
#421=FACE_OUTER_BOUND('',#701,.T.);
#422=FACE_OUTER_BOUND('',#702,.T.);
#423=FACE_OUTER_BOUND('',#703,.T.);
#424=FACE_OUTER_BOUND('',#704,.T.);
#425=FACE_OUTER_BOUND('',#705,.T.);
#426=FACE_OUTER_BOUND('',#706,.T.);
#427=FACE_OUTER_BOUND('',#707,.T.);
#428=FACE_OUTER_BOUND('',#708,.T.);
#429=EDGE_LOOP('',(#2222,#2223,#2224,#2225));
#430=EDGE_LOOP('',(#2226,#2227,#2228,#2229,#2230,#2231));
#431=EDGE_LOOP('',(#2232,#2233,#2234,#2235));
#432=EDGE_LOOP('',(#2236,#2237,#2238,#2239,#2240,#2241));
#433=EDGE_LOOP('',(#2242,#2243,#2244,#2245));
#434=EDGE_LOOP('',(#2246,#2247,#2248,#2249,#2250,#2251));
#435=EDGE_LOOP('',(#2252,#2253,#2254,#2255));
#436=EDGE_LOOP('',(#2256,#2257,#2258,#2259,#2260,#2261));
#437=EDGE_LOOP('',(#2262,#2263,#2264,#2265,#2266,#2267,#2268,#2269,#2270,
#2271,#2272,#2273,#2274,#2275,#2276,#2277,#2278,#2279,#2280,#2281));
#438=EDGE_LOOP('',(#2282));
#439=EDGE_LOOP('',(#2283));
#440=EDGE_LOOP('',(#2284));
#441=EDGE_LOOP('',(#2285));
#442=EDGE_LOOP('',(#2286));
#443=EDGE_LOOP('',(#2287));
#444=EDGE_LOOP('',(#2288));
#445=EDGE_LOOP('',(#2289));
#446=EDGE_LOOP('',(#2290));
#447=EDGE_LOOP('',(#2291));
#448=EDGE_LOOP('',(#2292));
#449=EDGE_LOOP('',(#2293));
#450=EDGE_LOOP('',(#2294,#2295,#2296,#2297,#2298,#2299,#2300,#2301,#2302,
#2303,#2304,#2305));
#451=EDGE_LOOP('',(#2306,#2307,#2308,#2309));
#452=EDGE_LOOP('',(#2310,#2311,#2312,#2313));
#453=EDGE_LOOP('',(#2314,#2315,#2316,#2317));
#454=EDGE_LOOP('',(#2318,#2319,#2320,#2321));
#455=EDGE_LOOP('',(#2322,#2323,#2324,#2325));
#456=EDGE_LOOP('',(#2326,#2327,#2328,#2329));
#457=EDGE_LOOP('',(#2330,#2331,#2332,#2333));
#458=EDGE_LOOP('',(#2334,#2335,#2336,#2337));
#459=EDGE_LOOP('',(#2338,#2339,#2340,#2341));
#460=EDGE_LOOP('',(#2342,#2343,#2344,#2345));
#461=EDGE_LOOP('',(#2346,#2347,#2348,#2349));
#462=EDGE_LOOP('',(#2350,#2351,#2352,#2353));
#463=EDGE_LOOP('',(#2354,#2355,#2356,#2357));
#464=EDGE_LOOP('',(#2358,#2359,#2360,#2361));
#465=EDGE_LOOP('',(#2362,#2363,#2364,#2365));
#466=EDGE_LOOP('',(#2366,#2367,#2368,#2369,#2370,#2371,#2372,#2373));
#467=EDGE_LOOP('',(#2374));
#468=EDGE_LOOP('',(#2375));
#469=EDGE_LOOP('',(#2376));
#470=EDGE_LOOP('',(#2377));
#471=EDGE_LOOP('',(#2378));
#472=EDGE_LOOP('',(#2379));
#473=EDGE_LOOP('',(#2380));
#474=EDGE_LOOP('',(#2381));
#475=EDGE_LOOP('',(#2382));
#476=EDGE_LOOP('',(#2383));
#477=EDGE_LOOP('',(#2384));
#478=EDGE_LOOP('',(#2385));
#479=EDGE_LOOP('',(#2386));
#480=EDGE_LOOP('',(#2387));
#481=EDGE_LOOP('',(#2388));
#482=EDGE_LOOP('',(#2389));
#483=EDGE_LOOP('',(#2390,#2391,#2392,#2393,#2394,#2395));
#484=EDGE_LOOP('',(#2396));
#485=EDGE_LOOP('',(#2397));
#486=EDGE_LOOP('',(#2398,#2399,#2400,#2401,#2402,#2403));
#487=EDGE_LOOP('',(#2404));
#488=EDGE_LOOP('',(#2405));
#489=EDGE_LOOP('',(#2406,#2407,#2408,#2409));
#490=EDGE_LOOP('',(#2410,#2411,#2412,#2413,#2414,#2415,#2416,#2417,#2418));
#491=EDGE_LOOP('',(#2419,#2420,#2421,#2422));
#492=EDGE_LOOP('',(#2423,#2424,#2425,#2426,#2427));
#493=EDGE_LOOP('',(#2428,#2429,#2430,#2431));
#494=EDGE_LOOP('',(#2432,#2433,#2434,#2435));
#495=EDGE_LOOP('',(#2436,#2437,#2438,#2439));
#496=EDGE_LOOP('',(#2440,#2441,#2442,#2443,#2444));
#497=EDGE_LOOP('',(#2445,#2446,#2447,#2448,#2449));
#498=EDGE_LOOP('',(#2450,#2451));
#499=EDGE_LOOP('',(#2452));
#500=EDGE_LOOP('',(#2453,#2454));
#501=EDGE_LOOP('',(#2455));
#502=EDGE_LOOP('',(#2456,#2457,#2458,#2459));
#503=EDGE_LOOP('',(#2460,#2461,#2462,#2463));
#504=EDGE_LOOP('',(#2464,#2465,#2466,#2467));
#505=EDGE_LOOP('',(#2468,#2469,#2470,#2471));
#506=EDGE_LOOP('',(#2472,#2473,#2474,#2475,#2476,#2477));
#507=EDGE_LOOP('',(#2478,#2479,#2480,#2481));
#508=EDGE_LOOP('',(#2482,#2483,#2484,#2485,#2486));
#509=EDGE_LOOP('',(#2487,#2488,#2489,#2490,#2491));
#510=EDGE_LOOP('',(#2492,#2493,#2494,#2495,#2496,#2497));
#511=EDGE_LOOP('',(#2498,#2499,#2500,#2501,#2502,#2503));
#512=EDGE_LOOP('',(#2504,#2505,#2506,#2507,#2508,#2509,#2510,#2511,#2512,
#2513));
#513=EDGE_LOOP('',(#2514));
#514=EDGE_LOOP('',(#2515));
#515=EDGE_LOOP('',(#2516));
#516=EDGE_LOOP('',(#2517));
#517=EDGE_LOOP('',(#2518,#2519,#2520,#2521));
#518=EDGE_LOOP('',(#2522,#2523,#2524,#2525));
#519=EDGE_LOOP('',(#2526,#2527,#2528,#2529));
#520=EDGE_LOOP('',(#2530,#2531,#2532,#2533));
#521=EDGE_LOOP('',(#2534,#2535,#2536,#2537));
#522=EDGE_LOOP('',(#2538,#2539,#2540,#2541));
#523=EDGE_LOOP('',(#2542,#2543,#2544,#2545));
#524=EDGE_LOOP('',(#2546,#2547,#2548,#2549));
#525=EDGE_LOOP('',(#2550,#2551,#2552,#2553));
#526=EDGE_LOOP('',(#2554,#2555,#2556,#2557));
#527=EDGE_LOOP('',(#2558,#2559,#2560,#2561));
#528=EDGE_LOOP('',(#2562,#2563,#2564,#2565));
#529=EDGE_LOOP('',(#2566,#2567,#2568,#2569));
#530=EDGE_LOOP('',(#2570,#2571,#2572,#2573));
#531=EDGE_LOOP('',(#2574,#2575,#2576,#2577,#2578,#2579,#2580,#2581,#2582,
#2583));
#532=EDGE_LOOP('',(#2584));
#533=EDGE_LOOP('',(#2585));
#534=EDGE_LOOP('',(#2586));
#535=EDGE_LOOP('',(#2587));
#536=EDGE_LOOP('',(#2588,#2589,#2590,#2591,#2592,#2593,#2594,#2595,#2596,
#2597));
#537=EDGE_LOOP('',(#2598));
#538=EDGE_LOOP('',(#2599));
#539=EDGE_LOOP('',(#2600));
#540=EDGE_LOOP('',(#2601));
#541=EDGE_LOOP('',(#2602,#2603,#2604,#2605));
#542=EDGE_LOOP('',(#2606));
#543=EDGE_LOOP('',(#2607,#2608,#2609,#2610));
#544=EDGE_LOOP('',(#2611));
#545=EDGE_LOOP('',(#2612,#2613,#2614,#2615));
#546=EDGE_LOOP('',(#2616,#2617,#2618,#2619));
#547=EDGE_LOOP('',(#2620,#2621,#2622,#2623));
#548=EDGE_LOOP('',(#2624,#2625,#2626,#2627));
#549=EDGE_LOOP('',(#2628,#2629,#2630,#2631));
#550=EDGE_LOOP('',(#2632,#2633,#2634,#2635));
#551=EDGE_LOOP('',(#2636,#2637,#2638,#2639));
#552=EDGE_LOOP('',(#2640,#2641,#2642,#2643,#2644,#2645));
#553=EDGE_LOOP('',(#2646));
#554=EDGE_LOOP('',(#2647));
#555=EDGE_LOOP('',(#2648,#2649,#2650,#2651));
#556=EDGE_LOOP('',(#2652,#2653,#2654,#2655,#2656));
#557=EDGE_LOOP('',(#2657,#2658,#2659,#2660,#2661));
#558=EDGE_LOOP('',(#2662,#2663,#2664,#2665));
#559=EDGE_LOOP('',(#2666));
#560=EDGE_LOOP('',(#2667));
#561=EDGE_LOOP('',(#2668,#2669,#2670,#2671,#2672));
#562=EDGE_LOOP('',(#2673));
#563=EDGE_LOOP('',(#2674));
#564=EDGE_LOOP('',(#2675,#2676,#2677,#2678,#2679,#2680));
#565=EDGE_LOOP('',(#2681));
#566=EDGE_LOOP('',(#2682));
#567=EDGE_LOOP('',(#2683,#2684,#2685,#2686));
#568=EDGE_LOOP('',(#2687));
#569=EDGE_LOOP('',(#2688));
#570=EDGE_LOOP('',(#2689,#2690,#2691,#2692,#2693));
#571=EDGE_LOOP('',(#2694,#2695,#2696,#2697,#2698,#2699,#2700,#2701,#2702));
#572=EDGE_LOOP('',(#2703,#2704,#2705,#2706,#2707,#2708,#2709));
#573=EDGE_LOOP('',(#2710,#2711,#2712,#2713));
#574=EDGE_LOOP('',(#2714,#2715,#2716,#2717,#2718,#2719,#2720,#2721));
#575=EDGE_LOOP('',(#2722));
#576=EDGE_LOOP('',(#2723));
#577=EDGE_LOOP('',(#2724));
#578=EDGE_LOOP('',(#2725));
#579=EDGE_LOOP('',(#2726,#2727,#2728,#2729));
#580=EDGE_LOOP('',(#2730,#2731,#2732,#2733));
#581=EDGE_LOOP('',(#2734,#2735,#2736,#2737));
#582=EDGE_LOOP('',(#2738));
#583=EDGE_LOOP('',(#2739,#2740,#2741,#2742));
#584=EDGE_LOOP('',(#2743,#2744,#2745,#2746));
#585=EDGE_LOOP('',(#2747,#2748,#2749,#2750));
#586=EDGE_LOOP('',(#2751,#2752,#2753,#2754));
#587=EDGE_LOOP('',(#2755));
#588=EDGE_LOOP('',(#2756,#2757,#2758,#2759));
#589=EDGE_LOOP('',(#2760,#2761,#2762,#2763));
#590=EDGE_LOOP('',(#2764,#2765,#2766,#2767));
#591=EDGE_LOOP('',(#2768));
#592=EDGE_LOOP('',(#2769));
#593=EDGE_LOOP('',(#2770,#2771,#2772,#2773));
#594=EDGE_LOOP('',(#2774,#2775,#2776,#2777));
#595=EDGE_LOOP('',(#2778,#2779,#2780,#2781));
#596=EDGE_LOOP('',(#2782,#2783,#2784,#2785));
#597=EDGE_LOOP('',(#2786,#2787,#2788,#2789));
#598=EDGE_LOOP('',(#2790));
#599=EDGE_LOOP('',(#2791));
#600=EDGE_LOOP('',(#2792,#2793,#2794,#2795));
#601=EDGE_LOOP('',(#2796,#2797,#2798,#2799));
#602=EDGE_LOOP('',(#2800,#2801,#2802,#2803));
#603=EDGE_LOOP('',(#2804,#2805,#2806,#2807));
#604=EDGE_LOOP('',(#2808,#2809,#2810,#2811));
#605=EDGE_LOOP('',(#2812,#2813,#2814,#2815));
#606=EDGE_LOOP('',(#2816,#2817,#2818,#2819));
#607=EDGE_LOOP('',(#2820,#2821,#2822,#2823));
#608=EDGE_LOOP('',(#2824,#2825,#2826,#2827));
#609=EDGE_LOOP('',(#2828,#2829,#2830,#2831));
#610=EDGE_LOOP('',(#2832,#2833,#2834,#2835));
#611=EDGE_LOOP('',(#2836,#2837,#2838,#2839));
#612=EDGE_LOOP('',(#2840,#2841,#2842,#2843));
#613=EDGE_LOOP('',(#2844,#2845,#2846,#2847));
#614=EDGE_LOOP('',(#2848,#2849,#2850,#2851));
#615=EDGE_LOOP('',(#2852,#2853,#2854,#2855));
#616=EDGE_LOOP('',(#2856,#2857,#2858,#2859));
#617=EDGE_LOOP('',(#2860,#2861,#2862,#2863));
#618=EDGE_LOOP('',(#2864,#2865,#2866,#2867,#2868,#2869,#2870,#2871,#2872,
#2873,#2874,#2875));
#619=EDGE_LOOP('',(#2876,#2877,#2878,#2879));
#620=EDGE_LOOP('',(#2880));
#621=EDGE_LOOP('',(#2881));
#622=EDGE_LOOP('',(#2882));
#623=EDGE_LOOP('',(#2883));
#624=EDGE_LOOP('',(#2884));
#625=EDGE_LOOP('',(#2885));
#626=EDGE_LOOP('',(#2886));
#627=EDGE_LOOP('',(#2887));
#628=EDGE_LOOP('',(#2888,#2889,#2890,#2891));
#629=EDGE_LOOP('',(#2892,#2893,#2894,#2895));
#630=EDGE_LOOP('',(#2896,#2897,#2898,#2899));
#631=EDGE_LOOP('',(#2900,#2901,#2902,#2903));
#632=EDGE_LOOP('',(#2904,#2905,#2906,#2907));
#633=EDGE_LOOP('',(#2908,#2909,#2910,#2911));
#634=EDGE_LOOP('',(#2912,#2913,#2914,#2915));
#635=EDGE_LOOP('',(#2916,#2917,#2918,#2919));
#636=EDGE_LOOP('',(#2920,#2921,#2922,#2923,#2924,#2925,#2926,#2927,#2928,
#2929,#2930,#2931));
#637=EDGE_LOOP('',(#2932));
#638=EDGE_LOOP('',(#2933));
#639=EDGE_LOOP('',(#2934));
#640=EDGE_LOOP('',(#2935));
#641=EDGE_LOOP('',(#2936));
#642=EDGE_LOOP('',(#2937));
#643=EDGE_LOOP('',(#2938));
#644=EDGE_LOOP('',(#2939));
#645=EDGE_LOOP('',(#2940,#2941,#2942,#2943));
#646=EDGE_LOOP('',(#2944,#2945,#2946,#2947));
#647=EDGE_LOOP('',(#2948,#2949,#2950,#2951));
#648=EDGE_LOOP('',(#2952,#2953,#2954,#2955));
#649=EDGE_LOOP('',(#2956,#2957,#2958,#2959));
#650=EDGE_LOOP('',(#2960,#2961,#2962,#2963));
#651=EDGE_LOOP('',(#2964,#2965,#2966,#2967));
#652=EDGE_LOOP('',(#2968,#2969,#2970,#2971));
#653=EDGE_LOOP('',(#2972,#2973,#2974,#2975));
#654=EDGE_LOOP('',(#2976,#2977,#2978,#2979));
#655=EDGE_LOOP('',(#2980,#2981,#2982,#2983));
#656=EDGE_LOOP('',(#2984,#2985,#2986,#2987));
#657=EDGE_LOOP('',(#2988,#2989,#2990,#2991));
#658=EDGE_LOOP('',(#2992,#2993,#2994,#2995));
#659=EDGE_LOOP('',(#2996,#2997,#2998,#2999));
#660=EDGE_LOOP('',(#3000,#3001,#3002,#3003));
#661=EDGE_LOOP('',(#3004));
#662=EDGE_LOOP('',(#3005,#3006,#3007,#3008));
#663=EDGE_LOOP('',(#3009));
#664=EDGE_LOOP('',(#3010,#3011,#3012,#3013));
#665=EDGE_LOOP('',(#3014,#3015,#3016,#3017));
#666=EDGE_LOOP('',(#3018,#3019,#3020,#3021));
#667=EDGE_LOOP('',(#3022,#3023,#3024,#3025));
#668=EDGE_LOOP('',(#3026,#3027,#3028,#3029));
#669=EDGE_LOOP('',(#3030,#3031,#3032,#3033));
#670=EDGE_LOOP('',(#3034,#3035,#3036,#3037));
#671=EDGE_LOOP('',(#3038,#3039,#3040,#3041));
#672=EDGE_LOOP('',(#3042,#3043,#3044,#3045));
#673=EDGE_LOOP('',(#3046,#3047,#3048,#3049));
#674=EDGE_LOOP('',(#3050,#3051,#3052,#3053));
#675=EDGE_LOOP('',(#3054,#3055,#3056,#3057));
#676=EDGE_LOOP('',(#3058,#3059,#3060,#3061,#3062,#3063,#3064,#3065));
#677=EDGE_LOOP('',(#3066,#3067,#3068,#3069,#3070,#3071,#3072,#3073));
#678=EDGE_LOOP('',(#3074));
#679=EDGE_LOOP('',(#3075));
#680=EDGE_LOOP('',(#3076));
#681=EDGE_LOOP('',(#3077));
#682=EDGE_LOOP('',(#3078));
#683=EDGE_LOOP('',(#3079));
#684=EDGE_LOOP('',(#3080,#3081,#3082,#3083));
#685=EDGE_LOOP('',(#3084,#3085,#3086,#3087));
#686=EDGE_LOOP('',(#3088,#3089,#3090,#3091));
#687=EDGE_LOOP('',(#3092,#3093,#3094,#3095));
#688=EDGE_LOOP('',(#3096,#3097,#3098,#3099));
#689=EDGE_LOOP('',(#3100,#3101,#3102,#3103));
#690=EDGE_LOOP('',(#3104,#3105,#3106,#3107));
#691=EDGE_LOOP('',(#3108,#3109,#3110,#3111));
#692=EDGE_LOOP('',(#3112,#3113,#3114,#3115));
#693=EDGE_LOOP('',(#3116));
#694=EDGE_LOOP('',(#3117));
#695=EDGE_LOOP('',(#3118,#3119,#3120,#3121));
#696=EDGE_LOOP('',(#3122));
#697=EDGE_LOOP('',(#3123));
#698=EDGE_LOOP('',(#3124,#3125,#3126,#3127));
#699=EDGE_LOOP('',(#3128,#3129,#3130,#3131));
#700=EDGE_LOOP('',(#3132,#3133,#3134,#3135));
#701=EDGE_LOOP('',(#3136,#3137,#3138,#3139));
#702=EDGE_LOOP('',(#3140,#3141,#3142,#3143));
#703=EDGE_LOOP('',(#3144,#3145,#3146,#3147));
#704=EDGE_LOOP('',(#3148,#3149,#3150,#3151));
#705=EDGE_LOOP('',(#3152,#3153,#3154,#3155));
#706=EDGE_LOOP('',(#3156,#3157,#3158,#3159));
#707=EDGE_LOOP('',(#3160,#3161,#3162,#3163));
#708=EDGE_LOOP('',(#3164,#3165,#3166,#3167,#3168,#3169,#3170,#3171));
#709=EDGE_LOOP('',(#3172));
#710=EDGE_LOOP('',(#3173));
#711=EDGE_LOOP('',(#3174));
#712=EDGE_LOOP('',(#3175));
#713=EDGE_LOOP('',(#3176));
#714=EDGE_LOOP('',(#3177));
#715=EDGE_LOOP('',(#3178,#3179,#3180,#3181,#3182,#3183,#3184,#3185));
#716=EDGE_LOOP('',(#3186));
#717=EDGE_LOOP('',(#3187));
#718=LINE('',#4995,#966);
#719=LINE('',#5001,#967);
#720=LINE('',#5016,#968);
#721=LINE('',#5022,#969);
#722=LINE('',#5037,#970);
#723=LINE('',#5043,#971);
#724=LINE('',#5058,#972);
#725=LINE('',#5064,#973);
#726=LINE('',#5076,#974);
#727=LINE('',#5077,#975);
#728=LINE('',#5079,#976);
#729=LINE('',#5081,#977);
#730=LINE('',#5083,#978);
#731=LINE('',#5085,#979);
#732=LINE('',#5087,#980);
#733=LINE('',#5089,#981);
#734=LINE('',#5091,#982);
#735=LINE('',#5093,#983);
#736=LINE('',#5094,#984);
#737=LINE('',#5095,#985);
#738=LINE('',#5116,#986);
#739=LINE('',#5120,#987);
#740=LINE('',#5121,#988);
#741=LINE('',#5125,#989);
#742=LINE('',#5129,#990);
#743=LINE('',#5133,#991);
#744=LINE('',#5137,#992);
#745=LINE('',#5141,#993);
#746=LINE('',#5145,#994);
#747=LINE('',#5149,#995);
#748=LINE('',#5153,#996);
#749=LINE('',#5156,#997);
#750=LINE('',#5158,#998);
#751=LINE('',#5159,#999);
#752=LINE('',#5162,#1000);
#753=LINE('',#5163,#1001);
#754=LINE('',#5165,#1002);
#755=LINE('',#5168,#1003);
#756=LINE('',#5169,#1004);
#757=LINE('',#5172,#1005);
#758=LINE('',#5173,#1006);
#759=LINE('',#5175,#1007);
#760=LINE('',#5181,#1008);
#761=LINE('',#5194,#1009);
#762=LINE('',#5244,#1010);
#763=LINE('',#5248,#1011);
#764=LINE('',#5250,#1012);
#765=LINE('',#5254,#1013);
#766=LINE('',#5257,#1014);
#767=LINE('',#5260,#1015);
#768=LINE('',#5263,#1016);
#769=LINE('',#5288,#1017);
#770=LINE('',#5291,#1018);
#771=LINE('',#5330,#1019);
#772=LINE('',#5333,#1020);
#773=LINE('',#5360,#1021);
#774=LINE('',#5363,#1022);
#775=LINE('',#5373,#1023);
#776=LINE('',#5376,#1024);
#777=LINE('',#5380,#1025);
#778=LINE('',#5384,#1026);
#779=LINE('',#5387,#1027);
#780=LINE('',#5390,#1028);
#781=LINE('',#5391,#1029);
#782=LINE('',#5394,#1030);
#783=LINE('',#5395,#1031);
#784=LINE('',#5397,#1032);
#785=LINE('',#5399,#1033);
#786=LINE('',#5401,#1034);
#787=LINE('',#5407,#1035);
#788=LINE('',#5413,#1036);
#789=LINE('',#5419,#1037);
#790=LINE('',#5425,#1038);
#791=LINE('',#5430,#1039);
#792=LINE('',#5432,#1040);
#793=LINE('',#5434,#1041);
#794=LINE('',#5435,#1042);
#795=LINE('',#5441,#1043);
#796=LINE('',#5444,#1044);
#797=LINE('',#5446,#1045);
#798=LINE('',#5447,#1046);
#799=LINE('',#5453,#1047);
#800=LINE('',#5456,#1048);
#801=LINE('',#5458,#1049);
#802=LINE('',#5459,#1050);
#803=LINE('',#5462,#1051);
#804=LINE('',#5464,#1052);
#805=LINE('',#5465,#1053);
#806=LINE('',#5468,#1054);
#807=LINE('',#5470,#1055);
#808=LINE('',#5471,#1056);
#809=LINE('',#5477,#1057);
#810=LINE('',#5480,#1058);
#811=LINE('',#5482,#1059);
#812=LINE('',#5483,#1060);
#813=LINE('',#5492,#1061);
#814=LINE('',#5494,#1062);
#815=LINE('',#5497,#1063);
#816=LINE('',#5503,#1064);
#817=LINE('',#5505,#1065);
#818=LINE('',#5508,#1066);
#819=LINE('',#5515,#1067);
#820=LINE('',#5521,#1068);
#821=LINE('',#5527,#1069);
#822=LINE('',#5533,#1070);
#823=LINE('',#5537,#1071);
#824=LINE('',#5541,#1072);
#825=LINE('',#5545,#1073);
#826=LINE('',#5548,#1074);
#827=LINE('',#5554,#1075);
#828=LINE('',#5556,#1076);
#829=LINE('',#5557,#1077);
#830=LINE('',#5558,#1078);
#831=LINE('',#5560,#1079);
#832=LINE('',#5561,#1080);
#833=LINE('',#5565,#1081);
#834=LINE('',#5566,#1082);
#835=LINE('',#5568,#1083);
#836=LINE('',#5569,#1084);
#837=LINE('',#5573,#1085);
#838=LINE('',#5575,#1086);
#839=LINE('',#5576,#1087);
#840=LINE('',#5577,#1088);
#841=LINE('',#5579,#1089);
#842=LINE('',#5580,#1090);
#843=LINE('',#5586,#1091);
#844=LINE('',#5594,#1092);
#845=LINE('',#5602,#1093);
#846=LINE('',#5608,#1094);
#847=LINE('',#5620,#1095);
#848=LINE('',#5623,#1096);
#849=LINE('',#5626,#1097);
#850=LINE('',#5628,#1098);
#851=LINE('',#5629,#1099);
#852=LINE('',#5632,#1100);
#853=LINE('',#5639,#1101);
#854=LINE('',#5642,#1102);
#855=LINE('',#5643,#1103);
#856=LINE('',#5651,#1104);
#857=LINE('',#5657,#1105);
#858=LINE('',#5664,#1106);
#859=LINE('',#5667,#1107);
#860=LINE('',#5670,#1108);
#861=LINE('',#5673,#1109);
#862=LINE('',#5676,#1110);
#863=LINE('',#5679,#1111);
#864=LINE('',#5681,#1112);
#865=LINE('',#5683,#1113);
#866=LINE('',#5698,#1114);
#867=LINE('',#5699,#1115);
#868=LINE('',#5710,#1116);
#869=LINE('',#5711,#1117);
#870=LINE('',#5722,#1118);
#871=LINE('',#5723,#1119);
#872=LINE('',#5734,#1120);
#873=LINE('',#5735,#1121);
#874=LINE('',#5746,#1122);
#875=LINE('',#5747,#1123);
#876=LINE('',#5755,#1124);
#877=LINE('',#5756,#1125);
#878=LINE('',#5759,#1126);
#879=LINE('',#5761,#1127);
#880=LINE('',#5762,#1128);
#881=LINE('',#5765,#1129);
#882=LINE('',#5769,#1130);
#883=LINE('',#5770,#1131);
#884=LINE('',#5773,#1132);
#885=LINE('',#5777,#1133);
#886=LINE('',#5778,#1134);
#887=LINE('',#5781,#1135);
#888=LINE('',#5786,#1136);
#889=LINE('',#5788,#1137);
#890=LINE('',#5790,#1138);
#891=LINE('',#5791,#1139);
#892=LINE('',#5812,#1140);
#893=LINE('',#5818,#1141);
#894=LINE('',#5821,#1142);
#895=LINE('',#5823,#1143);
#896=LINE('',#5826,#1144);
#897=LINE('',#5828,#1145);
#898=LINE('',#5829,#1146);
#899=LINE('',#5832,#1147);
#900=LINE('',#5833,#1148);
#901=LINE('',#5836,#1149);
#902=LINE('',#5837,#1150);
#903=LINE('',#5839,#1151);
#904=LINE('',#5842,#1152);
#905=LINE('',#5846,#1153);
#906=LINE('',#5850,#1154);
#907=LINE('',#5869,#1155);
#908=LINE('',#5871,#1156);
#909=LINE('',#5873,#1157);
#910=LINE('',#5875,#1158);
#911=LINE('',#5877,#1159);
#912=LINE('',#5880,#1160);
#913=LINE('',#5882,#1161);
#914=LINE('',#5884,#1162);
#915=LINE('',#5886,#1163);
#916=LINE('',#5888,#1164);
#917=LINE('',#5890,#1165);
#918=LINE('',#5892,#1166);
#919=LINE('',#5894,#1167);
#920=LINE('',#5899,#1168);
#921=LINE('',#5906,#1169);
#922=LINE('',#5914,#1170);
#923=LINE('',#5917,#1171);
#924=LINE('',#5928,#1172);
#925=LINE('',#5929,#1173);
#926=LINE('',#5940,#1174);
#927=LINE('',#5941,#1175);
#928=LINE('',#5952,#1176);
#929=LINE('',#5953,#1177);
#930=LINE('',#5959,#1178);
#931=LINE('',#5962,#1179);
#932=LINE('',#5965,#1180);
#933=LINE('',#5966,#1181);
#934=LINE('',#5969,#1182);
#935=LINE('',#5973,#1183);
#936=LINE('',#5974,#1184);
#937=LINE('',#5980,#1185);
#938=LINE('',#5984,#1186);
#939=LINE('',#5988,#1187);
#940=LINE('',#5991,#1188);
#941=LINE('',#6006,#1189);
#942=LINE('',#6009,#1190);
#943=LINE('',#6012,#1191);
#944=LINE('',#6013,#1192);
#945=LINE('',#6016,#1193);
#946=LINE('',#6019,#1194);
#947=LINE('',#6021,#1195);
#948=LINE('',#6024,#1196);
#949=LINE('',#6027,#1197);
#950=LINE('',#6029,#1198);
#951=LINE('',#6032,#1199);
#952=LINE('',#6035,#1200);
#953=LINE('',#6040,#1201);
#954=LINE('',#6049,#1202);
#955=LINE('',#6057,#1203);
#956=LINE('',#6059,#1204);
#957=LINE('',#6061,#1205);
#958=LINE('',#6065,#1206);
#959=LINE('',#6069,#1207);
#960=LINE('',#6073,#1208);
#961=LINE('',#6076,#1209);
#962=LINE('',#6077,#1210);
#963=LINE('',#6081,#1211);
#964=LINE('',#6084,#1212);
#965=LINE('',#6085,#1213);
#966=VECTOR('',#3918,0.800000000000001);
#967=VECTOR('',#3925,0.8);
#968=VECTOR('',#3934,0.800000000000001);
#969=VECTOR('',#3941,0.8);
#970=VECTOR('',#3950,0.800000000000001);
#971=VECTOR('',#3957,0.800000000000002);
#972=VECTOR('',#3966,0.800000000000001);
#973=VECTOR('',#3973,0.800000000000001);
#974=VECTOR('',#3980,2.5);
#975=VECTOR('',#3981,2.5);
#976=VECTOR('',#3982,2.5);
#977=VECTOR('',#3983,10.);
#978=VECTOR('',#3984,10.);
#979=VECTOR('',#3985,10.);
#980=VECTOR('',#3986,10.);
#981=VECTOR('',#3987,10.);
#982=VECTOR('',#3988,10.);
#983=VECTOR('',#3989,10.);
#984=VECTOR('',#3990,2.5);
#985=VECTOR('',#3991,2.5);
#986=VECTOR('',#4012,10.);
#987=VECTOR('',#4017,10.);
#988=VECTOR('',#4018,10.);
#989=VECTOR('',#4023,0.85);
#990=VECTOR('',#4028,1.5);
#991=VECTOR('',#4033,0.85);
#992=VECTOR('',#4038,0.85);
#993=VECTOR('',#4043,0.85);
#994=VECTOR('',#4048,0.850000000000004);
#995=VECTOR('',#4053,1.5);
#996=VECTOR('',#4058,0.85);
#997=VECTOR('',#4061,10.);
#998=VECTOR('',#4062,10.);
#999=VECTOR('',#4063,10.);
#1000=VECTOR('',#4066,10.);
#1001=VECTOR('',#4067,10.);
#1002=VECTOR('',#4070,10.);
#1003=VECTOR('',#4073,10.);
#1004=VECTOR('',#4074,10.);
#1005=VECTOR('',#4077,10.);
#1006=VECTOR('',#4078,10.);
#1007=VECTOR('',#4081,10.);
#1008=VECTOR('',#4088,2.7);
#1009=VECTOR('',#4103,2.7);
#1010=VECTOR('',#4122,10.);
#1011=VECTOR('',#4125,10.);
#1012=VECTOR('',#4126,10.);
#1013=VECTOR('',#4129,10.);
#1014=VECTOR('',#4132,10.);
#1015=VECTOR('',#4135,10.);
#1016=VECTOR('',#4138,10.);
#1017=VECTOR('',#4145,10.);
#1018=VECTOR('',#4148,10.);
#1019=VECTOR('',#4155,10.);
#1020=VECTOR('',#4158,10.);
#1021=VECTOR('',#4167,10.);
#1022=VECTOR('',#4170,10.);
#1023=VECTOR('',#4183,1.35);
#1024=VECTOR('',#4186,0.85);
#1025=VECTOR('',#4191,1.35);
#1026=VECTOR('',#4196,1.35);
#1027=VECTOR('',#4201,10.);
#1028=VECTOR('',#4204,10.);
#1029=VECTOR('',#4205,10.);
#1030=VECTOR('',#4208,10.);
#1031=VECTOR('',#4209,10.);
#1032=VECTOR('',#4212,10.);
#1033=VECTOR('',#4215,10.);
#1034=VECTOR('',#4218,10.);
#1035=VECTOR('',#4225,1.35);
#1036=VECTOR('',#4232,1.5);
#1037=VECTOR('',#4239,1.4);
#1038=VECTOR('',#4246,0.85);
#1039=VECTOR('',#4251,10.);
#1040=VECTOR('',#4252,10.);
#1041=VECTOR('',#4253,10.);
#1042=VECTOR('',#4254,10.);
#1043=VECTOR('',#4261,10.);
#1044=VECTOR('',#4264,10.);
#1045=VECTOR('',#4265,10.);
#1046=VECTOR('',#4266,10.);
#1047=VECTOR('',#4273,10.);
#1048=VECTOR('',#4276,10.);
#1049=VECTOR('',#4277,10.);
#1050=VECTOR('',#4278,10.);
#1051=VECTOR('',#4281,10.);
#1052=VECTOR('',#4282,10.);
#1053=VECTOR('',#4283,10.);
#1054=VECTOR('',#4286,10.);
#1055=VECTOR('',#4287,10.);
#1056=VECTOR('',#4288,10.);
#1057=VECTOR('',#4295,10.);
#1058=VECTOR('',#4298,10.);
#1059=VECTOR('',#4299,10.);
#1060=VECTOR('',#4300,10.);
#1061=VECTOR('',#4313,10.);
#1062=VECTOR('',#4314,10.);
#1063=VECTOR('',#4317,10.);
#1064=VECTOR('',#4322,10.);
#1065=VECTOR('',#4323,10.);
#1066=VECTOR('',#4326,10.);
#1067=VECTOR('',#4333,0.945);
#1068=VECTOR('',#4340,0.945);
#1069=VECTOR('',#4347,0.945);
#1070=VECTOR('',#4354,0.945);
#1071=VECTOR('',#4359,0.85);
#1072=VECTOR('',#4364,0.850000000000004);
#1073=VECTOR('',#4369,10.);
#1074=VECTOR('',#4372,10.);
#1075=VECTOR('',#4377,10.);
#1076=VECTOR('',#4378,10.);
#1077=VECTOR('',#4379,10.);
#1078=VECTOR('',#4380,10.);
#1079=VECTOR('',#4383,10.);
#1080=VECTOR('',#4384,10.);
#1081=VECTOR('',#4387,10.);
#1082=VECTOR('',#4388,10.);
#1083=VECTOR('',#4389,10.);
#1084=VECTOR('',#4390,10.);
#1085=VECTOR('',#4393,10.);
#1086=VECTOR('',#4394,10.);
#1087=VECTOR('',#4395,10.);
#1088=VECTOR('',#4396,10.);
#1089=VECTOR('',#4399,10.);
#1090=VECTOR('',#4400,10.);
#1091=VECTOR('',#4407,2.);
#1092=VECTOR('',#4418,1.99999999999999);
#1093=VECTOR('',#4431,2.);
#1094=VECTOR('',#4440,1.99999999999999);
#1095=VECTOR('',#4457,10.);
#1096=VECTOR('',#4460,10.);
#1097=VECTOR('',#4463,10.);
#1098=VECTOR('',#4464,10.);
#1099=VECTOR('',#4465,10.);
#1100=VECTOR('',#4468,10.);
#1101=VECTOR('',#4477,0.850000000000004);
#1102=VECTOR('',#4480,10.);
#1103=VECTOR('',#4481,10.);
#1104=VECTOR('',#4492,0.850000000000009);
#1105=VECTOR('',#4499,0.85655097877642);
#1106=VECTOR('',#4506,10.);
#1107=VECTOR('',#4509,10.);
#1108=VECTOR('',#4512,10.);
#1109=VECTOR('',#4515,10.);
#1110=VECTOR('',#4518,10.);
#1111=VECTOR('',#4521,10.);
#1112=VECTOR('',#4524,10.);
#1113=VECTOR('',#4527,10.);
#1114=VECTOR('',#4544,10.);
#1115=VECTOR('',#4545,10.);
#1116=VECTOR('',#4558,10.);
#1117=VECTOR('',#4559,10.);
#1118=VECTOR('',#4572,10.);
#1119=VECTOR('',#4573,10.);
#1120=VECTOR('',#4586,10.);
#1121=VECTOR('',#4587,10.);
#1122=VECTOR('',#4600,10.);
#1123=VECTOR('',#4601,10.);
#1124=VECTOR('',#4612,10.);
#1125=VECTOR('',#4613,10.);
#1126=VECTOR('',#4616,10.);
#1127=VECTOR('',#4617,10.);
#1128=VECTOR('',#4618,10.);
#1129=VECTOR('',#4621,10.);
#1130=VECTOR('',#4626,10.);
#1131=VECTOR('',#4627,10.);
#1132=VECTOR('',#4630,10.);
#1133=VECTOR('',#4635,10.);
#1134=VECTOR('',#4636,10.);
#1135=VECTOR('',#4639,10.);
#1136=VECTOR('',#4644,10.);
#1137=VECTOR('',#4645,10.);
#1138=VECTOR('',#4646,10.);
#1139=VECTOR('',#4647,10.);
#1140=VECTOR('',#4668,10.);
#1141=VECTOR('',#4675,10.);
#1142=VECTOR('',#4680,10.);
#1143=VECTOR('',#4683,10.);
#1144=VECTOR('',#4686,10.);
#1145=VECTOR('',#4687,10.);
#1146=VECTOR('',#4688,10.);
#1147=VECTOR('',#4691,10.);
#1148=VECTOR('',#4692,10.);
#1149=VECTOR('',#4695,10.);
#1150=VECTOR('',#4696,10.);
#1151=VECTOR('',#4699,10.);
#1152=VECTOR('',#4702,10.);
#1153=VECTOR('',#4705,10.);
#1154=VECTOR('',#4708,10.);
#1155=VECTOR('',#4729,10.);
#1156=VECTOR('',#4732,10.);
#1157=VECTOR('',#4735,10.);
#1158=VECTOR('',#4738,10.);
#1159=VECTOR('',#4741,10.);
#1160=VECTOR('',#4746,1.25);
#1161=VECTOR('',#4749,1.25);
#1162=VECTOR('',#4752,1.25);
#1163=VECTOR('',#4755,1.25);
#1164=VECTOR('',#4758,1.6);
#1165=VECTOR('',#4761,1.6);
#1166=VECTOR('',#4764,1.6);
#1167=VECTOR('',#4767,1.6);
#1168=VECTOR('',#4772,4.);
#1169=VECTOR('',#4781,4.);
#1170=VECTOR('',#4790,10.);
#1171=VECTOR('',#4793,10.);
#1172=VECTOR('',#4806,10.);
#1173=VECTOR('',#4807,10.);
#1174=VECTOR('',#4820,10.);
#1175=VECTOR('',#4821,10.);
#1176=VECTOR('',#4834,10.);
#1177=VECTOR('',#4835,10.);
#1178=VECTOR('',#4844,10.);
#1179=VECTOR('',#4847,10.);
#1180=VECTOR('',#4850,10.);
#1181=VECTOR('',#4851,10.);
#1182=VECTOR('',#4854,10.);
#1183=VECTOR('',#4859,10.);
#1184=VECTOR('',#4860,10.);
#1185=VECTOR('',#4865,10.);
#1186=VECTOR('',#4868,10.);
#1187=VECTOR('',#4871,10.);
#1188=VECTOR('',#4874,10.);
#1189=VECTOR('',#4889,10.);
#1190=VECTOR('',#4892,10.);
#1191=VECTOR('',#4895,10.);
#1192=VECTOR('',#4896,10.);
#1193=VECTOR('',#4899,10.);
#1194=VECTOR('',#4902,10.);
#1195=VECTOR('',#4905,10.);
#1196=VECTOR('',#4908,10.);
#1197=VECTOR('',#4911,10.);
#1198=VECTOR('',#4914,10.);
#1199=VECTOR('',#4917,10.);
#1200=VECTOR('',#4922,10.);
#1201=VECTOR('',#4927,3.);
#1202=VECTOR('',#4938,2.99999999999999);
#1203=VECTOR('',#4949,0.8);
#1204=VECTOR('',#4952,1.6);
#1205=VECTOR('',#4955,1.6);
#1206=VECTOR('',#4960,0.800000000000002);
#1207=VECTOR('',#4965,0.800000000000001);
#1208=VECTOR('',#4970,0.8);
#1209=VECTOR('',#4973,10.);
#1210=VECTOR('',#4974,10.);
#1211=VECTOR('',#4979,10.);
#1212=VECTOR('',#4982,10.);
#1213=VECTOR('',#4983,10.);
#1214=CIRCLE('',#3499,0.800000000000001);
#1215=CIRCLE('',#3500,0.800000000000001);
#1216=CIRCLE('',#3502,0.8);
#1217=CIRCLE('',#3503,0.8);
#1218=CIRCLE('',#3504,0.8);
#1219=CIRCLE('',#3506,0.800000000000001);
#1220=CIRCLE('',#3507,0.800000000000001);
#1221=CIRCLE('',#3509,0.8);
#1222=CIRCLE('',#3510,0.8);
#1223=CIRCLE('',#3511,0.8);
#1224=CIRCLE('',#3513,0.800000000000001);
#1225=CIRCLE('',#3514,0.800000000000001);
#1226=CIRCLE('',#3516,0.800000000000002);
#1227=CIRCLE('',#3517,0.800000000000002);
#1228=CIRCLE('',#3518,0.800000000000002);
#1229=CIRCLE('',#3520,0.800000000000001);
#1230=CIRCLE('',#3521,0.800000000000001);
#1231=CIRCLE('',#3523,0.800000000000001);
#1232=CIRCLE('',#3524,0.800000000000001);
#1233=CIRCLE('',#3525,0.800000000000001);
#1234=CIRCLE('',#3527,0.85);
#1235=CIRCLE('',#3528,1.5);
#1236=CIRCLE('',#3529,0.85);
#1237=CIRCLE('',#3530,0.85);
#1238=CIRCLE('',#3531,0.85);
#1239=CIRCLE('',#3532,0.850000000000004);
#1240=CIRCLE('',#3533,1.5);
#1241=CIRCLE('',#3534,0.85);
#1242=CIRCLE('',#3540,0.85);
#1243=CIRCLE('',#3542,1.5);
#1244=CIRCLE('',#3544,0.85);
#1245=CIRCLE('',#3546,0.85);
#1246=CIRCLE('',#3548,0.85);
#1247=CIRCLE('',#3550,0.850000000000004);
#1248=CIRCLE('',#3552,1.5);
#1249=CIRCLE('',#3554,0.85);
#1250=CIRCLE('',#3563,2.39999999999999);
#1251=CIRCLE('',#3564,3.);
#1252=CIRCLE('',#3565,3.);
#1253=CIRCLE('',#3566,3.);
#1254=CIRCLE('',#3568,1.35);
#1255=CIRCLE('',#3570,2.4);
#1256=CIRCLE('',#3571,3.);
#1257=CIRCLE('',#3572,3.);
#1258=CIRCLE('',#3573,3.);
#1259=CIRCLE('',#3575,1.35);
#1260=CIRCLE('',#3577,3.);
#1261=CIRCLE('',#3578,5.44948974278318);
#1262=CIRCLE('',#3580,5.5);
#1263=CIRCLE('',#3581,5.5);
#1264=CIRCLE('',#3582,5.44948974278319);
#1265=CIRCLE('',#3584,3.);
#1266=CIRCLE('',#3585,3.);
#1267=CIRCLE('',#3588,3.);
#1268=CIRCLE('',#3590,3.);
#1269=CIRCLE('',#3592,3.);
#1270=CIRCLE('',#3593,3.);
#1271=CIRCLE('',#3595,2.5);
#1272=CIRCLE('',#3597,3.);
#1273=CIRCLE('',#3599,0.85);
#1274=CIRCLE('',#3601,1.35);
#1275=CIRCLE('',#3603,1.35);
#1276=CIRCLE('',#3605,0.85);
#1277=CIRCLE('',#3607,1.35);
#1278=CIRCLE('',#3609,1.35);
#1279=CIRCLE('',#3618,1.35);
#1280=CIRCLE('',#3619,1.35);
#1281=CIRCLE('',#3621,1.5);
#1282=CIRCLE('',#3622,1.5);
#1283=CIRCLE('',#3624,1.4);
#1284=CIRCLE('',#3625,1.4);
#1285=CIRCLE('',#3627,0.85);
#1286=CIRCLE('',#3628,0.85);
#1287=CIRCLE('',#3631,3.);
#1288=CIRCLE('',#3632,3.);
#1289=CIRCLE('',#3635,3.00000000000001);
#1290=CIRCLE('',#3636,3.00000000000001);
#1291=CIRCLE('',#3641,3.00000000000001);
#1292=CIRCLE('',#3642,3.00000000000001);
#1293=CIRCLE('',#3645,3.00000000000001);
#1294=CIRCLE('',#3646,3.00000000000001);
#1295=CIRCLE('',#3650,2.5);
#1296=CIRCLE('',#3651,0.85);
#1297=CIRCLE('',#3653,2.5);
#1298=CIRCLE('',#3654,0.850000000000004);
#1299=CIRCLE('',#3656,0.945);
#1300=CIRCLE('',#3657,0.945);
#1301=CIRCLE('',#3659,0.945);
#1302=CIRCLE('',#3660,0.945);
#1303=CIRCLE('',#3662,0.945);
#1304=CIRCLE('',#3663,0.945);
#1305=CIRCLE('',#3665,0.945);
#1306=CIRCLE('',#3666,0.945);
#1307=CIRCLE('',#3668,0.85);
#1308=CIRCLE('',#3670,0.850000000000004);
#1309=CIRCLE('',#3672,2.5);
#1310=CIRCLE('',#3674,2.5);
#1311=CIRCLE('',#3680,2.);
#1312=CIRCLE('',#3682,2.);
#1313=CIRCLE('',#3683,2.);
#1314=CIRCLE('',#3685,1.99999999999999);
#1315=CIRCLE('',#3687,1.99999999999999);
#1316=CIRCLE('',#3688,1.99999999999999);
#1317=CIRCLE('',#3689,1.99999999999999);
#1318=CIRCLE('',#3691,2.);
#1319=CIRCLE('',#3693,2.);
#1320=CIRCLE('',#3695,1.99999999999999);
#1321=CIRCLE('',#3697,1.99999999999999);
#1322=CIRCLE('',#3698,1.99999999999999);
#1323=CIRCLE('',#3704,2.5);
#1324=CIRCLE('',#3705,2.5);
#1325=CIRCLE('',#3708,2.5);
#1326=CIRCLE('',#3709,0.850000000000004);
#1327=CIRCLE('',#3711,0.850000000000004);
#1328=CIRCLE('',#3714,2.5);
#1329=CIRCLE('',#3717,0.850000000000009);
#1330=CIRCLE('',#3718,0.850000000000009);
#1331=CIRCLE('',#3720,0.85655097877642);
#1332=CIRCLE('',#3721,0.85655097877642);
#1333=CIRCLE('',#3723,5.);
#1334=CIRCLE('',#3724,5.);
#1335=CIRCLE('',#3726,5.);
#1336=CIRCLE('',#3728,5.);
#1337=CIRCLE('',#3733,0.499999999999994);
#1338=CIRCLE('',#3734,3.5);
#1339=CIRCLE('',#3735,0.499999999999998);
#1340=CIRCLE('',#3736,4.);
#1341=CIRCLE('',#3738,0.499999999999998);
#1342=CIRCLE('',#3740,0.499999999999998);
#1343=CIRCLE('',#3741,4.);
#1344=CIRCLE('',#3742,3.5);
#1345=CIRCLE('',#3744,0.499999999999998);
#1346=CIRCLE('',#3746,0.499999999999998);
#1347=CIRCLE('',#3747,4.);
#1348=CIRCLE('',#3748,3.5);
#1349=CIRCLE('',#3750,0.499999999999998);
#1350=CIRCLE('',#3752,0.499999999999998);
#1351=CIRCLE('',#3753,4.);
#1352=CIRCLE('',#3754,3.5);
#1353=CIRCLE('',#3756,0.499999999999998);
#1354=CIRCLE('',#3758,0.499999999999998);
#1355=CIRCLE('',#3759,4.);
#1356=CIRCLE('',#3760,3.5);
#1357=CIRCLE('',#3762,0.499999999999998);
#1358=CIRCLE('',#3764,0.499999999999998);
#1359=CIRCLE('',#3765,4.);
#1360=CIRCLE('',#3766,3.5);
#1361=CIRCLE('',#3770,4.);
#1362=CIRCLE('',#3773,4.);
#1363=CIRCLE('',#3776,4.);
#1364=CIRCLE('',#3778,1.25);
#1365=CIRCLE('',#3779,1.25);
#1366=CIRCLE('',#3780,1.25);
#1367=CIRCLE('',#3781,1.25);
#1368=CIRCLE('',#3782,1.6);
#1369=CIRCLE('',#3783,1.6);
#1370=CIRCLE('',#3784,1.6);
#1371=CIRCLE('',#3785,1.6);
#1372=CIRCLE('',#3799,4.);
#1373=CIRCLE('',#3800,4.);
#1374=CIRCLE('',#3801,4.);
#1375=CIRCLE('',#3802,1.25);
#1376=CIRCLE('',#3803,1.25);
#1377=CIRCLE('',#3804,1.25);
#1378=CIRCLE('',#3805,1.25);
#1379=CIRCLE('',#3806,1.6);
#1380=CIRCLE('',#3807,1.6);
#1381=CIRCLE('',#3808,1.6);
#1382=CIRCLE('',#3809,1.6);
#1383=CIRCLE('',#3825,4.);
#1384=CIRCLE('',#3826,4.);
#1385=CIRCLE('',#3829,4.);
#1386=CIRCLE('',#3830,4.);
#1387=CIRCLE('',#3833,0.49999999999999);
#1388=CIRCLE('',#3834,0.5);
#1389=CIRCLE('',#3836,0.5);
#1390=CIRCLE('',#3837,5.);
#1391=CIRCLE('',#3838,4.5);
#1392=CIRCLE('',#3840,0.5);
#1393=CIRCLE('',#3842,0.5);
#1394=CIRCLE('',#3843,5.);
#1395=CIRCLE('',#3844,4.5);
#1396=CIRCLE('',#3846,0.5);
#1397=CIRCLE('',#3848,0.5);
#1398=CIRCLE('',#3849,3.);
#1399=CIRCLE('',#3850,2.5);
#1400=CIRCLE('',#3852,0.5);
#1401=CIRCLE('',#3854,3.);
#1402=CIRCLE('',#3855,2.5);
#1403=CIRCLE('',#3857,3.);
#1404=CIRCLE('',#3860,3.);
#1405=CIRCLE('',#3863,2.);
#1406=CIRCLE('',#3864,2.);
#1407=CIRCLE('',#3865,2.);
#1408=CIRCLE('',#3866,2.);
#1409=CIRCLE('',#3867,0.8);
#1410=CIRCLE('',#3868,1.6);
#1411=CIRCLE('',#3869,1.6);
#1412=CIRCLE('',#3870,0.800000000000002);
#1413=CIRCLE('',#3871,0.800000000000001);
#1414=CIRCLE('',#3872,0.8);
#1415=CIRCLE('',#3874,2.);
#1416=CIRCLE('',#3877,2.);
#1417=CIRCLE('',#3880,2.);
#1418=CIRCLE('',#3883,2.);
#1419=CIRCLE('',#3886,3.);
#1420=CIRCLE('',#3887,3.);
#1421=CIRCLE('',#3889,1.6);
#1422=CIRCLE('',#3891,2.99999999999999);
#1423=CIRCLE('',#3892,2.99999999999999);
#1424=CIRCLE('',#3894,1.6);
#1425=CIRCLE('',#3896,0.8);
#1426=CIRCLE('',#3900,0.800000000000002);
#1427=CIRCLE('',#3902,0.800000000000001);
#1428=CIRCLE('',#3904,0.8);
#1429=CIRCLE('',#3907,5.);
#1430=CIRCLE('',#3910,5.);
#1431=VERTEX_POINT('',#4992);
#1432=VERTEX_POINT('',#4994);
#1433=VERTEX_POINT('',#4998);
#1434=VERTEX_POINT('',#5000);
#1435=VERTEX_POINT('',#5002);
#1436=VERTEX_POINT('',#5004);
#1437=VERTEX_POINT('',#5013);
#1438=VERTEX_POINT('',#5015);
#1439=VERTEX_POINT('',#5019);
#1440=VERTEX_POINT('',#5021);
#1441=VERTEX_POINT('',#5023);
#1442=VERTEX_POINT('',#5025);
#1443=VERTEX_POINT('',#5034);
#1444=VERTEX_POINT('',#5036);
#1445=VERTEX_POINT('',#5040);
#1446=VERTEX_POINT('',#5042);
#1447=VERTEX_POINT('',#5044);
#1448=VERTEX_POINT('',#5046);
#1449=VERTEX_POINT('',#5055);
#1450=VERTEX_POINT('',#5057);
#1451=VERTEX_POINT('',#5061);
#1452=VERTEX_POINT('',#5063);
#1453=VERTEX_POINT('',#5065);
#1454=VERTEX_POINT('',#5067);
#1455=VERTEX_POINT('',#5078);
#1456=VERTEX_POINT('',#5080);
#1457=VERTEX_POINT('',#5082);
#1458=VERTEX_POINT('',#5084);
#1459=VERTEX_POINT('',#5086);
#1460=VERTEX_POINT('',#5088);
#1461=VERTEX_POINT('',#5090);
#1462=VERTEX_POINT('',#5092);
#1463=VERTEX_POINT('',#5096);
#1464=VERTEX_POINT('',#5098);
#1465=VERTEX_POINT('',#5100);
#1466=VERTEX_POINT('',#5102);
#1467=VERTEX_POINT('',#5104);
#1468=VERTEX_POINT('',#5106);
#1469=VERTEX_POINT('',#5108);
#1470=VERTEX_POINT('',#5110);
#1471=VERTEX_POINT('',#5113);
#1472=VERTEX_POINT('',#5115);
#1473=VERTEX_POINT('',#5119);
#1474=VERTEX_POINT('',#5123);
#1475=VERTEX_POINT('',#5127);
#1476=VERTEX_POINT('',#5131);
#1477=VERTEX_POINT('',#5135);
#1478=VERTEX_POINT('',#5139);
#1479=VERTEX_POINT('',#5143);
#1480=VERTEX_POINT('',#5147);
#1481=VERTEX_POINT('',#5151);
#1482=VERTEX_POINT('',#5155);
#1483=VERTEX_POINT('',#5157);
#1484=VERTEX_POINT('',#5161);
#1485=VERTEX_POINT('',#5167);
#1486=VERTEX_POINT('',#5171);
#1487=VERTEX_POINT('',#5178);
#1488=VERTEX_POINT('',#5180);
#1489=VERTEX_POINT('',#5182);
#1490=VERTEX_POINT('',#5184);
#1491=VERTEX_POINT('',#5188);
#1492=VERTEX_POINT('',#5191);
#1493=VERTEX_POINT('',#5193);
#1494=VERTEX_POINT('',#5195);
#1495=VERTEX_POINT('',#5197);
#1496=VERTEX_POINT('',#5201);
#1497=VERTEX_POINT('',#5204);
#1498=VERTEX_POINT('',#5205);
#1499=VERTEX_POINT('',#5222);
#1500=VERTEX_POINT('',#5224);
#1501=VERTEX_POINT('',#5243);
#1502=VERTEX_POINT('',#5245);
#1503=VERTEX_POINT('',#5247);
#1504=VERTEX_POINT('',#5249);
#1505=VERTEX_POINT('',#5251);
#1506=VERTEX_POINT('',#5253);
#1507=VERTEX_POINT('',#5255);
#1508=VERTEX_POINT('',#5259);
#1509=VERTEX_POINT('',#5261);
#1510=VERTEX_POINT('',#5287);
#1511=VERTEX_POINT('',#5289);
#1512=VERTEX_POINT('',#5293);
#1513=VERTEX_POINT('',#5310);
#1514=VERTEX_POINT('',#5329);
#1515=VERTEX_POINT('',#5331);
#1516=VERTEX_POINT('',#5336);
#1517=VERTEX_POINT('',#5359);
#1518=VERTEX_POINT('',#5361);
#1519=VERTEX_POINT('',#5365);
#1520=VERTEX_POINT('',#5368);
#1521=VERTEX_POINT('',#5371);
#1522=VERTEX_POINT('',#5375);
#1523=VERTEX_POINT('',#5379);
#1524=VERTEX_POINT('',#5383);
#1525=VERTEX_POINT('',#5389);
#1526=VERTEX_POINT('',#5393);
#1527=VERTEX_POINT('',#5404);
#1528=VERTEX_POINT('',#5406);
#1529=VERTEX_POINT('',#5410);
#1530=VERTEX_POINT('',#5412);
#1531=VERTEX_POINT('',#5416);
#1532=VERTEX_POINT('',#5418);
#1533=VERTEX_POINT('',#5422);
#1534=VERTEX_POINT('',#5424);
#1535=VERTEX_POINT('',#5428);
#1536=VERTEX_POINT('',#5429);
#1537=VERTEX_POINT('',#5431);
#1538=VERTEX_POINT('',#5433);
#1539=VERTEX_POINT('',#5437);
#1540=VERTEX_POINT('',#5439);
#1541=VERTEX_POINT('',#5443);
#1542=VERTEX_POINT('',#5445);
#1543=VERTEX_POINT('',#5449);
#1544=VERTEX_POINT('',#5451);
#1545=VERTEX_POINT('',#5455);
#1546=VERTEX_POINT('',#5457);
#1547=VERTEX_POINT('',#5461);
#1548=VERTEX_POINT('',#5463);
#1549=VERTEX_POINT('',#5467);
#1550=VERTEX_POINT('',#5469);
#1551=VERTEX_POINT('',#5473);
#1552=VERTEX_POINT('',#5475);
#1553=VERTEX_POINT('',#5479);
#1554=VERTEX_POINT('',#5481);
#1555=VERTEX_POINT('',#5490);
#1556=VERTEX_POINT('',#5491);
#1557=VERTEX_POINT('',#5493);
#1558=VERTEX_POINT('',#5495);
#1559=VERTEX_POINT('',#5498);
#1560=VERTEX_POINT('',#5501);
#1561=VERTEX_POINT('',#5502);
#1562=VERTEX_POINT('',#5504);
#1563=VERTEX_POINT('',#5506);
#1564=VERTEX_POINT('',#5509);
#1565=VERTEX_POINT('',#5512);
#1566=VERTEX_POINT('',#5514);
#1567=VERTEX_POINT('',#5518);
#1568=VERTEX_POINT('',#5520);
#1569=VERTEX_POINT('',#5524);
#1570=VERTEX_POINT('',#5526);
#1571=VERTEX_POINT('',#5530);
#1572=VERTEX_POINT('',#5532);
#1573=VERTEX_POINT('',#5536);
#1574=VERTEX_POINT('',#5540);
#1575=VERTEX_POINT('',#5544);
#1576=VERTEX_POINT('',#5546);
#1577=VERTEX_POINT('',#5550);
#1578=VERTEX_POINT('',#5551);
#1579=VERTEX_POINT('',#5553);
#1580=VERTEX_POINT('',#5555);
#1581=VERTEX_POINT('',#5563);
#1582=VERTEX_POINT('',#5564);
#1583=VERTEX_POINT('',#5567);
#1584=VERTEX_POINT('',#5571);
#1585=VERTEX_POINT('',#5572);
#1586=VERTEX_POINT('',#5574);
#1587=VERTEX_POINT('',#5582);
#1588=VERTEX_POINT('',#5585);
#1589=VERTEX_POINT('',#5590);
#1590=VERTEX_POINT('',#5593);
#1591=VERTEX_POINT('',#5599);
#1592=VERTEX_POINT('',#5605);
#1593=VERTEX_POINT('',#5616);
#1594=VERTEX_POINT('',#5617);
#1595=VERTEX_POINT('',#5619);
#1596=VERTEX_POINT('',#5621);
#1597=VERTEX_POINT('',#5625);
#1598=VERTEX_POINT('',#5627);
#1599=VERTEX_POINT('',#5631);
#1600=VERTEX_POINT('',#5634);
#1601=VERTEX_POINT('',#5637);
#1602=VERTEX_POINT('',#5641);
#1603=VERTEX_POINT('',#5648);
#1604=VERTEX_POINT('',#5650);
#1605=VERTEX_POINT('',#5654);
#1606=VERTEX_POINT('',#5656);
#1607=VERTEX_POINT('',#5660);
#1608=VERTEX_POINT('',#5661);
#1609=VERTEX_POINT('',#5663);
#1610=VERTEX_POINT('',#5665);
#1611=VERTEX_POINT('',#5669);
#1612=VERTEX_POINT('',#5671);
#1613=VERTEX_POINT('',#5675);
#1614=VERTEX_POINT('',#5677);
#1615=VERTEX_POINT('',#5686);
#1616=VERTEX_POINT('',#5687);
#1617=VERTEX_POINT('',#5689);
#1618=VERTEX_POINT('',#5691);
#1619=VERTEX_POINT('',#5695);
#1620=VERTEX_POINT('',#5696);
#1621=VERTEX_POINT('',#5701);
#1622=VERTEX_POINT('',#5702);
#1623=VERTEX_POINT('',#5707);
#1624=VERTEX_POINT('',#5708);
#1625=VERTEX_POINT('',#5713);
#1626=VERTEX_POINT('',#5714);
#1627=VERTEX_POINT('',#5719);
#1628=VERTEX_POINT('',#5720);
#1629=VERTEX_POINT('',#5725);
#1630=VERTEX_POINT('',#5726);
#1631=VERTEX_POINT('',#5731);
#1632=VERTEX_POINT('',#5732);
#1633=VERTEX_POINT('',#5737);
#1634=VERTEX_POINT('',#5738);
#1635=VERTEX_POINT('',#5743);
#1636=VERTEX_POINT('',#5744);
#1637=VERTEX_POINT('',#5749);
#1638=VERTEX_POINT('',#5750);
#1639=VERTEX_POINT('',#5758);
#1640=VERTEX_POINT('',#5760);
#1641=VERTEX_POINT('',#5764);
#1642=VERTEX_POINT('',#5768);
#1643=VERTEX_POINT('',#5772);
#1644=VERTEX_POINT('',#5776);
#1645=VERTEX_POINT('',#5780);
#1646=VERTEX_POINT('',#5784);
#1647=VERTEX_POINT('',#5785);
#1648=VERTEX_POINT('',#5787);
#1649=VERTEX_POINT('',#5789);
#1650=VERTEX_POINT('',#5792);
#1651=VERTEX_POINT('',#5794);
#1652=VERTEX_POINT('',#5796);
#1653=VERTEX_POINT('',#5798);
#1654=VERTEX_POINT('',#5800);
#1655=VERTEX_POINT('',#5802);
#1656=VERTEX_POINT('',#5804);
#1657=VERTEX_POINT('',#5806);
#1658=VERTEX_POINT('',#5809);
#1659=VERTEX_POINT('',#5811);
#1660=VERTEX_POINT('',#5815);
#1661=VERTEX_POINT('',#5817);
#1662=VERTEX_POINT('',#5825);
#1663=VERTEX_POINT('',#5827);
#1664=VERTEX_POINT('',#5831);
#1665=VERTEX_POINT('',#5835);
#1666=VERTEX_POINT('',#5841);
#1667=VERTEX_POINT('',#5843);
#1668=VERTEX_POINT('',#5845);
#1669=VERTEX_POINT('',#5847);
#1670=VERTEX_POINT('',#5849);
#1671=VERTEX_POINT('',#5852);
#1672=VERTEX_POINT('',#5854);
#1673=VERTEX_POINT('',#5856);
#1674=VERTEX_POINT('',#5858);
#1675=VERTEX_POINT('',#5860);
#1676=VERTEX_POINT('',#5862);
#1677=VERTEX_POINT('',#5864);
#1678=VERTEX_POINT('',#5866);
#1679=VERTEX_POINT('',#5896);
#1680=VERTEX_POINT('',#5898);
#1681=VERTEX_POINT('',#5903);
#1682=VERTEX_POINT('',#5905);
#1683=VERTEX_POINT('',#5910);
#1684=VERTEX_POINT('',#5911);
#1685=VERTEX_POINT('',#5913);
#1686=VERTEX_POINT('',#5915);
#1687=VERTEX_POINT('',#5919);
#1688=VERTEX_POINT('',#5920);
#1689=VERTEX_POINT('',#5925);
#1690=VERTEX_POINT('',#5926);
#1691=VERTEX_POINT('',#5931);
#1692=VERTEX_POINT('',#5932);
#1693=VERTEX_POINT('',#5937);
#1694=VERTEX_POINT('',#5938);
#1695=VERTEX_POINT('',#5943);
#1696=VERTEX_POINT('',#5944);
#1697=VERTEX_POINT('',#5949);
#1698=VERTEX_POINT('',#5950);
#1699=VERTEX_POINT('',#5958);
#1700=VERTEX_POINT('',#5960);
#1701=VERTEX_POINT('',#5964);
#1702=VERTEX_POINT('',#5968);
#1703=VERTEX_POINT('',#5972);
#1704=VERTEX_POINT('',#5976);
#1705=VERTEX_POINT('',#5977);
#1706=VERTEX_POINT('',#5979);
#1707=VERTEX_POINT('',#5981);
#1708=VERTEX_POINT('',#5983);
#1709=VERTEX_POINT('',#5985);
#1710=VERTEX_POINT('',#5987);
#1711=VERTEX_POINT('',#5989);
#1712=VERTEX_POINT('',#5992);
#1713=VERTEX_POINT('',#5994);
#1714=VERTEX_POINT('',#5996);
#1715=VERTEX_POINT('',#5998);
#1716=VERTEX_POINT('',#6000);
#1717=VERTEX_POINT('',#6002);
#1718=VERTEX_POINT('',#6005);
#1719=VERTEX_POINT('',#6007);
#1720=VERTEX_POINT('',#6011);
#1721=VERTEX_POINT('',#6015);
#1722=VERTEX_POINT('',#6017);
#1723=VERTEX_POINT('',#6023);
#1724=VERTEX_POINT('',#6025);
#1725=VERTEX_POINT('',#6031);
#1726=VERTEX_POINT('',#6037);
#1727=VERTEX_POINT('',#6039);
#1728=VERTEX_POINT('',#6043);
#1729=VERTEX_POINT('',#6046);
#1730=VERTEX_POINT('',#6048);
#1731=VERTEX_POINT('',#6052);
#1732=VERTEX_POINT('',#6055);
#1733=VERTEX_POINT('',#6063);
#1734=VERTEX_POINT('',#6067);
#1735=VERTEX_POINT('',#6071);
#1736=VERTEX_POINT('',#6075);
#1737=VERTEX_POINT('',#6079);
#1738=VERTEX_POINT('',#6083);
#1739=EDGE_CURVE('',#1431,#1431,#1214,.T.);
#1740=EDGE_CURVE('',#1431,#1432,#718,.T.);
#1741=EDGE_CURVE('',#1432,#1432,#1215,.T.);
#1742=EDGE_CURVE('',#1433,#1433,#1216,.T.);
#1743=EDGE_CURVE('',#1433,#1434,#719,.T.);
#1744=EDGE_CURVE('',#1435,#1434,#1217,.T.);
#1745=EDGE_CURVE('',#1436,#1435,#226,.T.);
#1746=EDGE_CURVE('',#1434,#1436,#1218,.T.);
#1747=EDGE_CURVE('',#1437,#1437,#1219,.T.);
#1748=EDGE_CURVE('',#1437,#1438,#720,.T.);
#1749=EDGE_CURVE('',#1438,#1438,#1220,.T.);
#1750=EDGE_CURVE('',#1439,#1439,#1221,.T.);
#1751=EDGE_CURVE('',#1439,#1440,#721,.T.);
#1752=EDGE_CURVE('',#1441,#1440,#1222,.T.);
#1753=EDGE_CURVE('',#1442,#1441,#227,.T.);
#1754=EDGE_CURVE('',#1440,#1442,#1223,.T.);
#1755=EDGE_CURVE('',#1443,#1443,#1224,.T.);
#1756=EDGE_CURVE('',#1443,#1444,#722,.T.);
#1757=EDGE_CURVE('',#1444,#1444,#1225,.T.);
#1758=EDGE_CURVE('',#1445,#1445,#1226,.T.);
#1759=EDGE_CURVE('',#1445,#1446,#723,.T.);
#1760=EDGE_CURVE('',#1447,#1446,#1227,.T.);
#1761=EDGE_CURVE('',#1448,#1447,#228,.T.);
#1762=EDGE_CURVE('',#1446,#1448,#1228,.T.);
#1763=EDGE_CURVE('',#1449,#1449,#1229,.T.);
#1764=EDGE_CURVE('',#1449,#1450,#724,.T.);
#1765=EDGE_CURVE('',#1450,#1450,#1230,.T.);
#1766=EDGE_CURVE('',#1451,#1451,#1231,.T.);
#1767=EDGE_CURVE('',#1451,#1452,#725,.T.);
#1768=EDGE_CURVE('',#1453,#1452,#1232,.T.);
#1769=EDGE_CURVE('',#1454,#1453,#229,.T.);
#1770=EDGE_CURVE('',#1452,#1454,#1233,.T.);
#1771=EDGE_CURVE('',#1453,#1436,#726,.T.);
#1772=EDGE_CURVE('',#1441,#1454,#727,.T.);
#1773=EDGE_CURVE('',#1455,#1442,#728,.T.);
#1774=EDGE_CURVE('',#1456,#1455,#729,.T.);
#1775=EDGE_CURVE('',#1457,#1456,#730,.T.);
#1776=EDGE_CURVE('',#1458,#1457,#731,.T.);
#1777=EDGE_CURVE('',#1459,#1458,#732,.T.);
#1778=EDGE_CURVE('',#1460,#1459,#733,.T.);
#1779=EDGE_CURVE('',#1461,#1460,#734,.T.);
#1780=EDGE_CURVE('',#1462,#1461,#735,.T.);
#1781=EDGE_CURVE('',#1447,#1462,#736,.T.);
#1782=EDGE_CURVE('',#1435,#1448,#737,.T.);
#1783=EDGE_CURVE('',#1463,#1463,#1234,.T.);
#1784=EDGE_CURVE('',#1464,#1464,#1235,.T.);
#1785=EDGE_CURVE('',#1465,#1465,#1236,.T.);
#1786=EDGE_CURVE('',#1466,#1466,#1237,.T.);
#1787=EDGE_CURVE('',#1467,#1467,#1238,.T.);
#1788=EDGE_CURVE('',#1468,#1468,#1239,.T.);
#1789=EDGE_CURVE('',#1469,#1469,#1240,.T.);
#1790=EDGE_CURVE('',#1470,#1470,#1241,.T.);
#1791=EDGE_CURVE('',#1462,#1471,#45,.T.);
#1792=EDGE_CURVE('',#1472,#1471,#738,.T.);
#1793=EDGE_CURVE('',#1472,#1455,#46,.T.);
#1794=EDGE_CURVE('',#1461,#1473,#739,.T.);
#1795=EDGE_CURVE('',#1471,#1473,#740,.T.);
#1796=EDGE_CURVE('',#1474,#1474,#1242,.T.);
#1797=EDGE_CURVE('',#1474,#1463,#741,.T.);
#1798=EDGE_CURVE('',#1475,#1475,#1243,.T.);
#1799=EDGE_CURVE('',#1475,#1464,#742,.T.);
#1800=EDGE_CURVE('',#1476,#1476,#1244,.T.);
#1801=EDGE_CURVE('',#1476,#1465,#743,.T.);
#1802=EDGE_CURVE('',#1477,#1477,#1245,.T.);
#1803=EDGE_CURVE('',#1477,#1466,#744,.T.);
#1804=EDGE_CURVE('',#1478,#1478,#1246,.T.);
#1805=EDGE_CURVE('',#1478,#1467,#745,.T.);
#1806=EDGE_CURVE('',#1479,#1479,#1247,.T.);
#1807=EDGE_CURVE('',#1479,#1468,#746,.T.);
#1808=EDGE_CURVE('',#1480,#1480,#1248,.T.);
#1809=EDGE_CURVE('',#1480,#1469,#747,.T.);
#1810=EDGE_CURVE('',#1481,#1481,#1249,.T.);
#1811=EDGE_CURVE('',#1481,#1470,#748,.T.);
#1812=EDGE_CURVE('',#1458,#1482,#749,.T.);
#1813=EDGE_CURVE('',#1483,#1482,#750,.T.);
#1814=EDGE_CURVE('',#1459,#1483,#751,.T.);
#1815=EDGE_CURVE('',#1484,#1483,#752,.T.);
#1816=EDGE_CURVE('',#1460,#1484,#753,.T.);
#1817=EDGE_CURVE('',#1473,#1484,#754,.T.);
#1818=EDGE_CURVE('',#1485,#1472,#755,.T.);
#1819=EDGE_CURVE('',#1456,#1485,#756,.T.);
#1820=EDGE_CURVE('',#1486,#1485,#757,.T.);
#1821=EDGE_CURVE('',#1457,#1486,#758,.T.);
#1822=EDGE_CURVE('',#1482,#1486,#759,.T.);
#1823=EDGE_CURVE('',#1487,#1487,#1250,.T.);
#1824=EDGE_CURVE('',#1487,#1488,#760,.T.);
#1825=EDGE_CURVE('',#1489,#1488,#1251,.T.);
#1826=EDGE_CURVE('',#1489,#1490,#1252,.T.);
#1827=EDGE_CURVE('',#1488,#1490,#1253,.T.);
#1828=EDGE_CURVE('',#1491,#1491,#1254,.T.);
#1829=EDGE_CURVE('',#1492,#1492,#1255,.T.);
#1830=EDGE_CURVE('',#1492,#1493,#761,.T.);
#1831=EDGE_CURVE('',#1493,#1494,#1256,.T.);
#1832=EDGE_CURVE('',#1495,#1494,#1257,.T.);
#1833=EDGE_CURVE('',#1495,#1493,#1258,.T.);
#1834=EDGE_CURVE('',#1496,#1496,#1259,.T.);
#1835=EDGE_CURVE('',#1497,#1498,#230,.F.);
#1836=EDGE_CURVE('',#1499,#1497,#1260,.T.);
#1837=EDGE_CURVE('',#1499,#1500,#231,.T.);
#1838=EDGE_CURVE('',#1500,#1498,#1261,.T.);
#1839=EDGE_CURVE('',#1500,#1501,#762,.T.);
#1840=EDGE_CURVE('',#1502,#1501,#1262,.T.);
#1841=EDGE_CURVE('',#1502,#1503,#763,.T.);
#1842=EDGE_CURVE('',#1503,#1504,#764,.T.);
#1843=EDGE_CURVE('',#1505,#1504,#1263,.T.);
#1844=EDGE_CURVE('',#1505,#1506,#765,.T.);
#1845=EDGE_CURVE('',#1507,#1506,#1264,.T.);
#1846=EDGE_CURVE('',#1507,#1498,#766,.T.);
#1847=EDGE_CURVE('',#1508,#1497,#767,.T.);
#1848=EDGE_CURVE('',#1508,#1509,#1265,.T.);
#1849=EDGE_CURVE('',#1509,#1499,#768,.T.);
#1850=EDGE_CURVE('',#1497,#1499,#1266,.T.);
#1851=EDGE_CURVE('',#1501,#1489,#232,.T.);
#1852=EDGE_CURVE('',#1490,#1502,#233,.T.);
#1853=EDGE_CURVE('',#1510,#1489,#769,.T.);
#1854=EDGE_CURVE('',#1510,#1511,#1267,.T.);
#1855=EDGE_CURVE('',#1511,#1490,#770,.T.);
#1856=EDGE_CURVE('',#1512,#1506,#234,.F.);
#1857=EDGE_CURVE('',#1513,#1512,#1268,.T.);
#1858=EDGE_CURVE('',#1513,#1507,#235,.T.);
#1859=EDGE_CURVE('',#1514,#1512,#771,.T.);
#1860=EDGE_CURVE('',#1514,#1515,#1269,.T.);
#1861=EDGE_CURVE('',#1515,#1513,#772,.T.);
#1862=EDGE_CURVE('',#1512,#1513,#1270,.T.);
#1863=EDGE_CURVE('',#1495,#1516,#1271,.F.);
#1864=EDGE_CURVE('',#1494,#1505,#236,.T.);
#1865=EDGE_CURVE('',#1504,#1516,#237,.T.);
#1866=EDGE_CURVE('',#1517,#1495,#773,.T.);
#1867=EDGE_CURVE('',#1517,#1518,#1272,.T.);
#1868=EDGE_CURVE('',#1518,#1494,#774,.T.);
#1869=EDGE_CURVE('',#1519,#1519,#1273,.T.);
#1870=EDGE_CURVE('',#1520,#1520,#1274,.T.);
#1871=EDGE_CURVE('',#1521,#1521,#1275,.T.);
#1872=EDGE_CURVE('',#1521,#1520,#775,.T.);
#1873=EDGE_CURVE('',#1519,#1522,#776,.T.);
#1874=EDGE_CURVE('',#1522,#1522,#1276,.T.);
#1875=EDGE_CURVE('',#1491,#1523,#777,.T.);
#1876=EDGE_CURVE('',#1523,#1523,#1277,.T.);
#1877=EDGE_CURVE('',#1496,#1524,#778,.T.);
#1878=EDGE_CURVE('',#1524,#1524,#1278,.T.);
#1879=EDGE_CURVE('',#1514,#1518,#779,.T.);
#1880=EDGE_CURVE('',#1525,#1517,#780,.T.);
#1881=EDGE_CURVE('',#1525,#1516,#781,.T.);
#1882=EDGE_CURVE('',#1525,#1526,#782,.T.);
#1883=EDGE_CURVE('',#1526,#1503,#783,.T.);
#1884=EDGE_CURVE('',#1511,#1526,#784,.T.);
#1885=EDGE_CURVE('',#1509,#1510,#785,.T.);
#1886=EDGE_CURVE('',#1515,#1508,#786,.T.);
#1887=EDGE_CURVE('',#1527,#1527,#1279,.T.);
#1888=EDGE_CURVE('',#1527,#1528,#787,.T.);
#1889=EDGE_CURVE('',#1528,#1528,#1280,.T.);
#1890=EDGE_CURVE('',#1529,#1529,#1281,.T.);
#1891=EDGE_CURVE('',#1529,#1530,#788,.T.);
#1892=EDGE_CURVE('',#1530,#1530,#1282,.T.);
#1893=EDGE_CURVE('',#1531,#1531,#1283,.T.);
#1894=EDGE_CURVE('',#1531,#1532,#789,.T.);
#1895=EDGE_CURVE('',#1532,#1532,#1284,.T.);
#1896=EDGE_CURVE('',#1533,#1533,#1285,.T.);
#1897=EDGE_CURVE('',#1533,#1534,#790,.T.);
#1898=EDGE_CURVE('',#1534,#1534,#1286,.T.);
#1899=EDGE_CURVE('',#1535,#1536,#791,.T.);
#1900=EDGE_CURVE('',#1535,#1537,#792,.T.);
#1901=EDGE_CURVE('',#1538,#1537,#793,.T.);
#1902=EDGE_CURVE('',#1536,#1538,#794,.T.);
#1903=EDGE_CURVE('',#1539,#1536,#1287,.T.);
#1904=EDGE_CURVE('',#1540,#1538,#1288,.T.);
#1905=EDGE_CURVE('',#1539,#1540,#795,.T.);
#1906=EDGE_CURVE('',#1541,#1539,#796,.T.);
#1907=EDGE_CURVE('',#1542,#1540,#797,.T.);
#1908=EDGE_CURVE('',#1541,#1542,#798,.T.);
#1909=EDGE_CURVE('',#1543,#1541,#1289,.T.);
#1910=EDGE_CURVE('',#1544,#1542,#1290,.T.);
#1911=EDGE_CURVE('',#1543,#1544,#799,.T.);
#1912=EDGE_CURVE('',#1545,#1543,#800,.T.);
#1913=EDGE_CURVE('',#1546,#1544,#801,.T.);
#1914=EDGE_CURVE('',#1545,#1546,#802,.T.);
#1915=EDGE_CURVE('',#1547,#1545,#803,.T.);
#1916=EDGE_CURVE('',#1548,#1546,#804,.T.);
#1917=EDGE_CURVE('',#1547,#1548,#805,.T.);
#1918=EDGE_CURVE('',#1549,#1547,#806,.T.);
#1919=EDGE_CURVE('',#1550,#1548,#807,.T.);
#1920=EDGE_CURVE('',#1549,#1550,#808,.T.);
#1921=EDGE_CURVE('',#1551,#1549,#1291,.T.);
#1922=EDGE_CURVE('',#1552,#1550,#1292,.T.);
#1923=EDGE_CURVE('',#1551,#1552,#809,.T.);
#1924=EDGE_CURVE('',#1553,#1551,#810,.T.);
#1925=EDGE_CURVE('',#1554,#1552,#811,.T.);
#1926=EDGE_CURVE('',#1553,#1554,#812,.T.);
#1927=EDGE_CURVE('',#1535,#1553,#1293,.T.);
#1928=EDGE_CURVE('',#1537,#1554,#1294,.T.);
#1929=EDGE_CURVE('',#1555,#1556,#813,.T.);
#1930=EDGE_CURVE('',#1556,#1557,#814,.T.);
#1931=EDGE_CURVE('',#1557,#1558,#1295,.T.);
#1932=EDGE_CURVE('',#1558,#1555,#815,.T.);
#1933=EDGE_CURVE('',#1559,#1559,#1296,.T.);
#1934=EDGE_CURVE('',#1560,#1561,#816,.T.);
#1935=EDGE_CURVE('',#1561,#1562,#817,.T.);
#1936=EDGE_CURVE('',#1562,#1563,#1297,.T.);
#1937=EDGE_CURVE('',#1563,#1560,#818,.T.);
#1938=EDGE_CURVE('',#1564,#1564,#1298,.T.);
#1939=EDGE_CURVE('',#1565,#1565,#1299,.T.);
#1940=EDGE_CURVE('',#1565,#1566,#819,.T.);
#1941=EDGE_CURVE('',#1566,#1566,#1300,.T.);
#1942=EDGE_CURVE('',#1567,#1567,#1301,.T.);
#1943=EDGE_CURVE('',#1567,#1568,#820,.T.);
#1944=EDGE_CURVE('',#1568,#1568,#1302,.T.);
#1945=EDGE_CURVE('',#1569,#1569,#1303,.T.);
#1946=EDGE_CURVE('',#1569,#1570,#821,.T.);
#1947=EDGE_CURVE('',#1570,#1570,#1304,.T.);
#1948=EDGE_CURVE('',#1571,#1571,#1305,.T.);
#1949=EDGE_CURVE('',#1571,#1572,#822,.T.);
#1950=EDGE_CURVE('',#1572,#1572,#1306,.T.);
#1951=EDGE_CURVE('',#1559,#1573,#823,.T.);
#1952=EDGE_CURVE('',#1573,#1573,#1307,.T.);
#1953=EDGE_CURVE('',#1564,#1574,#824,.T.);
#1954=EDGE_CURVE('',#1574,#1574,#1308,.T.);
#1955=EDGE_CURVE('',#1557,#1575,#825,.T.);
#1956=EDGE_CURVE('',#1575,#1576,#1309,.T.);
#1957=EDGE_CURVE('',#1576,#1558,#826,.T.);
#1958=EDGE_CURVE('',#1577,#1578,#1310,.T.);
#1959=EDGE_CURVE('',#1579,#1577,#827,.T.);
#1960=EDGE_CURVE('',#1580,#1579,#828,.T.);
#1961=EDGE_CURVE('',#1576,#1580,#829,.T.);
#1962=EDGE_CURVE('',#1578,#1575,#830,.T.);
#1963=EDGE_CURVE('',#1562,#1577,#831,.T.);
#1964=EDGE_CURVE('',#1578,#1563,#832,.T.);
#1965=EDGE_CURVE('',#1581,#1582,#833,.T.);
#1966=EDGE_CURVE('',#1561,#1581,#834,.T.);
#1967=EDGE_CURVE('',#1583,#1560,#835,.T.);
#1968=EDGE_CURVE('',#1582,#1583,#836,.T.);
#1969=EDGE_CURVE('',#1584,#1585,#837,.T.);
#1970=EDGE_CURVE('',#1584,#1586,#838,.T.);
#1971=EDGE_CURVE('',#1556,#1586,#839,.T.);
#1972=EDGE_CURVE('',#1585,#1555,#840,.T.);
#1973=EDGE_CURVE('',#1586,#1583,#841,.T.);
#1974=EDGE_CURVE('',#1582,#1584,#842,.T.);
#1975=EDGE_CURVE('',#1587,#1587,#1311,.T.);
#1976=EDGE_CURVE('',#1587,#1588,#843,.T.);
#1977=EDGE_CURVE('',#1581,#1588,#1312,.T.);
#1978=EDGE_CURVE('',#1588,#1581,#1313,.T.);
#1979=EDGE_CURVE('',#1589,#1589,#1314,.T.);
#1980=EDGE_CURVE('',#1589,#1590,#844,.T.);
#1981=EDGE_CURVE('',#1582,#1590,#1315,.T.);
#1982=EDGE_CURVE('',#1579,#1582,#1316,.T.);
#1983=EDGE_CURVE('',#1590,#1579,#1317,.T.);
#1984=EDGE_CURVE('',#1591,#1591,#1318,.T.);
#1985=EDGE_CURVE('',#1591,#1585,#845,.T.);
#1986=EDGE_CURVE('',#1585,#1585,#1319,.T.);
#1987=EDGE_CURVE('',#1592,#1592,#1320,.T.);
#1988=EDGE_CURVE('',#1592,#1584,#846,.T.);
#1989=EDGE_CURVE('',#1580,#1584,#1321,.T.);
#1990=EDGE_CURVE('',#1584,#1580,#1322,.T.);
#1991=EDGE_CURVE('',#1593,#1594,#1323,.T.);
#1992=EDGE_CURVE('',#1595,#1593,#847,.T.);
#1993=EDGE_CURVE('',#1596,#1595,#1324,.T.);
#1994=EDGE_CURVE('',#1596,#1594,#848,.T.);
#1995=EDGE_CURVE('',#1597,#1596,#849,.T.);
#1996=EDGE_CURVE('',#1597,#1598,#850,.T.);
#1997=EDGE_CURVE('',#1594,#1598,#851,.T.);
#1998=EDGE_CURVE('',#1595,#1599,#852,.T.);
#1999=EDGE_CURVE('',#1599,#1597,#1325,.T.);
#2000=EDGE_CURVE('',#1600,#1600,#1326,.T.);
#2001=EDGE_CURVE('',#1601,#1601,#1327,.T.);
#2002=EDGE_CURVE('',#1601,#1600,#853,.T.);
#2003=EDGE_CURVE('',#1602,#1593,#854,.T.);
#2004=EDGE_CURVE('',#1599,#1602,#855,.T.);
#2005=EDGE_CURVE('',#1598,#1602,#1328,.T.);
#2006=EDGE_CURVE('',#1603,#1603,#1329,.T.);
#2007=EDGE_CURVE('',#1603,#1604,#856,.T.);
#2008=EDGE_CURVE('',#1604,#1604,#1330,.T.);
#2009=EDGE_CURVE('',#1605,#1605,#1331,.T.);
#2010=EDGE_CURVE('',#1605,#1606,#857,.T.);
#2011=EDGE_CURVE('',#1606,#1606,#1332,.T.);
#2012=EDGE_CURVE('',#1607,#1608,#1333,.T.);
#2013=EDGE_CURVE('',#1607,#1609,#858,.T.);
#2014=EDGE_CURVE('',#1610,#1609,#1334,.T.);
#2015=EDGE_CURVE('',#1610,#1608,#859,.T.);
#2016=EDGE_CURVE('',#1609,#1611,#860,.T.);
#2017=EDGE_CURVE('',#1611,#1612,#1335,.T.);
#2018=EDGE_CURVE('',#1612,#1610,#861,.T.);
#2019=EDGE_CURVE('',#1608,#1613,#862,.T.);
#2020=EDGE_CURVE('',#1613,#1614,#1336,.T.);
#2021=EDGE_CURVE('',#1614,#1607,#863,.T.);
#2022=EDGE_CURVE('',#1613,#1612,#864,.T.);
#2023=EDGE_CURVE('',#1614,#1611,#865,.T.);
#2024=EDGE_CURVE('',#1615,#1616,#1337,.T.);
#2025=EDGE_CURVE('',#1616,#1617,#1338,.T.);
#2026=EDGE_CURVE('',#1617,#1618,#1339,.T.);
#2027=EDGE_CURVE('',#1618,#1615,#1340,.T.);
#2028=EDGE_CURVE('',#1619,#1620,#1341,.T.);
#2029=EDGE_CURVE('',#1620,#1618,#866,.T.);
#2030=EDGE_CURVE('',#1617,#1619,#867,.T.);
#2031=EDGE_CURVE('',#1621,#1622,#1342,.T.);
#2032=EDGE_CURVE('',#1622,#1620,#1343,.T.);
#2033=EDGE_CURVE('',#1619,#1621,#1344,.T.);
#2034=EDGE_CURVE('',#1623,#1624,#1345,.T.);
#2035=EDGE_CURVE('',#1624,#1622,#868,.T.);
#2036=EDGE_CURVE('',#1621,#1623,#869,.T.);
#2037=EDGE_CURVE('',#1625,#1626,#1346,.T.);
#2038=EDGE_CURVE('',#1626,#1624,#1347,.T.);
#2039=EDGE_CURVE('',#1623,#1625,#1348,.T.);
#2040=EDGE_CURVE('',#1627,#1628,#1349,.T.);
#2041=EDGE_CURVE('',#1628,#1626,#870,.T.);
#2042=EDGE_CURVE('',#1625,#1627,#871,.T.);
#2043=EDGE_CURVE('',#1629,#1630,#1350,.T.);
#2044=EDGE_CURVE('',#1630,#1628,#1351,.T.);
#2045=EDGE_CURVE('',#1627,#1629,#1352,.T.);
#2046=EDGE_CURVE('',#1631,#1632,#1353,.T.);
#2047=EDGE_CURVE('',#1632,#1630,#872,.T.);
#2048=EDGE_CURVE('',#1629,#1631,#873,.T.);
#2049=EDGE_CURVE('',#1633,#1634,#1354,.T.);
#2050=EDGE_CURVE('',#1634,#1632,#1355,.T.);
#2051=EDGE_CURVE('',#1631,#1633,#1356,.T.);
#2052=EDGE_CURVE('',#1635,#1636,#1357,.T.);
#2053=EDGE_CURVE('',#1636,#1634,#874,.T.);
#2054=EDGE_CURVE('',#1633,#1635,#875,.T.);
#2055=EDGE_CURVE('',#1637,#1638,#1358,.T.);
#2056=EDGE_CURVE('',#1638,#1636,#1359,.T.);
#2057=EDGE_CURVE('',#1635,#1637,#1360,.T.);
#2058=EDGE_CURVE('',#1637,#1616,#876,.T.);
#2059=EDGE_CURVE('',#1615,#1638,#877,.T.);
#2060=EDGE_CURVE('',#1639,#1632,#878,.T.);
#2061=EDGE_CURVE('',#1640,#1639,#879,.T.);
#2062=EDGE_CURVE('',#1630,#1640,#880,.T.);
#2063=EDGE_CURVE('',#1634,#1641,#881,.T.);
#2064=EDGE_CURVE('',#1641,#1639,#1361,.T.);
#2065=EDGE_CURVE('',#1642,#1636,#882,.T.);
#2066=EDGE_CURVE('',#1641,#1642,#883,.T.);
#2067=EDGE_CURVE('',#1638,#1643,#884,.T.);
#2068=EDGE_CURVE('',#1643,#1642,#1362,.T.);
#2069=EDGE_CURVE('',#1644,#1615,#885,.T.);
#2070=EDGE_CURVE('',#1643,#1644,#886,.T.);
#2071=EDGE_CURVE('',#1618,#1645,#887,.T.);
#2072=EDGE_CURVE('',#1645,#1644,#1363,.T.);
#2073=EDGE_CURVE('',#1646,#1647,#888,.T.);
#2074=EDGE_CURVE('',#1648,#1646,#889,.T.);
#2075=EDGE_CURVE('',#1649,#1648,#890,.T.);
#2076=EDGE_CURVE('',#1647,#1649,#891,.T.);
#2077=EDGE_CURVE('',#1650,#1650,#1364,.T.);
#2078=EDGE_CURVE('',#1651,#1651,#1365,.T.);
#2079=EDGE_CURVE('',#1652,#1652,#1366,.T.);
#2080=EDGE_CURVE('',#1653,#1653,#1367,.T.);
#2081=EDGE_CURVE('',#1654,#1654,#1368,.T.);
#2082=EDGE_CURVE('',#1655,#1655,#1369,.T.);
#2083=EDGE_CURVE('',#1656,#1656,#1370,.T.);
#2084=EDGE_CURVE('',#1657,#1657,#1371,.T.);
#2085=EDGE_CURVE('',#1648,#1658,#47,.T.);
#2086=EDGE_CURVE('',#1658,#1659,#892,.T.);
#2087=EDGE_CURVE('',#1649,#1659,#48,.T.);
#2088=EDGE_CURVE('',#1647,#1660,#49,.T.);
#2089=EDGE_CURVE('',#1660,#1661,#893,.T.);
#2090=EDGE_CURVE('',#1661,#1646,#50,.T.);
#2091=EDGE_CURVE('',#1659,#1660,#894,.T.);
#2092=EDGE_CURVE('',#1661,#1658,#895,.T.);
#2093=EDGE_CURVE('',#1661,#1662,#896,.T.);
#2094=EDGE_CURVE('',#1663,#1662,#897,.T.);
#2095=EDGE_CURVE('',#1658,#1663,#898,.T.);
#2096=EDGE_CURVE('',#1660,#1664,#899,.T.);
#2097=EDGE_CURVE('',#1662,#1664,#900,.T.);
#2098=EDGE_CURVE('',#1659,#1665,#901,.T.);
#2099=EDGE_CURVE('',#1664,#1665,#902,.T.);
#2100=EDGE_CURVE('',#1665,#1663,#903,.T.);
#2101=EDGE_CURVE('',#1645,#1666,#904,.T.);
#2102=EDGE_CURVE('',#1667,#1666,#1372,.T.);
#2103=EDGE_CURVE('',#1668,#1667,#905,.T.);
#2104=EDGE_CURVE('',#1669,#1668,#1373,.T.);
#2105=EDGE_CURVE('',#1670,#1669,#906,.T.);
#2106=EDGE_CURVE('',#1640,#1670,#1374,.T.);
#2107=EDGE_CURVE('',#1671,#1671,#1375,.T.);
#2108=EDGE_CURVE('',#1672,#1672,#1376,.T.);
#2109=EDGE_CURVE('',#1673,#1673,#1377,.T.);
#2110=EDGE_CURVE('',#1674,#1674,#1378,.T.);
#2111=EDGE_CURVE('',#1675,#1675,#1379,.T.);
#2112=EDGE_CURVE('',#1676,#1676,#1380,.T.);
#2113=EDGE_CURVE('',#1677,#1677,#1381,.T.);
#2114=EDGE_CURVE('',#1678,#1678,#1382,.T.);
#2115=EDGE_CURVE('',#1666,#1620,#907,.T.);
#2116=EDGE_CURVE('',#1622,#1667,#908,.T.);
#2117=EDGE_CURVE('',#1670,#1628,#909,.T.);
#2118=EDGE_CURVE('',#1626,#1669,#910,.T.);
#2119=EDGE_CURVE('',#1668,#1624,#911,.T.);
#2120=EDGE_CURVE('',#1671,#1650,#912,.T.);
#2121=EDGE_CURVE('',#1672,#1651,#913,.T.);
#2122=EDGE_CURVE('',#1673,#1652,#914,.T.);
#2123=EDGE_CURVE('',#1674,#1653,#915,.T.);
#2124=EDGE_CURVE('',#1657,#1678,#916,.T.);
#2125=EDGE_CURVE('',#1656,#1677,#917,.T.);
#2126=EDGE_CURVE('',#1655,#1676,#918,.T.);
#2127=EDGE_CURVE('',#1654,#1675,#919,.T.);
#2128=EDGE_CURVE('',#1679,#1679,#1383,.T.);
#2129=EDGE_CURVE('',#1679,#1680,#920,.T.);
#2130=EDGE_CURVE('',#1680,#1680,#1384,.T.);
#2131=EDGE_CURVE('',#1681,#1681,#1385,.T.);
#2132=EDGE_CURVE('',#1681,#1682,#921,.T.);
#2133=EDGE_CURVE('',#1682,#1682,#1386,.T.);
#2134=EDGE_CURVE('',#1683,#1684,#1387,.T.);
#2135=EDGE_CURVE('',#1684,#1685,#922,.T.);
#2136=EDGE_CURVE('',#1685,#1686,#1388,.T.);
#2137=EDGE_CURVE('',#1686,#1683,#923,.T.);
#2138=EDGE_CURVE('',#1687,#1688,#1389,.T.);
#2139=EDGE_CURVE('',#1688,#1686,#1390,.T.);
#2140=EDGE_CURVE('',#1685,#1687,#1391,.T.);
#2141=EDGE_CURVE('',#1689,#1690,#1392,.T.);
#2142=EDGE_CURVE('',#1690,#1688,#924,.T.);
#2143=EDGE_CURVE('',#1687,#1689,#925,.T.);
#2144=EDGE_CURVE('',#1691,#1692,#1393,.T.);
#2145=EDGE_CURVE('',#1692,#1690,#1394,.T.);
#2146=EDGE_CURVE('',#1689,#1691,#1395,.T.);
#2147=EDGE_CURVE('',#1693,#1694,#1396,.T.);
#2148=EDGE_CURVE('',#1694,#1692,#926,.T.);
#2149=EDGE_CURVE('',#1691,#1693,#927,.T.);
#2150=EDGE_CURVE('',#1695,#1696,#1397,.T.);
#2151=EDGE_CURVE('',#1696,#1694,#1398,.T.);
#2152=EDGE_CURVE('',#1693,#1695,#1399,.T.);
#2153=EDGE_CURVE('',#1697,#1698,#1400,.T.);
#2154=EDGE_CURVE('',#1698,#1696,#928,.T.);
#2155=EDGE_CURVE('',#1695,#1697,#929,.T.);
#2156=EDGE_CURVE('',#1683,#1698,#1401,.T.);
#2157=EDGE_CURVE('',#1697,#1684,#1402,.T.);
#2158=EDGE_CURVE('',#1696,#1699,#930,.T.);
#2159=EDGE_CURVE('',#1700,#1699,#1403,.T.);
#2160=EDGE_CURVE('',#1694,#1700,#931,.T.);
#2161=EDGE_CURVE('',#1698,#1701,#932,.T.);
#2162=EDGE_CURVE('',#1699,#1701,#933,.T.);
#2163=EDGE_CURVE('',#1683,#1702,#934,.T.);
#2164=EDGE_CURVE('',#1701,#1702,#1404,.T.);
#2165=EDGE_CURVE('',#1686,#1703,#935,.T.);
#2166=EDGE_CURVE('',#1702,#1703,#936,.T.);
#2167=EDGE_CURVE('',#1704,#1705,#1405,.T.);
#2168=EDGE_CURVE('',#1706,#1704,#937,.T.);
#2169=EDGE_CURVE('',#1707,#1706,#1406,.T.);
#2170=EDGE_CURVE('',#1708,#1707,#938,.T.);
#2171=EDGE_CURVE('',#1709,#1708,#1407,.T.);
#2172=EDGE_CURVE('',#1710,#1709,#939,.T.);
#2173=EDGE_CURVE('',#1711,#1710,#1408,.T.);
#2174=EDGE_CURVE('',#1705,#1711,#940,.T.);
#2175=EDGE_CURVE('',#1712,#1712,#1409,.T.);
#2176=EDGE_CURVE('',#1713,#1713,#1410,.T.);
#2177=EDGE_CURVE('',#1714,#1714,#1411,.T.);
#2178=EDGE_CURVE('',#1715,#1715,#1412,.T.);
#2179=EDGE_CURVE('',#1716,#1716,#1413,.T.);
#2180=EDGE_CURVE('',#1717,#1717,#1414,.T.);
#2181=EDGE_CURVE('',#1705,#1718,#941,.T.);
#2182=EDGE_CURVE('',#1718,#1719,#1415,.T.);
#2183=EDGE_CURVE('',#1719,#1704,#942,.T.);
#2184=EDGE_CURVE('',#1720,#1711,#943,.T.);
#2185=EDGE_CURVE('',#1718,#1720,#944,.T.);
#2186=EDGE_CURVE('',#1706,#1721,#945,.T.);
#2187=EDGE_CURVE('',#1721,#1722,#1416,.T.);
#2188=EDGE_CURVE('',#1722,#1707,#946,.T.);
#2189=EDGE_CURVE('',#1721,#1719,#947,.T.);
#2190=EDGE_CURVE('',#1708,#1723,#948,.T.);
#2191=EDGE_CURVE('',#1723,#1724,#1417,.T.);
#2192=EDGE_CURVE('',#1724,#1709,#949,.T.);
#2193=EDGE_CURVE('',#1723,#1722,#950,.T.);
#2194=EDGE_CURVE('',#1710,#1725,#951,.T.);
#2195=EDGE_CURVE('',#1725,#1720,#1418,.T.);
#2196=EDGE_CURVE('',#1725,#1724,#952,.T.);
#2197=EDGE_CURVE('',#1726,#1726,#1419,.T.);
#2198=EDGE_CURVE('',#1726,#1727,#953,.T.);
#2199=EDGE_CURVE('',#1727,#1727,#1420,.T.);
#2200=EDGE_CURVE('',#1728,#1728,#1421,.T.);
#2201=EDGE_CURVE('',#1729,#1729,#1422,.T.);
#2202=EDGE_CURVE('',#1729,#1730,#954,.T.);
#2203=EDGE_CURVE('',#1730,#1730,#1423,.T.);
#2204=EDGE_CURVE('',#1731,#1731,#1424,.T.);
#2205=EDGE_CURVE('',#1732,#1732,#1425,.T.);
#2206=EDGE_CURVE('',#1732,#1712,#955,.T.);
#2207=EDGE_CURVE('',#1728,#1713,#956,.T.);
#2208=EDGE_CURVE('',#1731,#1714,#957,.T.);
#2209=EDGE_CURVE('',#1733,#1733,#1426,.T.);
#2210=EDGE_CURVE('',#1733,#1715,#958,.T.);
#2211=EDGE_CURVE('',#1734,#1734,#1427,.T.);
#2212=EDGE_CURVE('',#1734,#1716,#959,.T.);
#2213=EDGE_CURVE('',#1735,#1735,#1428,.T.);
#2214=EDGE_CURVE('',#1735,#1717,#960,.T.);
#2215=EDGE_CURVE('',#1736,#1700,#961,.T.);
#2216=EDGE_CURVE('',#1692,#1736,#962,.T.);
#2217=EDGE_CURVE('',#1737,#1736,#1429,.T.);
#2218=EDGE_CURVE('',#1690,#1737,#963,.T.);
#2219=EDGE_CURVE('',#1738,#1737,#964,.T.);
#2220=EDGE_CURVE('',#1688,#1738,#965,.T.);
#2221=EDGE_CURVE('',#1703,#1738,#1430,.T.);
#2222=ORIENTED_EDGE('',*,*,#1739,.F.);
#2223=ORIENTED_EDGE('',*,*,#1740,.T.);
#2224=ORIENTED_EDGE('',*,*,#1741,.F.);
#2225=ORIENTED_EDGE('',*,*,#1740,.F.);
#2226=ORIENTED_EDGE('',*,*,#1742,.F.);
#2227=ORIENTED_EDGE('',*,*,#1743,.T.);
#2228=ORIENTED_EDGE('',*,*,#1744,.F.);
#2229=ORIENTED_EDGE('',*,*,#1745,.F.);
#2230=ORIENTED_EDGE('',*,*,#1746,.F.);
#2231=ORIENTED_EDGE('',*,*,#1743,.F.);
#2232=ORIENTED_EDGE('',*,*,#1747,.F.);
#2233=ORIENTED_EDGE('',*,*,#1748,.T.);
#2234=ORIENTED_EDGE('',*,*,#1749,.F.);
#2235=ORIENTED_EDGE('',*,*,#1748,.F.);
#2236=ORIENTED_EDGE('',*,*,#1750,.F.);
#2237=ORIENTED_EDGE('',*,*,#1751,.T.);
#2238=ORIENTED_EDGE('',*,*,#1752,.F.);
#2239=ORIENTED_EDGE('',*,*,#1753,.F.);
#2240=ORIENTED_EDGE('',*,*,#1754,.F.);
#2241=ORIENTED_EDGE('',*,*,#1751,.F.);
#2242=ORIENTED_EDGE('',*,*,#1755,.F.);
#2243=ORIENTED_EDGE('',*,*,#1756,.T.);
#2244=ORIENTED_EDGE('',*,*,#1757,.F.);
#2245=ORIENTED_EDGE('',*,*,#1756,.F.);
#2246=ORIENTED_EDGE('',*,*,#1758,.F.);
#2247=ORIENTED_EDGE('',*,*,#1759,.T.);
#2248=ORIENTED_EDGE('',*,*,#1760,.F.);
#2249=ORIENTED_EDGE('',*,*,#1761,.F.);
#2250=ORIENTED_EDGE('',*,*,#1762,.F.);
#2251=ORIENTED_EDGE('',*,*,#1759,.F.);
#2252=ORIENTED_EDGE('',*,*,#1763,.F.);
#2253=ORIENTED_EDGE('',*,*,#1764,.T.);
#2254=ORIENTED_EDGE('',*,*,#1765,.F.);
#2255=ORIENTED_EDGE('',*,*,#1764,.F.);
#2256=ORIENTED_EDGE('',*,*,#1766,.F.);
#2257=ORIENTED_EDGE('',*,*,#1767,.T.);
#2258=ORIENTED_EDGE('',*,*,#1768,.F.);
#2259=ORIENTED_EDGE('',*,*,#1769,.F.);
#2260=ORIENTED_EDGE('',*,*,#1770,.F.);
#2261=ORIENTED_EDGE('',*,*,#1767,.F.);
#2262=ORIENTED_EDGE('',*,*,#1744,.T.);
#2263=ORIENTED_EDGE('',*,*,#1746,.T.);
#2264=ORIENTED_EDGE('',*,*,#1771,.F.);
#2265=ORIENTED_EDGE('',*,*,#1768,.T.);
#2266=ORIENTED_EDGE('',*,*,#1770,.T.);
#2267=ORIENTED_EDGE('',*,*,#1772,.F.);
#2268=ORIENTED_EDGE('',*,*,#1752,.T.);
#2269=ORIENTED_EDGE('',*,*,#1754,.T.);
#2270=ORIENTED_EDGE('',*,*,#1773,.F.);
#2271=ORIENTED_EDGE('',*,*,#1774,.F.);
#2272=ORIENTED_EDGE('',*,*,#1775,.F.);
#2273=ORIENTED_EDGE('',*,*,#1776,.F.);
#2274=ORIENTED_EDGE('',*,*,#1777,.F.);
#2275=ORIENTED_EDGE('',*,*,#1778,.F.);
#2276=ORIENTED_EDGE('',*,*,#1779,.F.);
#2277=ORIENTED_EDGE('',*,*,#1780,.F.);
#2278=ORIENTED_EDGE('',*,*,#1781,.F.);
#2279=ORIENTED_EDGE('',*,*,#1760,.T.);
#2280=ORIENTED_EDGE('',*,*,#1762,.T.);
#2281=ORIENTED_EDGE('',*,*,#1782,.F.);
#2282=ORIENTED_EDGE('',*,*,#1783,.F.);
#2283=ORIENTED_EDGE('',*,*,#1784,.F.);
#2284=ORIENTED_EDGE('',*,*,#1785,.F.);
#2285=ORIENTED_EDGE('',*,*,#1786,.F.);
#2286=ORIENTED_EDGE('',*,*,#1787,.F.);
#2287=ORIENTED_EDGE('',*,*,#1788,.F.);
#2288=ORIENTED_EDGE('',*,*,#1789,.F.);
#2289=ORIENTED_EDGE('',*,*,#1790,.F.);
#2290=ORIENTED_EDGE('',*,*,#1765,.T.);
#2291=ORIENTED_EDGE('',*,*,#1757,.T.);
#2292=ORIENTED_EDGE('',*,*,#1749,.T.);
#2293=ORIENTED_EDGE('',*,*,#1741,.T.);
#2294=ORIENTED_EDGE('',*,*,#1745,.T.);
#2295=ORIENTED_EDGE('',*,*,#1782,.T.);
#2296=ORIENTED_EDGE('',*,*,#1761,.T.);
#2297=ORIENTED_EDGE('',*,*,#1781,.T.);
#2298=ORIENTED_EDGE('',*,*,#1791,.T.);
#2299=ORIENTED_EDGE('',*,*,#1792,.F.);
#2300=ORIENTED_EDGE('',*,*,#1793,.T.);
#2301=ORIENTED_EDGE('',*,*,#1773,.T.);
#2302=ORIENTED_EDGE('',*,*,#1753,.T.);
#2303=ORIENTED_EDGE('',*,*,#1772,.T.);
#2304=ORIENTED_EDGE('',*,*,#1769,.T.);
#2305=ORIENTED_EDGE('',*,*,#1771,.T.);
#2306=ORIENTED_EDGE('',*,*,#1791,.F.);
#2307=ORIENTED_EDGE('',*,*,#1780,.T.);
#2308=ORIENTED_EDGE('',*,*,#1794,.T.);
#2309=ORIENTED_EDGE('',*,*,#1795,.F.);
#2310=ORIENTED_EDGE('',*,*,#1796,.F.);
#2311=ORIENTED_EDGE('',*,*,#1797,.T.);
#2312=ORIENTED_EDGE('',*,*,#1783,.T.);
#2313=ORIENTED_EDGE('',*,*,#1797,.F.);
#2314=ORIENTED_EDGE('',*,*,#1798,.F.);
#2315=ORIENTED_EDGE('',*,*,#1799,.T.);
#2316=ORIENTED_EDGE('',*,*,#1784,.T.);
#2317=ORIENTED_EDGE('',*,*,#1799,.F.);
#2318=ORIENTED_EDGE('',*,*,#1800,.F.);
#2319=ORIENTED_EDGE('',*,*,#1801,.T.);
#2320=ORIENTED_EDGE('',*,*,#1785,.T.);
#2321=ORIENTED_EDGE('',*,*,#1801,.F.);
#2322=ORIENTED_EDGE('',*,*,#1802,.F.);
#2323=ORIENTED_EDGE('',*,*,#1803,.T.);
#2324=ORIENTED_EDGE('',*,*,#1786,.T.);
#2325=ORIENTED_EDGE('',*,*,#1803,.F.);
#2326=ORIENTED_EDGE('',*,*,#1804,.F.);
#2327=ORIENTED_EDGE('',*,*,#1805,.T.);
#2328=ORIENTED_EDGE('',*,*,#1787,.T.);
#2329=ORIENTED_EDGE('',*,*,#1805,.F.);
#2330=ORIENTED_EDGE('',*,*,#1806,.F.);
#2331=ORIENTED_EDGE('',*,*,#1807,.T.);
#2332=ORIENTED_EDGE('',*,*,#1788,.T.);
#2333=ORIENTED_EDGE('',*,*,#1807,.F.);
#2334=ORIENTED_EDGE('',*,*,#1808,.F.);
#2335=ORIENTED_EDGE('',*,*,#1809,.T.);
#2336=ORIENTED_EDGE('',*,*,#1789,.T.);
#2337=ORIENTED_EDGE('',*,*,#1809,.F.);
#2338=ORIENTED_EDGE('',*,*,#1810,.F.);
#2339=ORIENTED_EDGE('',*,*,#1811,.T.);
#2340=ORIENTED_EDGE('',*,*,#1790,.T.);
#2341=ORIENTED_EDGE('',*,*,#1811,.F.);
#2342=ORIENTED_EDGE('',*,*,#1777,.T.);
#2343=ORIENTED_EDGE('',*,*,#1812,.T.);
#2344=ORIENTED_EDGE('',*,*,#1813,.F.);
#2345=ORIENTED_EDGE('',*,*,#1814,.F.);
#2346=ORIENTED_EDGE('',*,*,#1778,.T.);
#2347=ORIENTED_EDGE('',*,*,#1814,.T.);
#2348=ORIENTED_EDGE('',*,*,#1815,.F.);
#2349=ORIENTED_EDGE('',*,*,#1816,.F.);
#2350=ORIENTED_EDGE('',*,*,#1779,.T.);
#2351=ORIENTED_EDGE('',*,*,#1816,.T.);
#2352=ORIENTED_EDGE('',*,*,#1817,.F.);
#2353=ORIENTED_EDGE('',*,*,#1794,.F.);
#2354=ORIENTED_EDGE('',*,*,#1793,.F.);
#2355=ORIENTED_EDGE('',*,*,#1818,.F.);
#2356=ORIENTED_EDGE('',*,*,#1819,.F.);
#2357=ORIENTED_EDGE('',*,*,#1774,.T.);
#2358=ORIENTED_EDGE('',*,*,#1775,.T.);
#2359=ORIENTED_EDGE('',*,*,#1819,.T.);
#2360=ORIENTED_EDGE('',*,*,#1820,.F.);
#2361=ORIENTED_EDGE('',*,*,#1821,.F.);
#2362=ORIENTED_EDGE('',*,*,#1776,.T.);
#2363=ORIENTED_EDGE('',*,*,#1821,.T.);
#2364=ORIENTED_EDGE('',*,*,#1822,.F.);
#2365=ORIENTED_EDGE('',*,*,#1812,.F.);
#2366=ORIENTED_EDGE('',*,*,#1822,.T.);
#2367=ORIENTED_EDGE('',*,*,#1820,.T.);
#2368=ORIENTED_EDGE('',*,*,#1818,.T.);
#2369=ORIENTED_EDGE('',*,*,#1792,.T.);
#2370=ORIENTED_EDGE('',*,*,#1795,.T.);
#2371=ORIENTED_EDGE('',*,*,#1817,.T.);
#2372=ORIENTED_EDGE('',*,*,#1815,.T.);
#2373=ORIENTED_EDGE('',*,*,#1813,.T.);
#2374=ORIENTED_EDGE('',*,*,#1796,.T.);
#2375=ORIENTED_EDGE('',*,*,#1798,.T.);
#2376=ORIENTED_EDGE('',*,*,#1800,.T.);
#2377=ORIENTED_EDGE('',*,*,#1802,.T.);
#2378=ORIENTED_EDGE('',*,*,#1804,.T.);
#2379=ORIENTED_EDGE('',*,*,#1806,.T.);
#2380=ORIENTED_EDGE('',*,*,#1808,.T.);
#2381=ORIENTED_EDGE('',*,*,#1810,.T.);
#2382=ORIENTED_EDGE('',*,*,#1766,.T.);
#2383=ORIENTED_EDGE('',*,*,#1763,.T.);
#2384=ORIENTED_EDGE('',*,*,#1758,.T.);
#2385=ORIENTED_EDGE('',*,*,#1755,.T.);
#2386=ORIENTED_EDGE('',*,*,#1750,.T.);
#2387=ORIENTED_EDGE('',*,*,#1747,.T.);
#2388=ORIENTED_EDGE('',*,*,#1742,.T.);
#2389=ORIENTED_EDGE('',*,*,#1739,.T.);
#2390=ORIENTED_EDGE('',*,*,#1823,.T.);
#2391=ORIENTED_EDGE('',*,*,#1824,.T.);
#2392=ORIENTED_EDGE('',*,*,#1825,.F.);
#2393=ORIENTED_EDGE('',*,*,#1826,.T.);
#2394=ORIENTED_EDGE('',*,*,#1827,.F.);
#2395=ORIENTED_EDGE('',*,*,#1824,.F.);
#2396=ORIENTED_EDGE('',*,*,#1823,.F.);
#2397=ORIENTED_EDGE('',*,*,#1828,.T.);
#2398=ORIENTED_EDGE('',*,*,#1829,.T.);
#2399=ORIENTED_EDGE('',*,*,#1830,.T.);
#2400=ORIENTED_EDGE('',*,*,#1831,.T.);
#2401=ORIENTED_EDGE('',*,*,#1832,.F.);
#2402=ORIENTED_EDGE('',*,*,#1833,.T.);
#2403=ORIENTED_EDGE('',*,*,#1830,.F.);
#2404=ORIENTED_EDGE('',*,*,#1829,.F.);
#2405=ORIENTED_EDGE('',*,*,#1834,.T.);
#2406=ORIENTED_EDGE('',*,*,#1835,.F.);
#2407=ORIENTED_EDGE('',*,*,#1836,.F.);
#2408=ORIENTED_EDGE('',*,*,#1837,.T.);
#2409=ORIENTED_EDGE('',*,*,#1838,.T.);
#2410=ORIENTED_EDGE('',*,*,#1838,.F.);
#2411=ORIENTED_EDGE('',*,*,#1839,.T.);
#2412=ORIENTED_EDGE('',*,*,#1840,.F.);
#2413=ORIENTED_EDGE('',*,*,#1841,.T.);
#2414=ORIENTED_EDGE('',*,*,#1842,.T.);
#2415=ORIENTED_EDGE('',*,*,#1843,.F.);
#2416=ORIENTED_EDGE('',*,*,#1844,.T.);
#2417=ORIENTED_EDGE('',*,*,#1845,.F.);
#2418=ORIENTED_EDGE('',*,*,#1846,.T.);
#2419=ORIENTED_EDGE('',*,*,#1847,.F.);
#2420=ORIENTED_EDGE('',*,*,#1848,.T.);
#2421=ORIENTED_EDGE('',*,*,#1849,.T.);
#2422=ORIENTED_EDGE('',*,*,#1850,.F.);
#2423=ORIENTED_EDGE('',*,*,#1851,.T.);
#2424=ORIENTED_EDGE('',*,*,#1825,.T.);
#2425=ORIENTED_EDGE('',*,*,#1827,.T.);
#2426=ORIENTED_EDGE('',*,*,#1852,.T.);
#2427=ORIENTED_EDGE('',*,*,#1840,.T.);
#2428=ORIENTED_EDGE('',*,*,#1826,.F.);
#2429=ORIENTED_EDGE('',*,*,#1853,.F.);
#2430=ORIENTED_EDGE('',*,*,#1854,.T.);
#2431=ORIENTED_EDGE('',*,*,#1855,.T.);
#2432=ORIENTED_EDGE('',*,*,#1856,.F.);
#2433=ORIENTED_EDGE('',*,*,#1857,.F.);
#2434=ORIENTED_EDGE('',*,*,#1858,.T.);
#2435=ORIENTED_EDGE('',*,*,#1845,.T.);
#2436=ORIENTED_EDGE('',*,*,#1859,.F.);
#2437=ORIENTED_EDGE('',*,*,#1860,.T.);
#2438=ORIENTED_EDGE('',*,*,#1861,.T.);
#2439=ORIENTED_EDGE('',*,*,#1862,.F.);
#2440=ORIENTED_EDGE('',*,*,#1863,.F.);
#2441=ORIENTED_EDGE('',*,*,#1832,.T.);
#2442=ORIENTED_EDGE('',*,*,#1864,.T.);
#2443=ORIENTED_EDGE('',*,*,#1843,.T.);
#2444=ORIENTED_EDGE('',*,*,#1865,.T.);
#2445=ORIENTED_EDGE('',*,*,#1833,.F.);
#2446=ORIENTED_EDGE('',*,*,#1866,.F.);
#2447=ORIENTED_EDGE('',*,*,#1867,.T.);
#2448=ORIENTED_EDGE('',*,*,#1868,.T.);
#2449=ORIENTED_EDGE('',*,*,#1831,.F.);
#2450=ORIENTED_EDGE('',*,*,#1836,.T.);
#2451=ORIENTED_EDGE('',*,*,#1850,.T.);
#2452=ORIENTED_EDGE('',*,*,#1869,.T.);
#2453=ORIENTED_EDGE('',*,*,#1862,.T.);
#2454=ORIENTED_EDGE('',*,*,#1857,.T.);
#2455=ORIENTED_EDGE('',*,*,#1870,.T.);
#2456=ORIENTED_EDGE('',*,*,#1871,.F.);
#2457=ORIENTED_EDGE('',*,*,#1872,.T.);
#2458=ORIENTED_EDGE('',*,*,#1870,.F.);
#2459=ORIENTED_EDGE('',*,*,#1872,.F.);
#2460=ORIENTED_EDGE('',*,*,#1869,.F.);
#2461=ORIENTED_EDGE('',*,*,#1873,.T.);
#2462=ORIENTED_EDGE('',*,*,#1874,.T.);
#2463=ORIENTED_EDGE('',*,*,#1873,.F.);
#2464=ORIENTED_EDGE('',*,*,#1828,.F.);
#2465=ORIENTED_EDGE('',*,*,#1875,.T.);
#2466=ORIENTED_EDGE('',*,*,#1876,.T.);
#2467=ORIENTED_EDGE('',*,*,#1875,.F.);
#2468=ORIENTED_EDGE('',*,*,#1834,.F.);
#2469=ORIENTED_EDGE('',*,*,#1877,.T.);
#2470=ORIENTED_EDGE('',*,*,#1878,.T.);
#2471=ORIENTED_EDGE('',*,*,#1877,.F.);
#2472=ORIENTED_EDGE('',*,*,#1879,.F.);
#2473=ORIENTED_EDGE('',*,*,#1859,.T.);
#2474=ORIENTED_EDGE('',*,*,#1856,.T.);
#2475=ORIENTED_EDGE('',*,*,#1844,.F.);
#2476=ORIENTED_EDGE('',*,*,#1864,.F.);
#2477=ORIENTED_EDGE('',*,*,#1868,.F.);
#2478=ORIENTED_EDGE('',*,*,#1880,.T.);
#2479=ORIENTED_EDGE('',*,*,#1866,.T.);
#2480=ORIENTED_EDGE('',*,*,#1863,.T.);
#2481=ORIENTED_EDGE('',*,*,#1881,.F.);
#2482=ORIENTED_EDGE('',*,*,#1882,.F.);
#2483=ORIENTED_EDGE('',*,*,#1881,.T.);
#2484=ORIENTED_EDGE('',*,*,#1865,.F.);
#2485=ORIENTED_EDGE('',*,*,#1842,.F.);
#2486=ORIENTED_EDGE('',*,*,#1883,.F.);
#2487=ORIENTED_EDGE('',*,*,#1884,.T.);
#2488=ORIENTED_EDGE('',*,*,#1883,.T.);
#2489=ORIENTED_EDGE('',*,*,#1841,.F.);
#2490=ORIENTED_EDGE('',*,*,#1852,.F.);
#2491=ORIENTED_EDGE('',*,*,#1855,.F.);
#2492=ORIENTED_EDGE('',*,*,#1885,.T.);
#2493=ORIENTED_EDGE('',*,*,#1853,.T.);
#2494=ORIENTED_EDGE('',*,*,#1851,.F.);
#2495=ORIENTED_EDGE('',*,*,#1839,.F.);
#2496=ORIENTED_EDGE('',*,*,#1837,.F.);
#2497=ORIENTED_EDGE('',*,*,#1849,.F.);
#2498=ORIENTED_EDGE('',*,*,#1886,.T.);
#2499=ORIENTED_EDGE('',*,*,#1847,.T.);
#2500=ORIENTED_EDGE('',*,*,#1835,.T.);
#2501=ORIENTED_EDGE('',*,*,#1846,.F.);
#2502=ORIENTED_EDGE('',*,*,#1858,.F.);
#2503=ORIENTED_EDGE('',*,*,#1861,.F.);
#2504=ORIENTED_EDGE('',*,*,#1860,.F.);
#2505=ORIENTED_EDGE('',*,*,#1879,.T.);
#2506=ORIENTED_EDGE('',*,*,#1867,.F.);
#2507=ORIENTED_EDGE('',*,*,#1880,.F.);
#2508=ORIENTED_EDGE('',*,*,#1882,.T.);
#2509=ORIENTED_EDGE('',*,*,#1884,.F.);
#2510=ORIENTED_EDGE('',*,*,#1854,.F.);
#2511=ORIENTED_EDGE('',*,*,#1885,.F.);
#2512=ORIENTED_EDGE('',*,*,#1848,.F.);
#2513=ORIENTED_EDGE('',*,*,#1886,.F.);
#2514=ORIENTED_EDGE('',*,*,#1871,.T.);
#2515=ORIENTED_EDGE('',*,*,#1878,.F.);
#2516=ORIENTED_EDGE('',*,*,#1876,.F.);
#2517=ORIENTED_EDGE('',*,*,#1874,.F.);
#2518=ORIENTED_EDGE('',*,*,#1887,.F.);
#2519=ORIENTED_EDGE('',*,*,#1888,.T.);
#2520=ORIENTED_EDGE('',*,*,#1889,.T.);
#2521=ORIENTED_EDGE('',*,*,#1888,.F.);
#2522=ORIENTED_EDGE('',*,*,#1890,.F.);
#2523=ORIENTED_EDGE('',*,*,#1891,.T.);
#2524=ORIENTED_EDGE('',*,*,#1892,.T.);
#2525=ORIENTED_EDGE('',*,*,#1891,.F.);
#2526=ORIENTED_EDGE('',*,*,#1893,.F.);
#2527=ORIENTED_EDGE('',*,*,#1894,.T.);
#2528=ORIENTED_EDGE('',*,*,#1895,.T.);
#2529=ORIENTED_EDGE('',*,*,#1894,.F.);
#2530=ORIENTED_EDGE('',*,*,#1896,.F.);
#2531=ORIENTED_EDGE('',*,*,#1897,.T.);
#2532=ORIENTED_EDGE('',*,*,#1898,.T.);
#2533=ORIENTED_EDGE('',*,*,#1897,.F.);
#2534=ORIENTED_EDGE('',*,*,#1899,.F.);
#2535=ORIENTED_EDGE('',*,*,#1900,.T.);
#2536=ORIENTED_EDGE('',*,*,#1901,.F.);
#2537=ORIENTED_EDGE('',*,*,#1902,.F.);
#2538=ORIENTED_EDGE('',*,*,#1903,.T.);
#2539=ORIENTED_EDGE('',*,*,#1902,.T.);
#2540=ORIENTED_EDGE('',*,*,#1904,.F.);
#2541=ORIENTED_EDGE('',*,*,#1905,.F.);
#2542=ORIENTED_EDGE('',*,*,#1906,.T.);
#2543=ORIENTED_EDGE('',*,*,#1905,.T.);
#2544=ORIENTED_EDGE('',*,*,#1907,.F.);
#2545=ORIENTED_EDGE('',*,*,#1908,.F.);
#2546=ORIENTED_EDGE('',*,*,#1909,.T.);
#2547=ORIENTED_EDGE('',*,*,#1908,.T.);
#2548=ORIENTED_EDGE('',*,*,#1910,.F.);
#2549=ORIENTED_EDGE('',*,*,#1911,.F.);
#2550=ORIENTED_EDGE('',*,*,#1912,.T.);
#2551=ORIENTED_EDGE('',*,*,#1911,.T.);
#2552=ORIENTED_EDGE('',*,*,#1913,.F.);
#2553=ORIENTED_EDGE('',*,*,#1914,.F.);
#2554=ORIENTED_EDGE('',*,*,#1915,.T.);
#2555=ORIENTED_EDGE('',*,*,#1914,.T.);
#2556=ORIENTED_EDGE('',*,*,#1916,.F.);
#2557=ORIENTED_EDGE('',*,*,#1917,.F.);
#2558=ORIENTED_EDGE('',*,*,#1918,.T.);
#2559=ORIENTED_EDGE('',*,*,#1917,.T.);
#2560=ORIENTED_EDGE('',*,*,#1919,.F.);
#2561=ORIENTED_EDGE('',*,*,#1920,.F.);
#2562=ORIENTED_EDGE('',*,*,#1921,.T.);
#2563=ORIENTED_EDGE('',*,*,#1920,.T.);
#2564=ORIENTED_EDGE('',*,*,#1922,.F.);
#2565=ORIENTED_EDGE('',*,*,#1923,.F.);
#2566=ORIENTED_EDGE('',*,*,#1924,.T.);
#2567=ORIENTED_EDGE('',*,*,#1923,.T.);
#2568=ORIENTED_EDGE('',*,*,#1925,.F.);
#2569=ORIENTED_EDGE('',*,*,#1926,.F.);
#2570=ORIENTED_EDGE('',*,*,#1927,.T.);
#2571=ORIENTED_EDGE('',*,*,#1926,.T.);
#2572=ORIENTED_EDGE('',*,*,#1928,.F.);
#2573=ORIENTED_EDGE('',*,*,#1900,.F.);
#2574=ORIENTED_EDGE('',*,*,#1928,.T.);
#2575=ORIENTED_EDGE('',*,*,#1925,.T.);
#2576=ORIENTED_EDGE('',*,*,#1922,.T.);
#2577=ORIENTED_EDGE('',*,*,#1919,.T.);
#2578=ORIENTED_EDGE('',*,*,#1916,.T.);
#2579=ORIENTED_EDGE('',*,*,#1913,.T.);
#2580=ORIENTED_EDGE('',*,*,#1910,.T.);
#2581=ORIENTED_EDGE('',*,*,#1907,.T.);
#2582=ORIENTED_EDGE('',*,*,#1904,.T.);
#2583=ORIENTED_EDGE('',*,*,#1901,.T.);
#2584=ORIENTED_EDGE('',*,*,#1896,.T.);
#2585=ORIENTED_EDGE('',*,*,#1893,.T.);
#2586=ORIENTED_EDGE('',*,*,#1890,.T.);
#2587=ORIENTED_EDGE('',*,*,#1887,.T.);
#2588=ORIENTED_EDGE('',*,*,#1927,.F.);
#2589=ORIENTED_EDGE('',*,*,#1899,.T.);
#2590=ORIENTED_EDGE('',*,*,#1903,.F.);
#2591=ORIENTED_EDGE('',*,*,#1906,.F.);
#2592=ORIENTED_EDGE('',*,*,#1909,.F.);
#2593=ORIENTED_EDGE('',*,*,#1912,.F.);
#2594=ORIENTED_EDGE('',*,*,#1915,.F.);
#2595=ORIENTED_EDGE('',*,*,#1918,.F.);
#2596=ORIENTED_EDGE('',*,*,#1921,.F.);
#2597=ORIENTED_EDGE('',*,*,#1924,.F.);
#2598=ORIENTED_EDGE('',*,*,#1898,.F.);
#2599=ORIENTED_EDGE('',*,*,#1895,.F.);
#2600=ORIENTED_EDGE('',*,*,#1892,.F.);
#2601=ORIENTED_EDGE('',*,*,#1889,.F.);
#2602=ORIENTED_EDGE('',*,*,#1929,.T.);
#2603=ORIENTED_EDGE('',*,*,#1930,.T.);
#2604=ORIENTED_EDGE('',*,*,#1931,.T.);
#2605=ORIENTED_EDGE('',*,*,#1932,.T.);
#2606=ORIENTED_EDGE('',*,*,#1933,.T.);
#2607=ORIENTED_EDGE('',*,*,#1934,.T.);
#2608=ORIENTED_EDGE('',*,*,#1935,.T.);
#2609=ORIENTED_EDGE('',*,*,#1936,.T.);
#2610=ORIENTED_EDGE('',*,*,#1937,.T.);
#2611=ORIENTED_EDGE('',*,*,#1938,.T.);
#2612=ORIENTED_EDGE('',*,*,#1939,.F.);
#2613=ORIENTED_EDGE('',*,*,#1940,.T.);
#2614=ORIENTED_EDGE('',*,*,#1941,.F.);
#2615=ORIENTED_EDGE('',*,*,#1940,.F.);
#2616=ORIENTED_EDGE('',*,*,#1942,.F.);
#2617=ORIENTED_EDGE('',*,*,#1943,.T.);
#2618=ORIENTED_EDGE('',*,*,#1944,.F.);
#2619=ORIENTED_EDGE('',*,*,#1943,.F.);
#2620=ORIENTED_EDGE('',*,*,#1945,.F.);
#2621=ORIENTED_EDGE('',*,*,#1946,.T.);
#2622=ORIENTED_EDGE('',*,*,#1947,.F.);
#2623=ORIENTED_EDGE('',*,*,#1946,.F.);
#2624=ORIENTED_EDGE('',*,*,#1948,.F.);
#2625=ORIENTED_EDGE('',*,*,#1949,.T.);
#2626=ORIENTED_EDGE('',*,*,#1950,.F.);
#2627=ORIENTED_EDGE('',*,*,#1949,.F.);
#2628=ORIENTED_EDGE('',*,*,#1933,.F.);
#2629=ORIENTED_EDGE('',*,*,#1951,.T.);
#2630=ORIENTED_EDGE('',*,*,#1952,.T.);
#2631=ORIENTED_EDGE('',*,*,#1951,.F.);
#2632=ORIENTED_EDGE('',*,*,#1938,.F.);
#2633=ORIENTED_EDGE('',*,*,#1953,.T.);
#2634=ORIENTED_EDGE('',*,*,#1954,.T.);
#2635=ORIENTED_EDGE('',*,*,#1953,.F.);
#2636=ORIENTED_EDGE('',*,*,#1955,.T.);
#2637=ORIENTED_EDGE('',*,*,#1956,.T.);
#2638=ORIENTED_EDGE('',*,*,#1957,.T.);
#2639=ORIENTED_EDGE('',*,*,#1931,.F.);
#2640=ORIENTED_EDGE('',*,*,#1958,.F.);
#2641=ORIENTED_EDGE('',*,*,#1959,.F.);
#2642=ORIENTED_EDGE('',*,*,#1960,.F.);
#2643=ORIENTED_EDGE('',*,*,#1961,.F.);
#2644=ORIENTED_EDGE('',*,*,#1956,.F.);
#2645=ORIENTED_EDGE('',*,*,#1962,.F.);
#2646=ORIENTED_EDGE('',*,*,#1954,.F.);
#2647=ORIENTED_EDGE('',*,*,#1952,.F.);
#2648=ORIENTED_EDGE('',*,*,#1963,.T.);
#2649=ORIENTED_EDGE('',*,*,#1958,.T.);
#2650=ORIENTED_EDGE('',*,*,#1964,.T.);
#2651=ORIENTED_EDGE('',*,*,#1936,.F.);
#2652=ORIENTED_EDGE('',*,*,#1965,.F.);
#2653=ORIENTED_EDGE('',*,*,#1966,.F.);
#2654=ORIENTED_EDGE('',*,*,#1934,.F.);
#2655=ORIENTED_EDGE('',*,*,#1967,.F.);
#2656=ORIENTED_EDGE('',*,*,#1968,.F.);
#2657=ORIENTED_EDGE('',*,*,#1969,.F.);
#2658=ORIENTED_EDGE('',*,*,#1970,.T.);
#2659=ORIENTED_EDGE('',*,*,#1971,.F.);
#2660=ORIENTED_EDGE('',*,*,#1929,.F.);
#2661=ORIENTED_EDGE('',*,*,#1972,.F.);
#2662=ORIENTED_EDGE('',*,*,#1973,.F.);
#2663=ORIENTED_EDGE('',*,*,#1970,.F.);
#2664=ORIENTED_EDGE('',*,*,#1974,.F.);
#2665=ORIENTED_EDGE('',*,*,#1968,.T.);
#2666=ORIENTED_EDGE('',*,*,#1975,.T.);
#2667=ORIENTED_EDGE('',*,*,#1942,.T.);
#2668=ORIENTED_EDGE('',*,*,#1975,.F.);
#2669=ORIENTED_EDGE('',*,*,#1976,.T.);
#2670=ORIENTED_EDGE('',*,*,#1977,.F.);
#2671=ORIENTED_EDGE('',*,*,#1978,.F.);
#2672=ORIENTED_EDGE('',*,*,#1976,.F.);
#2673=ORIENTED_EDGE('',*,*,#1979,.T.);
#2674=ORIENTED_EDGE('',*,*,#1939,.T.);
#2675=ORIENTED_EDGE('',*,*,#1979,.F.);
#2676=ORIENTED_EDGE('',*,*,#1980,.T.);
#2677=ORIENTED_EDGE('',*,*,#1981,.F.);
#2678=ORIENTED_EDGE('',*,*,#1982,.F.);
#2679=ORIENTED_EDGE('',*,*,#1983,.F.);
#2680=ORIENTED_EDGE('',*,*,#1980,.F.);
#2681=ORIENTED_EDGE('',*,*,#1984,.T.);
#2682=ORIENTED_EDGE('',*,*,#1948,.T.);
#2683=ORIENTED_EDGE('',*,*,#1984,.F.);
#2684=ORIENTED_EDGE('',*,*,#1985,.T.);
#2685=ORIENTED_EDGE('',*,*,#1986,.F.);
#2686=ORIENTED_EDGE('',*,*,#1985,.F.);
#2687=ORIENTED_EDGE('',*,*,#1987,.T.);
#2688=ORIENTED_EDGE('',*,*,#1945,.T.);
#2689=ORIENTED_EDGE('',*,*,#1987,.F.);
#2690=ORIENTED_EDGE('',*,*,#1988,.T.);
#2691=ORIENTED_EDGE('',*,*,#1989,.F.);
#2692=ORIENTED_EDGE('',*,*,#1990,.F.);
#2693=ORIENTED_EDGE('',*,*,#1988,.F.);
#2694=ORIENTED_EDGE('',*,*,#1965,.T.);
#2695=ORIENTED_EDGE('',*,*,#1981,.T.);
#2696=ORIENTED_EDGE('',*,*,#1983,.T.);
#2697=ORIENTED_EDGE('',*,*,#1959,.T.);
#2698=ORIENTED_EDGE('',*,*,#1963,.F.);
#2699=ORIENTED_EDGE('',*,*,#1935,.F.);
#2700=ORIENTED_EDGE('',*,*,#1966,.T.);
#2701=ORIENTED_EDGE('',*,*,#1977,.T.);
#2702=ORIENTED_EDGE('',*,*,#1978,.T.);
#2703=ORIENTED_EDGE('',*,*,#1969,.T.);
#2704=ORIENTED_EDGE('',*,*,#1986,.T.);
#2705=ORIENTED_EDGE('',*,*,#1972,.T.);
#2706=ORIENTED_EDGE('',*,*,#1932,.F.);
#2707=ORIENTED_EDGE('',*,*,#1957,.F.);
#2708=ORIENTED_EDGE('',*,*,#1961,.T.);
#2709=ORIENTED_EDGE('',*,*,#1989,.T.);
#2710=ORIENTED_EDGE('',*,*,#1974,.T.);
#2711=ORIENTED_EDGE('',*,*,#1990,.T.);
#2712=ORIENTED_EDGE('',*,*,#1960,.T.);
#2713=ORIENTED_EDGE('',*,*,#1982,.T.);
#2714=ORIENTED_EDGE('',*,*,#1967,.T.);
#2715=ORIENTED_EDGE('',*,*,#1937,.F.);
#2716=ORIENTED_EDGE('',*,*,#1964,.F.);
#2717=ORIENTED_EDGE('',*,*,#1962,.T.);
#2718=ORIENTED_EDGE('',*,*,#1955,.F.);
#2719=ORIENTED_EDGE('',*,*,#1930,.F.);
#2720=ORIENTED_EDGE('',*,*,#1971,.T.);
#2721=ORIENTED_EDGE('',*,*,#1973,.T.);
#2722=ORIENTED_EDGE('',*,*,#1941,.T.);
#2723=ORIENTED_EDGE('',*,*,#1944,.T.);
#2724=ORIENTED_EDGE('',*,*,#1947,.T.);
#2725=ORIENTED_EDGE('',*,*,#1950,.T.);
#2726=ORIENTED_EDGE('',*,*,#1991,.F.);
#2727=ORIENTED_EDGE('',*,*,#1992,.F.);
#2728=ORIENTED_EDGE('',*,*,#1993,.F.);
#2729=ORIENTED_EDGE('',*,*,#1994,.T.);
#2730=ORIENTED_EDGE('',*,*,#1994,.F.);
#2731=ORIENTED_EDGE('',*,*,#1995,.F.);
#2732=ORIENTED_EDGE('',*,*,#1996,.T.);
#2733=ORIENTED_EDGE('',*,*,#1997,.F.);
#2734=ORIENTED_EDGE('',*,*,#1993,.T.);
#2735=ORIENTED_EDGE('',*,*,#1998,.T.);
#2736=ORIENTED_EDGE('',*,*,#1999,.T.);
#2737=ORIENTED_EDGE('',*,*,#1995,.T.);
#2738=ORIENTED_EDGE('',*,*,#2000,.T.);
#2739=ORIENTED_EDGE('',*,*,#2001,.F.);
#2740=ORIENTED_EDGE('',*,*,#2002,.T.);
#2741=ORIENTED_EDGE('',*,*,#2000,.F.);
#2742=ORIENTED_EDGE('',*,*,#2002,.F.);
#2743=ORIENTED_EDGE('',*,*,#1992,.T.);
#2744=ORIENTED_EDGE('',*,*,#2003,.F.);
#2745=ORIENTED_EDGE('',*,*,#2004,.F.);
#2746=ORIENTED_EDGE('',*,*,#1998,.F.);
#2747=ORIENTED_EDGE('',*,*,#2004,.T.);
#2748=ORIENTED_EDGE('',*,*,#2005,.F.);
#2749=ORIENTED_EDGE('',*,*,#1996,.F.);
#2750=ORIENTED_EDGE('',*,*,#1999,.F.);
#2751=ORIENTED_EDGE('',*,*,#1991,.T.);
#2752=ORIENTED_EDGE('',*,*,#1997,.T.);
#2753=ORIENTED_EDGE('',*,*,#2005,.T.);
#2754=ORIENTED_EDGE('',*,*,#2003,.T.);
#2755=ORIENTED_EDGE('',*,*,#2001,.T.);
#2756=ORIENTED_EDGE('',*,*,#2006,.F.);
#2757=ORIENTED_EDGE('',*,*,#2007,.T.);
#2758=ORIENTED_EDGE('',*,*,#2008,.F.);
#2759=ORIENTED_EDGE('',*,*,#2007,.F.);
#2760=ORIENTED_EDGE('',*,*,#2009,.F.);
#2761=ORIENTED_EDGE('',*,*,#2010,.T.);
#2762=ORIENTED_EDGE('',*,*,#2011,.F.);
#2763=ORIENTED_EDGE('',*,*,#2010,.F.);
#2764=ORIENTED_EDGE('',*,*,#2012,.F.);
#2765=ORIENTED_EDGE('',*,*,#2013,.T.);
#2766=ORIENTED_EDGE('',*,*,#2014,.F.);
#2767=ORIENTED_EDGE('',*,*,#2015,.T.);
#2768=ORIENTED_EDGE('',*,*,#2008,.T.);
#2769=ORIENTED_EDGE('',*,*,#2011,.T.);
#2770=ORIENTED_EDGE('',*,*,#2014,.T.);
#2771=ORIENTED_EDGE('',*,*,#2016,.T.);
#2772=ORIENTED_EDGE('',*,*,#2017,.T.);
#2773=ORIENTED_EDGE('',*,*,#2018,.T.);
#2774=ORIENTED_EDGE('',*,*,#2012,.T.);
#2775=ORIENTED_EDGE('',*,*,#2019,.T.);
#2776=ORIENTED_EDGE('',*,*,#2020,.T.);
#2777=ORIENTED_EDGE('',*,*,#2021,.T.);
#2778=ORIENTED_EDGE('',*,*,#2018,.F.);
#2779=ORIENTED_EDGE('',*,*,#2022,.F.);
#2780=ORIENTED_EDGE('',*,*,#2019,.F.);
#2781=ORIENTED_EDGE('',*,*,#2015,.F.);
#2782=ORIENTED_EDGE('',*,*,#2021,.F.);
#2783=ORIENTED_EDGE('',*,*,#2023,.T.);
#2784=ORIENTED_EDGE('',*,*,#2016,.F.);
#2785=ORIENTED_EDGE('',*,*,#2013,.F.);
#2786=ORIENTED_EDGE('',*,*,#2020,.F.);
#2787=ORIENTED_EDGE('',*,*,#2022,.T.);
#2788=ORIENTED_EDGE('',*,*,#2017,.F.);
#2789=ORIENTED_EDGE('',*,*,#2023,.F.);
#2790=ORIENTED_EDGE('',*,*,#2006,.T.);
#2791=ORIENTED_EDGE('',*,*,#2009,.T.);
#2792=ORIENTED_EDGE('',*,*,#2024,.T.);
#2793=ORIENTED_EDGE('',*,*,#2025,.T.);
#2794=ORIENTED_EDGE('',*,*,#2026,.T.);
#2795=ORIENTED_EDGE('',*,*,#2027,.T.);
#2796=ORIENTED_EDGE('',*,*,#2028,.T.);
#2797=ORIENTED_EDGE('',*,*,#2029,.T.);
#2798=ORIENTED_EDGE('',*,*,#2026,.F.);
#2799=ORIENTED_EDGE('',*,*,#2030,.T.);
#2800=ORIENTED_EDGE('',*,*,#2031,.T.);
#2801=ORIENTED_EDGE('',*,*,#2032,.T.);
#2802=ORIENTED_EDGE('',*,*,#2028,.F.);
#2803=ORIENTED_EDGE('',*,*,#2033,.T.);
#2804=ORIENTED_EDGE('',*,*,#2034,.T.);
#2805=ORIENTED_EDGE('',*,*,#2035,.T.);
#2806=ORIENTED_EDGE('',*,*,#2031,.F.);
#2807=ORIENTED_EDGE('',*,*,#2036,.T.);
#2808=ORIENTED_EDGE('',*,*,#2037,.T.);
#2809=ORIENTED_EDGE('',*,*,#2038,.T.);
#2810=ORIENTED_EDGE('',*,*,#2034,.F.);
#2811=ORIENTED_EDGE('',*,*,#2039,.T.);
#2812=ORIENTED_EDGE('',*,*,#2040,.T.);
#2813=ORIENTED_EDGE('',*,*,#2041,.T.);
#2814=ORIENTED_EDGE('',*,*,#2037,.F.);
#2815=ORIENTED_EDGE('',*,*,#2042,.T.);
#2816=ORIENTED_EDGE('',*,*,#2043,.T.);
#2817=ORIENTED_EDGE('',*,*,#2044,.T.);
#2818=ORIENTED_EDGE('',*,*,#2040,.F.);
#2819=ORIENTED_EDGE('',*,*,#2045,.T.);
#2820=ORIENTED_EDGE('',*,*,#2046,.T.);
#2821=ORIENTED_EDGE('',*,*,#2047,.T.);
#2822=ORIENTED_EDGE('',*,*,#2043,.F.);
#2823=ORIENTED_EDGE('',*,*,#2048,.T.);
#2824=ORIENTED_EDGE('',*,*,#2049,.T.);
#2825=ORIENTED_EDGE('',*,*,#2050,.T.);
#2826=ORIENTED_EDGE('',*,*,#2046,.F.);
#2827=ORIENTED_EDGE('',*,*,#2051,.T.);
#2828=ORIENTED_EDGE('',*,*,#2052,.T.);
#2829=ORIENTED_EDGE('',*,*,#2053,.T.);
#2830=ORIENTED_EDGE('',*,*,#2049,.F.);
#2831=ORIENTED_EDGE('',*,*,#2054,.T.);
#2832=ORIENTED_EDGE('',*,*,#2055,.T.);
#2833=ORIENTED_EDGE('',*,*,#2056,.T.);
#2834=ORIENTED_EDGE('',*,*,#2052,.F.);
#2835=ORIENTED_EDGE('',*,*,#2057,.T.);
#2836=ORIENTED_EDGE('',*,*,#2055,.F.);
#2837=ORIENTED_EDGE('',*,*,#2058,.T.);
#2838=ORIENTED_EDGE('',*,*,#2024,.F.);
#2839=ORIENTED_EDGE('',*,*,#2059,.T.);
#2840=ORIENTED_EDGE('',*,*,#2047,.F.);
#2841=ORIENTED_EDGE('',*,*,#2060,.F.);
#2842=ORIENTED_EDGE('',*,*,#2061,.F.);
#2843=ORIENTED_EDGE('',*,*,#2062,.F.);
#2844=ORIENTED_EDGE('',*,*,#2050,.F.);
#2845=ORIENTED_EDGE('',*,*,#2063,.T.);
#2846=ORIENTED_EDGE('',*,*,#2064,.T.);
#2847=ORIENTED_EDGE('',*,*,#2060,.T.);
#2848=ORIENTED_EDGE('',*,*,#2053,.F.);
#2849=ORIENTED_EDGE('',*,*,#2065,.F.);
#2850=ORIENTED_EDGE('',*,*,#2066,.F.);
#2851=ORIENTED_EDGE('',*,*,#2063,.F.);
#2852=ORIENTED_EDGE('',*,*,#2056,.F.);
#2853=ORIENTED_EDGE('',*,*,#2067,.T.);
#2854=ORIENTED_EDGE('',*,*,#2068,.T.);
#2855=ORIENTED_EDGE('',*,*,#2065,.T.);
#2856=ORIENTED_EDGE('',*,*,#2059,.F.);
#2857=ORIENTED_EDGE('',*,*,#2069,.F.);
#2858=ORIENTED_EDGE('',*,*,#2070,.F.);
#2859=ORIENTED_EDGE('',*,*,#2067,.F.);
#2860=ORIENTED_EDGE('',*,*,#2027,.F.);
#2861=ORIENTED_EDGE('',*,*,#2071,.T.);
#2862=ORIENTED_EDGE('',*,*,#2072,.T.);
#2863=ORIENTED_EDGE('',*,*,#2069,.T.);
#2864=ORIENTED_EDGE('',*,*,#2025,.F.);
#2865=ORIENTED_EDGE('',*,*,#2058,.F.);
#2866=ORIENTED_EDGE('',*,*,#2057,.F.);
#2867=ORIENTED_EDGE('',*,*,#2054,.F.);
#2868=ORIENTED_EDGE('',*,*,#2051,.F.);
#2869=ORIENTED_EDGE('',*,*,#2048,.F.);
#2870=ORIENTED_EDGE('',*,*,#2045,.F.);
#2871=ORIENTED_EDGE('',*,*,#2042,.F.);
#2872=ORIENTED_EDGE('',*,*,#2039,.F.);
#2873=ORIENTED_EDGE('',*,*,#2036,.F.);
#2874=ORIENTED_EDGE('',*,*,#2033,.F.);
#2875=ORIENTED_EDGE('',*,*,#2030,.F.);
#2876=ORIENTED_EDGE('',*,*,#2073,.F.);
#2877=ORIENTED_EDGE('',*,*,#2074,.F.);
#2878=ORIENTED_EDGE('',*,*,#2075,.F.);
#2879=ORIENTED_EDGE('',*,*,#2076,.F.);
#2880=ORIENTED_EDGE('',*,*,#2077,.T.);
#2881=ORIENTED_EDGE('',*,*,#2078,.T.);
#2882=ORIENTED_EDGE('',*,*,#2079,.T.);
#2883=ORIENTED_EDGE('',*,*,#2080,.T.);
#2884=ORIENTED_EDGE('',*,*,#2081,.T.);
#2885=ORIENTED_EDGE('',*,*,#2082,.T.);
#2886=ORIENTED_EDGE('',*,*,#2083,.T.);
#2887=ORIENTED_EDGE('',*,*,#2084,.T.);
#2888=ORIENTED_EDGE('',*,*,#2075,.T.);
#2889=ORIENTED_EDGE('',*,*,#2085,.T.);
#2890=ORIENTED_EDGE('',*,*,#2086,.T.);
#2891=ORIENTED_EDGE('',*,*,#2087,.F.);
#2892=ORIENTED_EDGE('',*,*,#2073,.T.);
#2893=ORIENTED_EDGE('',*,*,#2088,.T.);
#2894=ORIENTED_EDGE('',*,*,#2089,.T.);
#2895=ORIENTED_EDGE('',*,*,#2090,.T.);
#2896=ORIENTED_EDGE('',*,*,#2091,.T.);
#2897=ORIENTED_EDGE('',*,*,#2088,.F.);
#2898=ORIENTED_EDGE('',*,*,#2076,.T.);
#2899=ORIENTED_EDGE('',*,*,#2087,.T.);
#2900=ORIENTED_EDGE('',*,*,#2074,.T.);
#2901=ORIENTED_EDGE('',*,*,#2090,.F.);
#2902=ORIENTED_EDGE('',*,*,#2092,.T.);
#2903=ORIENTED_EDGE('',*,*,#2085,.F.);
#2904=ORIENTED_EDGE('',*,*,#2092,.F.);
#2905=ORIENTED_EDGE('',*,*,#2093,.T.);
#2906=ORIENTED_EDGE('',*,*,#2094,.F.);
#2907=ORIENTED_EDGE('',*,*,#2095,.F.);
#2908=ORIENTED_EDGE('',*,*,#2089,.F.);
#2909=ORIENTED_EDGE('',*,*,#2096,.T.);
#2910=ORIENTED_EDGE('',*,*,#2097,.F.);
#2911=ORIENTED_EDGE('',*,*,#2093,.F.);
#2912=ORIENTED_EDGE('',*,*,#2091,.F.);
#2913=ORIENTED_EDGE('',*,*,#2098,.T.);
#2914=ORIENTED_EDGE('',*,*,#2099,.F.);
#2915=ORIENTED_EDGE('',*,*,#2096,.F.);
#2916=ORIENTED_EDGE('',*,*,#2086,.F.);
#2917=ORIENTED_EDGE('',*,*,#2095,.T.);
#2918=ORIENTED_EDGE('',*,*,#2100,.F.);
#2919=ORIENTED_EDGE('',*,*,#2098,.F.);
#2920=ORIENTED_EDGE('',*,*,#2072,.F.);
#2921=ORIENTED_EDGE('',*,*,#2101,.T.);
#2922=ORIENTED_EDGE('',*,*,#2102,.F.);
#2923=ORIENTED_EDGE('',*,*,#2103,.F.);
#2924=ORIENTED_EDGE('',*,*,#2104,.F.);
#2925=ORIENTED_EDGE('',*,*,#2105,.F.);
#2926=ORIENTED_EDGE('',*,*,#2106,.F.);
#2927=ORIENTED_EDGE('',*,*,#2061,.T.);
#2928=ORIENTED_EDGE('',*,*,#2064,.F.);
#2929=ORIENTED_EDGE('',*,*,#2066,.T.);
#2930=ORIENTED_EDGE('',*,*,#2068,.F.);
#2931=ORIENTED_EDGE('',*,*,#2070,.T.);
#2932=ORIENTED_EDGE('',*,*,#2107,.T.);
#2933=ORIENTED_EDGE('',*,*,#2108,.T.);
#2934=ORIENTED_EDGE('',*,*,#2109,.T.);
#2935=ORIENTED_EDGE('',*,*,#2110,.T.);
#2936=ORIENTED_EDGE('',*,*,#2111,.F.);
#2937=ORIENTED_EDGE('',*,*,#2112,.F.);
#2938=ORIENTED_EDGE('',*,*,#2113,.F.);
#2939=ORIENTED_EDGE('',*,*,#2114,.F.);
#2940=ORIENTED_EDGE('',*,*,#2097,.T.);
#2941=ORIENTED_EDGE('',*,*,#2099,.T.);
#2942=ORIENTED_EDGE('',*,*,#2100,.T.);
#2943=ORIENTED_EDGE('',*,*,#2094,.T.);
#2944=ORIENTED_EDGE('',*,*,#2029,.F.);
#2945=ORIENTED_EDGE('',*,*,#2115,.F.);
#2946=ORIENTED_EDGE('',*,*,#2101,.F.);
#2947=ORIENTED_EDGE('',*,*,#2071,.F.);
#2948=ORIENTED_EDGE('',*,*,#2032,.F.);
#2949=ORIENTED_EDGE('',*,*,#2116,.T.);
#2950=ORIENTED_EDGE('',*,*,#2102,.T.);
#2951=ORIENTED_EDGE('',*,*,#2115,.T.);
#2952=ORIENTED_EDGE('',*,*,#2044,.F.);
#2953=ORIENTED_EDGE('',*,*,#2062,.T.);
#2954=ORIENTED_EDGE('',*,*,#2106,.T.);
#2955=ORIENTED_EDGE('',*,*,#2117,.T.);
#2956=ORIENTED_EDGE('',*,*,#2041,.F.);
#2957=ORIENTED_EDGE('',*,*,#2117,.F.);
#2958=ORIENTED_EDGE('',*,*,#2105,.T.);
#2959=ORIENTED_EDGE('',*,*,#2118,.F.);
#2960=ORIENTED_EDGE('',*,*,#2038,.F.);
#2961=ORIENTED_EDGE('',*,*,#2118,.T.);
#2962=ORIENTED_EDGE('',*,*,#2104,.T.);
#2963=ORIENTED_EDGE('',*,*,#2119,.T.);
#2964=ORIENTED_EDGE('',*,*,#2035,.F.);
#2965=ORIENTED_EDGE('',*,*,#2119,.F.);
#2966=ORIENTED_EDGE('',*,*,#2103,.T.);
#2967=ORIENTED_EDGE('',*,*,#2116,.F.);
#2968=ORIENTED_EDGE('',*,*,#2107,.F.);
#2969=ORIENTED_EDGE('',*,*,#2120,.T.);
#2970=ORIENTED_EDGE('',*,*,#2077,.F.);
#2971=ORIENTED_EDGE('',*,*,#2120,.F.);
#2972=ORIENTED_EDGE('',*,*,#2108,.F.);
#2973=ORIENTED_EDGE('',*,*,#2121,.T.);
#2974=ORIENTED_EDGE('',*,*,#2078,.F.);
#2975=ORIENTED_EDGE('',*,*,#2121,.F.);
#2976=ORIENTED_EDGE('',*,*,#2109,.F.);
#2977=ORIENTED_EDGE('',*,*,#2122,.T.);
#2978=ORIENTED_EDGE('',*,*,#2079,.F.);
#2979=ORIENTED_EDGE('',*,*,#2122,.F.);
#2980=ORIENTED_EDGE('',*,*,#2110,.F.);
#2981=ORIENTED_EDGE('',*,*,#2123,.T.);
#2982=ORIENTED_EDGE('',*,*,#2080,.F.);
#2983=ORIENTED_EDGE('',*,*,#2123,.F.);
#2984=ORIENTED_EDGE('',*,*,#2084,.F.);
#2985=ORIENTED_EDGE('',*,*,#2124,.T.);
#2986=ORIENTED_EDGE('',*,*,#2114,.T.);
#2987=ORIENTED_EDGE('',*,*,#2124,.F.);
#2988=ORIENTED_EDGE('',*,*,#2083,.F.);
#2989=ORIENTED_EDGE('',*,*,#2125,.T.);
#2990=ORIENTED_EDGE('',*,*,#2113,.T.);
#2991=ORIENTED_EDGE('',*,*,#2125,.F.);
#2992=ORIENTED_EDGE('',*,*,#2082,.F.);
#2993=ORIENTED_EDGE('',*,*,#2126,.T.);
#2994=ORIENTED_EDGE('',*,*,#2112,.T.);
#2995=ORIENTED_EDGE('',*,*,#2126,.F.);
#2996=ORIENTED_EDGE('',*,*,#2081,.F.);
#2997=ORIENTED_EDGE('',*,*,#2127,.T.);
#2998=ORIENTED_EDGE('',*,*,#2111,.T.);
#2999=ORIENTED_EDGE('',*,*,#2127,.F.);
#3000=ORIENTED_EDGE('',*,*,#2128,.F.);
#3001=ORIENTED_EDGE('',*,*,#2129,.T.);
#3002=ORIENTED_EDGE('',*,*,#2130,.T.);
#3003=ORIENTED_EDGE('',*,*,#2129,.F.);
#3004=ORIENTED_EDGE('',*,*,#2130,.F.);
#3005=ORIENTED_EDGE('',*,*,#2131,.F.);
#3006=ORIENTED_EDGE('',*,*,#2132,.T.);
#3007=ORIENTED_EDGE('',*,*,#2133,.T.);
#3008=ORIENTED_EDGE('',*,*,#2132,.F.);
#3009=ORIENTED_EDGE('',*,*,#2133,.F.);
#3010=ORIENTED_EDGE('',*,*,#2134,.T.);
#3011=ORIENTED_EDGE('',*,*,#2135,.T.);
#3012=ORIENTED_EDGE('',*,*,#2136,.T.);
#3013=ORIENTED_EDGE('',*,*,#2137,.T.);
#3014=ORIENTED_EDGE('',*,*,#2138,.T.);
#3015=ORIENTED_EDGE('',*,*,#2139,.T.);
#3016=ORIENTED_EDGE('',*,*,#2136,.F.);
#3017=ORIENTED_EDGE('',*,*,#2140,.T.);
#3018=ORIENTED_EDGE('',*,*,#2141,.T.);
#3019=ORIENTED_EDGE('',*,*,#2142,.T.);
#3020=ORIENTED_EDGE('',*,*,#2138,.F.);
#3021=ORIENTED_EDGE('',*,*,#2143,.T.);
#3022=ORIENTED_EDGE('',*,*,#2144,.T.);
#3023=ORIENTED_EDGE('',*,*,#2145,.T.);
#3024=ORIENTED_EDGE('',*,*,#2141,.F.);
#3025=ORIENTED_EDGE('',*,*,#2146,.T.);
#3026=ORIENTED_EDGE('',*,*,#2147,.T.);
#3027=ORIENTED_EDGE('',*,*,#2148,.T.);
#3028=ORIENTED_EDGE('',*,*,#2144,.F.);
#3029=ORIENTED_EDGE('',*,*,#2149,.T.);
#3030=ORIENTED_EDGE('',*,*,#2150,.T.);
#3031=ORIENTED_EDGE('',*,*,#2151,.T.);
#3032=ORIENTED_EDGE('',*,*,#2147,.F.);
#3033=ORIENTED_EDGE('',*,*,#2152,.T.);
#3034=ORIENTED_EDGE('',*,*,#2153,.T.);
#3035=ORIENTED_EDGE('',*,*,#2154,.T.);
#3036=ORIENTED_EDGE('',*,*,#2150,.F.);
#3037=ORIENTED_EDGE('',*,*,#2155,.T.);
#3038=ORIENTED_EDGE('',*,*,#2134,.F.);
#3039=ORIENTED_EDGE('',*,*,#2156,.T.);
#3040=ORIENTED_EDGE('',*,*,#2153,.F.);
#3041=ORIENTED_EDGE('',*,*,#2157,.T.);
#3042=ORIENTED_EDGE('',*,*,#2151,.F.);
#3043=ORIENTED_EDGE('',*,*,#2158,.T.);
#3044=ORIENTED_EDGE('',*,*,#2159,.F.);
#3045=ORIENTED_EDGE('',*,*,#2160,.F.);
#3046=ORIENTED_EDGE('',*,*,#2154,.F.);
#3047=ORIENTED_EDGE('',*,*,#2161,.T.);
#3048=ORIENTED_EDGE('',*,*,#2162,.F.);
#3049=ORIENTED_EDGE('',*,*,#2158,.F.);
#3050=ORIENTED_EDGE('',*,*,#2156,.F.);
#3051=ORIENTED_EDGE('',*,*,#2163,.T.);
#3052=ORIENTED_EDGE('',*,*,#2164,.F.);
#3053=ORIENTED_EDGE('',*,*,#2161,.F.);
#3054=ORIENTED_EDGE('',*,*,#2137,.F.);
#3055=ORIENTED_EDGE('',*,*,#2165,.T.);
#3056=ORIENTED_EDGE('',*,*,#2166,.F.);
#3057=ORIENTED_EDGE('',*,*,#2163,.F.);
#3058=ORIENTED_EDGE('',*,*,#2135,.F.);
#3059=ORIENTED_EDGE('',*,*,#2157,.F.);
#3060=ORIENTED_EDGE('',*,*,#2155,.F.);
#3061=ORIENTED_EDGE('',*,*,#2152,.F.);
#3062=ORIENTED_EDGE('',*,*,#2149,.F.);
#3063=ORIENTED_EDGE('',*,*,#2146,.F.);
#3064=ORIENTED_EDGE('',*,*,#2143,.F.);
#3065=ORIENTED_EDGE('',*,*,#2140,.F.);
#3066=ORIENTED_EDGE('',*,*,#2167,.F.);
#3067=ORIENTED_EDGE('',*,*,#2168,.F.);
#3068=ORIENTED_EDGE('',*,*,#2169,.F.);
#3069=ORIENTED_EDGE('',*,*,#2170,.F.);
#3070=ORIENTED_EDGE('',*,*,#2171,.F.);
#3071=ORIENTED_EDGE('',*,*,#2172,.F.);
#3072=ORIENTED_EDGE('',*,*,#2173,.F.);
#3073=ORIENTED_EDGE('',*,*,#2174,.F.);
#3074=ORIENTED_EDGE('',*,*,#2175,.F.);
#3075=ORIENTED_EDGE('',*,*,#2176,.F.);
#3076=ORIENTED_EDGE('',*,*,#2177,.F.);
#3077=ORIENTED_EDGE('',*,*,#2178,.F.);
#3078=ORIENTED_EDGE('',*,*,#2179,.F.);
#3079=ORIENTED_EDGE('',*,*,#2180,.F.);
#3080=ORIENTED_EDGE('',*,*,#2167,.T.);
#3081=ORIENTED_EDGE('',*,*,#2181,.T.);
#3082=ORIENTED_EDGE('',*,*,#2182,.T.);
#3083=ORIENTED_EDGE('',*,*,#2183,.T.);
#3084=ORIENTED_EDGE('',*,*,#2181,.F.);
#3085=ORIENTED_EDGE('',*,*,#2174,.T.);
#3086=ORIENTED_EDGE('',*,*,#2184,.F.);
#3087=ORIENTED_EDGE('',*,*,#2185,.F.);
#3088=ORIENTED_EDGE('',*,*,#2169,.T.);
#3089=ORIENTED_EDGE('',*,*,#2186,.T.);
#3090=ORIENTED_EDGE('',*,*,#2187,.T.);
#3091=ORIENTED_EDGE('',*,*,#2188,.T.);
#3092=ORIENTED_EDGE('',*,*,#2183,.F.);
#3093=ORIENTED_EDGE('',*,*,#2189,.F.);
#3094=ORIENTED_EDGE('',*,*,#2186,.F.);
#3095=ORIENTED_EDGE('',*,*,#2168,.T.);
#3096=ORIENTED_EDGE('',*,*,#2171,.T.);
#3097=ORIENTED_EDGE('',*,*,#2190,.T.);
#3098=ORIENTED_EDGE('',*,*,#2191,.T.);
#3099=ORIENTED_EDGE('',*,*,#2192,.T.);
#3100=ORIENTED_EDGE('',*,*,#2188,.F.);
#3101=ORIENTED_EDGE('',*,*,#2193,.F.);
#3102=ORIENTED_EDGE('',*,*,#2190,.F.);
#3103=ORIENTED_EDGE('',*,*,#2170,.T.);
#3104=ORIENTED_EDGE('',*,*,#2173,.T.);
#3105=ORIENTED_EDGE('',*,*,#2194,.T.);
#3106=ORIENTED_EDGE('',*,*,#2195,.T.);
#3107=ORIENTED_EDGE('',*,*,#2184,.T.);
#3108=ORIENTED_EDGE('',*,*,#2192,.F.);
#3109=ORIENTED_EDGE('',*,*,#2196,.F.);
#3110=ORIENTED_EDGE('',*,*,#2194,.F.);
#3111=ORIENTED_EDGE('',*,*,#2172,.T.);
#3112=ORIENTED_EDGE('',*,*,#2197,.F.);
#3113=ORIENTED_EDGE('',*,*,#2198,.T.);
#3114=ORIENTED_EDGE('',*,*,#2199,.T.);
#3115=ORIENTED_EDGE('',*,*,#2198,.F.);
#3116=ORIENTED_EDGE('',*,*,#2199,.F.);
#3117=ORIENTED_EDGE('',*,*,#2200,.F.);
#3118=ORIENTED_EDGE('',*,*,#2201,.F.);
#3119=ORIENTED_EDGE('',*,*,#2202,.T.);
#3120=ORIENTED_EDGE('',*,*,#2203,.T.);
#3121=ORIENTED_EDGE('',*,*,#2202,.F.);
#3122=ORIENTED_EDGE('',*,*,#2203,.F.);
#3123=ORIENTED_EDGE('',*,*,#2204,.F.);
#3124=ORIENTED_EDGE('',*,*,#2205,.F.);
#3125=ORIENTED_EDGE('',*,*,#2206,.T.);
#3126=ORIENTED_EDGE('',*,*,#2175,.T.);
#3127=ORIENTED_EDGE('',*,*,#2206,.F.);
#3128=ORIENTED_EDGE('',*,*,#2200,.T.);
#3129=ORIENTED_EDGE('',*,*,#2207,.T.);
#3130=ORIENTED_EDGE('',*,*,#2176,.T.);
#3131=ORIENTED_EDGE('',*,*,#2207,.F.);
#3132=ORIENTED_EDGE('',*,*,#2204,.T.);
#3133=ORIENTED_EDGE('',*,*,#2208,.T.);
#3134=ORIENTED_EDGE('',*,*,#2177,.T.);
#3135=ORIENTED_EDGE('',*,*,#2208,.F.);
#3136=ORIENTED_EDGE('',*,*,#2209,.F.);
#3137=ORIENTED_EDGE('',*,*,#2210,.T.);
#3138=ORIENTED_EDGE('',*,*,#2178,.T.);
#3139=ORIENTED_EDGE('',*,*,#2210,.F.);
#3140=ORIENTED_EDGE('',*,*,#2211,.F.);
#3141=ORIENTED_EDGE('',*,*,#2212,.T.);
#3142=ORIENTED_EDGE('',*,*,#2179,.T.);
#3143=ORIENTED_EDGE('',*,*,#2212,.F.);
#3144=ORIENTED_EDGE('',*,*,#2213,.F.);
#3145=ORIENTED_EDGE('',*,*,#2214,.T.);
#3146=ORIENTED_EDGE('',*,*,#2180,.T.);
#3147=ORIENTED_EDGE('',*,*,#2214,.F.);
#3148=ORIENTED_EDGE('',*,*,#2148,.F.);
#3149=ORIENTED_EDGE('',*,*,#2160,.T.);
#3150=ORIENTED_EDGE('',*,*,#2215,.F.);
#3151=ORIENTED_EDGE('',*,*,#2216,.F.);
#3152=ORIENTED_EDGE('',*,*,#2145,.F.);
#3153=ORIENTED_EDGE('',*,*,#2216,.T.);
#3154=ORIENTED_EDGE('',*,*,#2217,.F.);
#3155=ORIENTED_EDGE('',*,*,#2218,.F.);
#3156=ORIENTED_EDGE('',*,*,#2142,.F.);
#3157=ORIENTED_EDGE('',*,*,#2218,.T.);
#3158=ORIENTED_EDGE('',*,*,#2219,.F.);
#3159=ORIENTED_EDGE('',*,*,#2220,.F.);
#3160=ORIENTED_EDGE('',*,*,#2139,.F.);
#3161=ORIENTED_EDGE('',*,*,#2220,.T.);
#3162=ORIENTED_EDGE('',*,*,#2221,.F.);
#3163=ORIENTED_EDGE('',*,*,#2165,.F.);
#3164=ORIENTED_EDGE('',*,*,#2164,.T.);
#3165=ORIENTED_EDGE('',*,*,#2166,.T.);
#3166=ORIENTED_EDGE('',*,*,#2221,.T.);
#3167=ORIENTED_EDGE('',*,*,#2219,.T.);
#3168=ORIENTED_EDGE('',*,*,#2217,.T.);
#3169=ORIENTED_EDGE('',*,*,#2215,.T.);
#3170=ORIENTED_EDGE('',*,*,#2159,.T.);
#3171=ORIENTED_EDGE('',*,*,#2162,.T.);
#3172=ORIENTED_EDGE('',*,*,#2197,.T.);
#3173=ORIENTED_EDGE('',*,*,#2201,.T.);
#3174=ORIENTED_EDGE('',*,*,#2213,.T.);
#3175=ORIENTED_EDGE('',*,*,#2211,.T.);
#3176=ORIENTED_EDGE('',*,*,#2209,.T.);
#3177=ORIENTED_EDGE('',*,*,#2205,.T.);
#3178=ORIENTED_EDGE('',*,*,#2185,.T.);
#3179=ORIENTED_EDGE('',*,*,#2195,.F.);
#3180=ORIENTED_EDGE('',*,*,#2196,.T.);
#3181=ORIENTED_EDGE('',*,*,#2191,.F.);
#3182=ORIENTED_EDGE('',*,*,#2193,.T.);
#3183=ORIENTED_EDGE('',*,*,#2187,.F.);
#3184=ORIENTED_EDGE('',*,*,#2189,.T.);
#3185=ORIENTED_EDGE('',*,*,#2182,.F.);
#3186=ORIENTED_EDGE('',*,*,#2131,.T.);
#3187=ORIENTED_EDGE('',*,*,#2128,.T.);
#3188=CYLINDRICAL_SURFACE('',#3498,0.800000000000001);
#3189=CYLINDRICAL_SURFACE('',#3501,0.8);
#3190=CYLINDRICAL_SURFACE('',#3505,0.800000000000001);
#3191=CYLINDRICAL_SURFACE('',#3508,0.8);
#3192=CYLINDRICAL_SURFACE('',#3512,0.800000000000001);
#3193=CYLINDRICAL_SURFACE('',#3515,0.800000000000002);
#3194=CYLINDRICAL_SURFACE('',#3519,0.800000000000001);
#3195=CYLINDRICAL_SURFACE('',#3522,0.800000000000001);
#3196=CYLINDRICAL_SURFACE('',#3535,2.5);
#3197=CYLINDRICAL_SURFACE('',#3539,0.85);
#3198=CYLINDRICAL_SURFACE('',#3541,1.5);
#3199=CYLINDRICAL_SURFACE('',#3543,0.85);
#3200=CYLINDRICAL_SURFACE('',#3545,0.85);
#3201=CYLINDRICAL_SURFACE('',#3547,0.85);
#3202=CYLINDRICAL_SURFACE('',#3549,0.850000000000004);
#3203=CYLINDRICAL_SURFACE('',#3551,1.5);
#3204=CYLINDRICAL_SURFACE('',#3553,0.85);
#3205=CYLINDRICAL_SURFACE('',#3583,3.);
#3206=CYLINDRICAL_SURFACE('',#3587,3.);
#3207=CYLINDRICAL_SURFACE('',#3591,3.);
#3208=CYLINDRICAL_SURFACE('',#3596,3.);
#3209=CYLINDRICAL_SURFACE('',#3602,1.35);
#3210=CYLINDRICAL_SURFACE('',#3604,0.85);
#3211=CYLINDRICAL_SURFACE('',#3606,1.35);
#3212=CYLINDRICAL_SURFACE('',#3608,1.35);
#3213=CYLINDRICAL_SURFACE('',#3617,1.35);
#3214=CYLINDRICAL_SURFACE('',#3620,1.5);
#3215=CYLINDRICAL_SURFACE('',#3623,1.4);
#3216=CYLINDRICAL_SURFACE('',#3626,0.85);
#3217=CYLINDRICAL_SURFACE('',#3630,3.);
#3218=CYLINDRICAL_SURFACE('',#3634,3.00000000000001);
#3219=CYLINDRICAL_SURFACE('',#3640,3.00000000000001);
#3220=CYLINDRICAL_SURFACE('',#3644,3.00000000000001);
#3221=CYLINDRICAL_SURFACE('',#3655,0.945);
#3222=CYLINDRICAL_SURFACE('',#3658,0.945);
#3223=CYLINDRICAL_SURFACE('',#3661,0.945);
#3224=CYLINDRICAL_SURFACE('',#3664,0.945);
#3225=CYLINDRICAL_SURFACE('',#3667,0.85);
#3226=CYLINDRICAL_SURFACE('',#3669,0.850000000000004);
#3227=CYLINDRICAL_SURFACE('',#3671,2.5);
#3228=CYLINDRICAL_SURFACE('',#3675,2.5);
#3229=CYLINDRICAL_SURFACE('',#3681,2.);
#3230=CYLINDRICAL_SURFACE('',#3686,1.99999999999999);
#3231=CYLINDRICAL_SURFACE('',#3692,2.);
#3232=CYLINDRICAL_SURFACE('',#3696,1.99999999999999);
#3233=CYLINDRICAL_SURFACE('',#3703,2.5);
#3234=CYLINDRICAL_SURFACE('',#3710,0.850000000000004);
#3235=CYLINDRICAL_SURFACE('',#3713,2.5);
#3236=CYLINDRICAL_SURFACE('',#3716,0.850000000000009);
#3237=CYLINDRICAL_SURFACE('',#3719,0.85655097877642);
#3238=CYLINDRICAL_SURFACE('',#3725,5.);
#3239=CYLINDRICAL_SURFACE('',#3727,5.);
#3240=CYLINDRICAL_SURFACE('',#3737,0.5);
#3241=CYLINDRICAL_SURFACE('',#3743,0.5);
#3242=CYLINDRICAL_SURFACE('',#3749,0.5);
#3243=CYLINDRICAL_SURFACE('',#3755,0.5);
#3244=CYLINDRICAL_SURFACE('',#3761,0.5);
#3245=CYLINDRICAL_SURFACE('',#3767,0.5);
#3246=CYLINDRICAL_SURFACE('',#3769,4.);
#3247=CYLINDRICAL_SURFACE('',#3772,4.);
#3248=CYLINDRICAL_SURFACE('',#3775,4.);
#3249=CYLINDRICAL_SURFACE('',#3786,0.5);
#3250=CYLINDRICAL_SURFACE('',#3789,0.5);
#3251=CYLINDRICAL_SURFACE('',#3792,0.5);
#3252=CYLINDRICAL_SURFACE('',#3793,0.5);
#3253=CYLINDRICAL_SURFACE('',#3811,4.);
#3254=CYLINDRICAL_SURFACE('',#3812,4.);
#3255=CYLINDRICAL_SURFACE('',#3814,4.);
#3256=CYLINDRICAL_SURFACE('',#3816,1.25);
#3257=CYLINDRICAL_SURFACE('',#3817,1.25);
#3258=CYLINDRICAL_SURFACE('',#3818,1.25);
#3259=CYLINDRICAL_SURFACE('',#3819,1.25);
#3260=CYLINDRICAL_SURFACE('',#3820,1.6);
#3261=CYLINDRICAL_SURFACE('',#3821,1.6);
#3262=CYLINDRICAL_SURFACE('',#3822,1.6);
#3263=CYLINDRICAL_SURFACE('',#3823,1.6);
#3264=CYLINDRICAL_SURFACE('',#3824,4.);
#3265=CYLINDRICAL_SURFACE('',#3828,4.);
#3266=CYLINDRICAL_SURFACE('',#3832,0.5);
#3267=CYLINDRICAL_SURFACE('',#3839,0.5);
#3268=CYLINDRICAL_SURFACE('',#3845,0.5);
#3269=CYLINDRICAL_SURFACE('',#3851,0.5);
#3270=CYLINDRICAL_SURFACE('',#3856,3.);
#3271=CYLINDRICAL_SURFACE('',#3859,3.);
#3272=CYLINDRICAL_SURFACE('',#3873,2.);
#3273=CYLINDRICAL_SURFACE('',#3876,2.);
#3274=CYLINDRICAL_SURFACE('',#3879,2.);
#3275=CYLINDRICAL_SURFACE('',#3882,2.);
#3276=CYLINDRICAL_SURFACE('',#3885,3.);
#3277=CYLINDRICAL_SURFACE('',#3890,2.99999999999999);
#3278=CYLINDRICAL_SURFACE('',#3895,0.8);
#3279=CYLINDRICAL_SURFACE('',#3897,1.6);
#3280=CYLINDRICAL_SURFACE('',#3898,1.6);
#3281=CYLINDRICAL_SURFACE('',#3899,0.800000000000002);
#3282=CYLINDRICAL_SURFACE('',#3901,0.800000000000001);
#3283=CYLINDRICAL_SURFACE('',#3903,0.8);
#3284=CYLINDRICAL_SURFACE('',#3906,5.);
#3285=CYLINDRICAL_SURFACE('',#3909,5.);
#3286=ADVANCED_FACE('',(#238),#3188,.F.);
#3287=ADVANCED_FACE('',(#239),#3189,.F.);
#3288=ADVANCED_FACE('',(#240),#3190,.F.);
#3289=ADVANCED_FACE('',(#241),#3191,.F.);
#3290=ADVANCED_FACE('',(#242),#3192,.F.);
#3291=ADVANCED_FACE('',(#243),#3193,.F.);
#3292=ADVANCED_FACE('',(#244),#3194,.F.);
#3293=ADVANCED_FACE('',(#245),#3195,.F.);
#3294=ADVANCED_FACE('',(#246,#51,#52,#53,#54,#55,#56,#57,#58,#59,#60,#61,
#62),#149,.F.);
#3295=ADVANCED_FACE('',(#247),#3196,.T.);
#3296=ADVANCED_FACE('',(#248),#150,.T.);
#3297=ADVANCED_FACE('',(#249),#3197,.F.);
#3298=ADVANCED_FACE('',(#250),#3198,.F.);
#3299=ADVANCED_FACE('',(#251),#3199,.F.);
#3300=ADVANCED_FACE('',(#252),#3200,.F.);
#3301=ADVANCED_FACE('',(#253),#3201,.F.);
#3302=ADVANCED_FACE('',(#254),#3202,.F.);
#3303=ADVANCED_FACE('',(#255),#3203,.F.);
#3304=ADVANCED_FACE('',(#256),#3204,.F.);
#3305=ADVANCED_FACE('',(#257),#151,.T.);
#3306=ADVANCED_FACE('',(#258),#152,.T.);
#3307=ADVANCED_FACE('',(#259),#153,.T.);
#3308=ADVANCED_FACE('',(#260),#154,.T.);
#3309=ADVANCED_FACE('',(#261),#155,.T.);
#3310=ADVANCED_FACE('',(#262),#156,.T.);
#3311=ADVANCED_FACE('',(#263,#63,#64,#65,#66,#67,#68,#69,#70,#71,#72,#73,
#74,#75,#76,#77,#78),#157,.T.);
#3312=ADVANCED_FACE('',(#264),#27,.T.);
#3313=ADVANCED_FACE('',(#265,#79),#158,.T.);
#3314=ADVANCED_FACE('',(#266),#28,.T.);
#3315=ADVANCED_FACE('',(#267,#80),#159,.T.);
#3316=ADVANCED_FACE('',(#268),#13,.F.);
#3317=ADVANCED_FACE('',(#269),#160,.T.);
#3318=ADVANCED_FACE('',(#270),#3205,.T.);
#3319=ADVANCED_FACE('',(#271),#14,.F.);
#3320=ADVANCED_FACE('',(#272),#3206,.T.);
#3321=ADVANCED_FACE('',(#273),#15,.F.);
#3322=ADVANCED_FACE('',(#274),#3207,.T.);
#3323=ADVANCED_FACE('',(#275),#16,.F.);
#3324=ADVANCED_FACE('',(#276),#3208,.T.);
#3325=ADVANCED_FACE('',(#277,#81),#161,.T.);
#3326=ADVANCED_FACE('',(#278,#82),#162,.T.);
#3327=ADVANCED_FACE('',(#279),#3209,.F.);
#3328=ADVANCED_FACE('',(#280),#3210,.F.);
#3329=ADVANCED_FACE('',(#281),#3211,.F.);
#3330=ADVANCED_FACE('',(#282),#3212,.F.);
#3331=ADVANCED_FACE('',(#283),#163,.T.);
#3332=ADVANCED_FACE('',(#284),#164,.T.);
#3333=ADVANCED_FACE('',(#285),#165,.T.);
#3334=ADVANCED_FACE('',(#286),#166,.T.);
#3335=ADVANCED_FACE('',(#287),#167,.T.);
#3336=ADVANCED_FACE('',(#288),#168,.T.);
#3337=ADVANCED_FACE('',(#289,#83,#84,#85,#86),#169,.F.);
#3338=ADVANCED_FACE('',(#290),#3213,.F.);
#3339=ADVANCED_FACE('',(#291),#3214,.F.);
#3340=ADVANCED_FACE('',(#292),#3215,.F.);
#3341=ADVANCED_FACE('',(#293),#3216,.F.);
#3342=ADVANCED_FACE('',(#294),#170,.T.);
#3343=ADVANCED_FACE('',(#295),#3217,.T.);
#3344=ADVANCED_FACE('',(#296),#171,.T.);
#3345=ADVANCED_FACE('',(#297),#3218,.T.);
#3346=ADVANCED_FACE('',(#298),#172,.T.);
#3347=ADVANCED_FACE('',(#299),#173,.T.);
#3348=ADVANCED_FACE('',(#300),#174,.T.);
#3349=ADVANCED_FACE('',(#301),#3219,.T.);
#3350=ADVANCED_FACE('',(#302),#175,.T.);
#3351=ADVANCED_FACE('',(#303),#3220,.T.);
#3352=ADVANCED_FACE('',(#304,#87,#88,#89,#90),#176,.T.);
#3353=ADVANCED_FACE('',(#305,#91,#92,#93,#94),#177,.F.);
#3354=ADVANCED_FACE('',(#306,#95),#178,.T.);
#3355=ADVANCED_FACE('',(#307,#96),#179,.T.);
#3356=ADVANCED_FACE('',(#308),#3221,.F.);
#3357=ADVANCED_FACE('',(#309),#3222,.F.);
#3358=ADVANCED_FACE('',(#310),#3223,.F.);
#3359=ADVANCED_FACE('',(#311),#3224,.F.);
#3360=ADVANCED_FACE('',(#312),#3225,.F.);
#3361=ADVANCED_FACE('',(#313),#3226,.F.);
#3362=ADVANCED_FACE('',(#314),#3227,.T.);
#3363=ADVANCED_FACE('',(#315,#97,#98),#180,.F.);
#3364=ADVANCED_FACE('',(#316),#3228,.T.);
#3365=ADVANCED_FACE('',(#317),#181,.F.);
#3366=ADVANCED_FACE('',(#318),#182,.F.);
#3367=ADVANCED_FACE('',(#319),#183,.F.);
#3368=ADVANCED_FACE('',(#320,#99),#184,.T.);
#3369=ADVANCED_FACE('',(#321),#3229,.T.);
#3370=ADVANCED_FACE('',(#322,#100),#185,.T.);
#3371=ADVANCED_FACE('',(#323),#3230,.T.);
#3372=ADVANCED_FACE('',(#324,#101),#186,.T.);
#3373=ADVANCED_FACE('',(#325),#3231,.T.);
#3374=ADVANCED_FACE('',(#326,#102),#187,.T.);
#3375=ADVANCED_FACE('',(#327),#3232,.T.);
#3376=ADVANCED_FACE('',(#328),#188,.T.);
#3377=ADVANCED_FACE('',(#329),#189,.T.);
#3378=ADVANCED_FACE('',(#330),#190,.T.);
#3379=ADVANCED_FACE('',(#331,#103,#104,#105,#106),#191,.T.);
#3380=ADVANCED_FACE('',(#332),#3233,.T.);
#3381=ADVANCED_FACE('',(#333),#192,.T.);
#3382=ADVANCED_FACE('',(#334,#107),#193,.F.);
#3383=ADVANCED_FACE('',(#335),#3234,.F.);
#3384=ADVANCED_FACE('',(#336),#194,.T.);
#3385=ADVANCED_FACE('',(#337),#3235,.T.);
#3386=ADVANCED_FACE('',(#338,#108),#195,.T.);
#3387=ADVANCED_FACE('',(#339),#3236,.F.);
#3388=ADVANCED_FACE('',(#340),#3237,.F.);
#3389=ADVANCED_FACE('',(#341,#109,#110),#196,.T.);
#3390=ADVANCED_FACE('',(#342),#3238,.T.);
#3391=ADVANCED_FACE('',(#343),#3239,.T.);
#3392=ADVANCED_FACE('',(#344),#197,.T.);
#3393=ADVANCED_FACE('',(#345),#198,.T.);
#3394=ADVANCED_FACE('',(#346,#111,#112),#199,.F.);
#3395=ADVANCED_FACE('',(#347),#17,.T.);
#3396=ADVANCED_FACE('',(#348),#3240,.T.);
#3397=ADVANCED_FACE('',(#349),#18,.T.);
#3398=ADVANCED_FACE('',(#350),#3241,.T.);
#3399=ADVANCED_FACE('',(#351),#19,.T.);
#3400=ADVANCED_FACE('',(#352),#3242,.T.);
#3401=ADVANCED_FACE('',(#353),#20,.T.);
#3402=ADVANCED_FACE('',(#354),#3243,.T.);
#3403=ADVANCED_FACE('',(#355),#21,.T.);
#3404=ADVANCED_FACE('',(#356),#3244,.T.);
#3405=ADVANCED_FACE('',(#357),#22,.T.);
#3406=ADVANCED_FACE('',(#358),#3245,.T.);
#3407=ADVANCED_FACE('',(#359),#200,.T.);
#3408=ADVANCED_FACE('',(#360),#3246,.T.);
#3409=ADVANCED_FACE('',(#361),#201,.T.);
#3410=ADVANCED_FACE('',(#362),#3247,.T.);
#3411=ADVANCED_FACE('',(#363),#202,.T.);
#3412=ADVANCED_FACE('',(#364),#3248,.T.);
#3413=ADVANCED_FACE('',(#365,#113,#114,#115,#116,#117,#118,#119,#120,#121),
#203,.T.);
#3414=ADVANCED_FACE('',(#366),#3249,.T.);
#3415=ADVANCED_FACE('',(#367),#3250,.T.);
#3416=ADVANCED_FACE('',(#368),#3251,.T.);
#3417=ADVANCED_FACE('',(#369),#3252,.T.);
#3418=ADVANCED_FACE('',(#370),#204,.F.);
#3419=ADVANCED_FACE('',(#371),#205,.F.);
#3420=ADVANCED_FACE('',(#372),#206,.F.);
#3421=ADVANCED_FACE('',(#373),#207,.F.);
#3422=ADVANCED_FACE('',(#374,#122,#123,#124,#125,#126,#127,#128,#129,#130),
#208,.F.);
#3423=ADVANCED_FACE('',(#375),#209,.T.);
#3424=ADVANCED_FACE('',(#376),#3253,.T.);
#3425=ADVANCED_FACE('',(#377),#3254,.T.);
#3426=ADVANCED_FACE('',(#378),#210,.T.);
#3427=ADVANCED_FACE('',(#379),#3255,.T.);
#3428=ADVANCED_FACE('',(#380),#211,.T.);
#3429=ADVANCED_FACE('',(#381),#3256,.F.);
#3430=ADVANCED_FACE('',(#382),#3257,.F.);
#3431=ADVANCED_FACE('',(#383),#3258,.F.);
#3432=ADVANCED_FACE('',(#384),#3259,.F.);
#3433=ADVANCED_FACE('',(#385),#3260,.F.);
#3434=ADVANCED_FACE('',(#386),#3261,.F.);
#3435=ADVANCED_FACE('',(#387),#3262,.F.);
#3436=ADVANCED_FACE('',(#388),#3263,.F.);
#3437=ADVANCED_FACE('',(#389),#3264,.F.);
#3438=ADVANCED_FACE('',(#390),#212,.T.);
#3439=ADVANCED_FACE('',(#391),#3265,.F.);
#3440=ADVANCED_FACE('',(#392),#213,.T.);
#3441=ADVANCED_FACE('',(#393),#3266,.T.);
#3442=ADVANCED_FACE('',(#394),#23,.T.);
#3443=ADVANCED_FACE('',(#395),#3267,.T.);
#3444=ADVANCED_FACE('',(#396),#24,.T.);
#3445=ADVANCED_FACE('',(#397),#3268,.T.);
#3446=ADVANCED_FACE('',(#398),#25,.T.);
#3447=ADVANCED_FACE('',(#399),#3269,.T.);
#3448=ADVANCED_FACE('',(#400),#26,.T.);
#3449=ADVANCED_FACE('',(#401),#3270,.T.);
#3450=ADVANCED_FACE('',(#402),#214,.T.);
#3451=ADVANCED_FACE('',(#403),#3271,.T.);
#3452=ADVANCED_FACE('',(#404),#215,.T.);
#3453=ADVANCED_FACE('',(#405,#131,#132,#133,#134,#135,#136,#137),#216,.F.);
#3454=ADVANCED_FACE('',(#406),#3272,.F.);
#3455=ADVANCED_FACE('',(#407),#217,.T.);
#3456=ADVANCED_FACE('',(#408),#3273,.F.);
#3457=ADVANCED_FACE('',(#409),#218,.T.);
#3458=ADVANCED_FACE('',(#410),#3274,.F.);
#3459=ADVANCED_FACE('',(#411),#219,.T.);
#3460=ADVANCED_FACE('',(#412),#3275,.F.);
#3461=ADVANCED_FACE('',(#413),#220,.T.);
#3462=ADVANCED_FACE('',(#414),#3276,.F.);
#3463=ADVANCED_FACE('',(#415,#138),#221,.T.);
#3464=ADVANCED_FACE('',(#416),#3277,.F.);
#3465=ADVANCED_FACE('',(#417,#139),#222,.T.);
#3466=ADVANCED_FACE('',(#418),#3278,.F.);
#3467=ADVANCED_FACE('',(#419),#3279,.F.);
#3468=ADVANCED_FACE('',(#420),#3280,.F.);
#3469=ADVANCED_FACE('',(#421),#3281,.F.);
#3470=ADVANCED_FACE('',(#422),#3282,.F.);
#3471=ADVANCED_FACE('',(#423),#3283,.F.);
#3472=ADVANCED_FACE('',(#424),#223,.T.);
#3473=ADVANCED_FACE('',(#425),#3284,.T.);
#3474=ADVANCED_FACE('',(#426),#224,.T.);
#3475=ADVANCED_FACE('',(#427),#3285,.T.);
#3476=ADVANCED_FACE('',(#428,#140,#141,#142,#143,#144,#145,#146,#147,#148),
#225,.T.);
#3477=CLOSED_SHELL('',(#3286,#3287,#3288,#3289,#3290,#3291,#3292,#3293,
#3294,#3295,#3296,#3297,#3298,#3299,#3300,#3301,#3302,#3303,#3304,#3305,
#3306,#3307,#3308,#3309,#3310,#3311));
#3478=CLOSED_SHELL('',(#3312,#3313,#3314,#3315,#3316,#3317,#3318,#3319,
#3320,#3321,#3322,#3323,#3324,#3325,#3326,#3327,#3328,#3329,#3330,#3331,
#3332,#3333,#3334,#3335,#3336,#3337));
#3479=CLOSED_SHELL('',(#3338,#3339,#3340,#3341,#3342,#3343,#3344,#3345,
#3346,#3347,#3348,#3349,#3350,#3351,#3352,#3353));
#3480=CLOSED_SHELL('',(#3354,#3355,#3356,#3357,#3358,#3359,#3360,#3361,
#3362,#3363,#3364,#3365,#3366,#3367,#3368,#3369,#3370,#3371,#3372,#3373,
#3374,#3375,#3376,#3377,#3378,#3379));
#3481=CLOSED_SHELL('',(#3380,#3381,#3382,#3383,#3384,#3385,#3386));
#3482=CLOSED_SHELL('',(#3387,#3388,#3389,#3390,#3391,#3392,#3393,#3394));
#3483=CLOSED_SHELL('',(#3395,#3396,#3397,#3398,#3399,#3400,#3401,#3402,
#3403,#3404,#3405,#3406,#3407,#3408,#3409,#3410,#3411,#3412,#3413,#3414,
#3415,#3416,#3417,#3418,#3419,#3420,#3421,#3422,#3423,#3424,#3425,#3426,
#3427,#3428,#3429,#3430,#3431,#3432,#3433,#3434,#3435,#3436));
#3484=CLOSED_SHELL('',(#3437,#3438,#3439,#3440,#3441,#3442,#3443,#3444,
#3445,#3446,#3447,#3448,#3449,#3450,#3451,#3452,#3453,#3454,#3455,#3456,
#3457,#3458,#3459,#3460,#3461,#3462,#3463,#3464,#3465,#3466,#3467,#3468,
#3469,#3470,#3471,#3472,#3473,#3474,#3475,#3476));
#3485=DERIVED_UNIT_ELEMENT(#3487,1.);
#3486=DERIVED_UNIT_ELEMENT(#6094,-3.);
#3487=(
MASS_UNIT()
NAMED_UNIT(*)
SI_UNIT(.KILO.,.GRAM.)
);
#3488=DERIVED_UNIT((#3485,#3486));
#3489=MEASURE_REPRESENTATION_ITEM('density measure',
POSITIVE_RATIO_MEASURE(7850.),#3488);
#3490=PROPERTY_DEFINITION_REPRESENTATION(#3495,#3492);
#3491=PROPERTY_DEFINITION_REPRESENTATION(#3496,#3493);
#3492=REPRESENTATION('material name',(#3494),#6091);
#3493=REPRESENTATION('density',(#3489),#6091);
#3494=DESCRIPTIVE_REPRESENTATION_ITEM('Steel','Steel');
#3495=PROPERTY_DEFINITION('material property','material name',#6101);
#3496=PROPERTY_DEFINITION('material property','density of part',#6101);
#3497=AXIS2_PLACEMENT_3D('',#4990,#3912,#3913);
#3498=AXIS2_PLACEMENT_3D('',#4991,#3914,#3915);
#3499=AXIS2_PLACEMENT_3D('',#4993,#3916,#3917);
#3500=AXIS2_PLACEMENT_3D('',#4996,#3919,#3920);
#3501=AXIS2_PLACEMENT_3D('',#4997,#3921,#3922);
#3502=AXIS2_PLACEMENT_3D('',#4999,#3923,#3924);
#3503=AXIS2_PLACEMENT_3D('',#5003,#3926,#3927);
#3504=AXIS2_PLACEMENT_3D('',#5011,#3928,#3929);
#3505=AXIS2_PLACEMENT_3D('',#5012,#3930,#3931);
#3506=AXIS2_PLACEMENT_3D('',#5014,#3932,#3933);
#3507=AXIS2_PLACEMENT_3D('',#5017,#3935,#3936);
#3508=AXIS2_PLACEMENT_3D('',#5018,#3937,#3938);
#3509=AXIS2_PLACEMENT_3D('',#5020,#3939,#3940);
#3510=AXIS2_PLACEMENT_3D('',#5024,#3942,#3943);
#3511=AXIS2_PLACEMENT_3D('',#5032,#3944,#3945);
#3512=AXIS2_PLACEMENT_3D('',#5033,#3946,#3947);
#3513=AXIS2_PLACEMENT_3D('',#5035,#3948,#3949);
#3514=AXIS2_PLACEMENT_3D('',#5038,#3951,#3952);
#3515=AXIS2_PLACEMENT_3D('',#5039,#3953,#3954);
#3516=AXIS2_PLACEMENT_3D('',#5041,#3955,#3956);
#3517=AXIS2_PLACEMENT_3D('',#5045,#3958,#3959);
#3518=AXIS2_PLACEMENT_3D('',#5053,#3960,#3961);
#3519=AXIS2_PLACEMENT_3D('',#5054,#3962,#3963);
#3520=AXIS2_PLACEMENT_3D('',#5056,#3964,#3965);
#3521=AXIS2_PLACEMENT_3D('',#5059,#3967,#3968);
#3522=AXIS2_PLACEMENT_3D('',#5060,#3969,#3970);
#3523=AXIS2_PLACEMENT_3D('',#5062,#3971,#3972);
#3524=AXIS2_PLACEMENT_3D('',#5066,#3974,#3975);
#3525=AXIS2_PLACEMENT_3D('',#5074,#3976,#3977);
#3526=AXIS2_PLACEMENT_3D('',#5075,#3978,#3979);
#3527=AXIS2_PLACEMENT_3D('',#5097,#3992,#3993);
#3528=AXIS2_PLACEMENT_3D('',#5099,#3994,#3995);
#3529=AXIS2_PLACEMENT_3D('',#5101,#3996,#3997);
#3530=AXIS2_PLACEMENT_3D('',#5103,#3998,#3999);
#3531=AXIS2_PLACEMENT_3D('',#5105,#4000,#4001);
#3532=AXIS2_PLACEMENT_3D('',#5107,#4002,#4003);
#3533=AXIS2_PLACEMENT_3D('',#5109,#4004,#4005);
#3534=AXIS2_PLACEMENT_3D('',#5111,#4006,#4007);
#3535=AXIS2_PLACEMENT_3D('',#5112,#4008,#4009);
#3536=AXIS2_PLACEMENT_3D('',#5114,#4010,#4011);
#3537=AXIS2_PLACEMENT_3D('',#5117,#4013,#4014);
#3538=AXIS2_PLACEMENT_3D('',#5118,#4015,#4016);
#3539=AXIS2_PLACEMENT_3D('',#5122,#4019,#4020);
#3540=AXIS2_PLACEMENT_3D('',#5124,#4021,#4022);
#3541=AXIS2_PLACEMENT_3D('',#5126,#4024,#4025);
#3542=AXIS2_PLACEMENT_3D('',#5128,#4026,#4027);
#3543=AXIS2_PLACEMENT_3D('',#5130,#4029,#4030);
#3544=AXIS2_PLACEMENT_3D('',#5132,#4031,#4032);
#3545=AXIS2_PLACEMENT_3D('',#5134,#4034,#4035);
#3546=AXIS2_PLACEMENT_3D('',#5136,#4036,#4037);
#3547=AXIS2_PLACEMENT_3D('',#5138,#4039,#4040);
#3548=AXIS2_PLACEMENT_3D('',#5140,#4041,#4042);
#3549=AXIS2_PLACEMENT_3D('',#5142,#4044,#4045);
#3550=AXIS2_PLACEMENT_3D('',#5144,#4046,#4047);
#3551=AXIS2_PLACEMENT_3D('',#5146,#4049,#4050);
#3552=AXIS2_PLACEMENT_3D('',#5148,#4051,#4052);
#3553=AXIS2_PLACEMENT_3D('',#5150,#4054,#4055);
#3554=AXIS2_PLACEMENT_3D('',#5152,#4056,#4057);
#3555=AXIS2_PLACEMENT_3D('',#5154,#4059,#4060);
#3556=AXIS2_PLACEMENT_3D('',#5160,#4064,#4065);
#3557=AXIS2_PLACEMENT_3D('',#5164,#4068,#4069);
#3558=AXIS2_PLACEMENT_3D('',#5166,#4071,#4072);
#3559=AXIS2_PLACEMENT_3D('',#5170,#4075,#4076);
#3560=AXIS2_PLACEMENT_3D('',#5174,#4079,#4080);
#3561=AXIS2_PLACEMENT_3D('',#5176,#4082,#4083);
#3562=AXIS2_PLACEMENT_3D('',#5177,#4084,#4085);
#3563=AXIS2_PLACEMENT_3D('',#5179,#4086,#4087);
#3564=AXIS2_PLACEMENT_3D('',#5183,#4089,#4090);
#3565=AXIS2_PLACEMENT_3D('',#5185,#4091,#4092);
#3566=AXIS2_PLACEMENT_3D('',#5186,#4093,#4094);
#3567=AXIS2_PLACEMENT_3D('',#5187,#4095,#4096);
#3568=AXIS2_PLACEMENT_3D('',#5189,#4097,#4098);
#3569=AXIS2_PLACEMENT_3D('',#5190,#4099,#4100);
#3570=AXIS2_PLACEMENT_3D('',#5192,#4101,#4102);
#3571=AXIS2_PLACEMENT_3D('',#5196,#4104,#4105);
#3572=AXIS2_PLACEMENT_3D('',#5198,#4106,#4107);
#3573=AXIS2_PLACEMENT_3D('',#5199,#4108,#4109);
#3574=AXIS2_PLACEMENT_3D('',#5200,#4110,#4111);
#3575=AXIS2_PLACEMENT_3D('',#5202,#4112,#4113);
#3576=AXIS2_PLACEMENT_3D('',#5203,#4114,#4115);
#3577=AXIS2_PLACEMENT_3D('',#5223,#4116,#4117);
#3578=AXIS2_PLACEMENT_3D('',#5241,#4118,#4119);
#3579=AXIS2_PLACEMENT_3D('',#5242,#4120,#4121);
#3580=AXIS2_PLACEMENT_3D('',#5246,#4123,#4124);
#3581=AXIS2_PLACEMENT_3D('',#5252,#4127,#4128);
#3582=AXIS2_PLACEMENT_3D('',#5256,#4130,#4131);
#3583=AXIS2_PLACEMENT_3D('',#5258,#4133,#4134);
#3584=AXIS2_PLACEMENT_3D('',#5262,#4136,#4137);
#3585=AXIS2_PLACEMENT_3D('',#5264,#4139,#4140);
#3586=AXIS2_PLACEMENT_3D('',#5265,#4141,#4142);
#3587=AXIS2_PLACEMENT_3D('',#5286,#4143,#4144);
#3588=AXIS2_PLACEMENT_3D('',#5290,#4146,#4147);
#3589=AXIS2_PLACEMENT_3D('',#5292,#4149,#4150);
#3590=AXIS2_PLACEMENT_3D('',#5311,#4151,#4152);
#3591=AXIS2_PLACEMENT_3D('',#5328,#4153,#4154);
#3592=AXIS2_PLACEMENT_3D('',#5332,#4156,#4157);
#3593=AXIS2_PLACEMENT_3D('',#5334,#4159,#4160);
#3594=AXIS2_PLACEMENT_3D('',#5335,#4161,#4162);
#3595=AXIS2_PLACEMENT_3D('',#5337,#4163,#4164);
#3596=AXIS2_PLACEMENT_3D('',#5358,#4165,#4166);
#3597=AXIS2_PLACEMENT_3D('',#5362,#4168,#4169);
#3598=AXIS2_PLACEMENT_3D('',#5364,#4171,#4172);
#3599=AXIS2_PLACEMENT_3D('',#5366,#4173,#4174);
#3600=AXIS2_PLACEMENT_3D('',#5367,#4175,#4176);
#3601=AXIS2_PLACEMENT_3D('',#5369,#4177,#4178);
#3602=AXIS2_PLACEMENT_3D('',#5370,#4179,#4180);
#3603=AXIS2_PLACEMENT_3D('',#5372,#4181,#4182);
#3604=AXIS2_PLACEMENT_3D('',#5374,#4184,#4185);
#3605=AXIS2_PLACEMENT_3D('',#5377,#4187,#4188);
#3606=AXIS2_PLACEMENT_3D('',#5378,#4189,#4190);
#3607=AXIS2_PLACEMENT_3D('',#5381,#4192,#4193);
#3608=AXIS2_PLACEMENT_3D('',#5382,#4194,#4195);
#3609=AXIS2_PLACEMENT_3D('',#5385,#4197,#4198);
#3610=AXIS2_PLACEMENT_3D('',#5386,#4199,#4200);
#3611=AXIS2_PLACEMENT_3D('',#5388,#4202,#4203);
#3612=AXIS2_PLACEMENT_3D('',#5392,#4206,#4207);
#3613=AXIS2_PLACEMENT_3D('',#5396,#4210,#4211);
#3614=AXIS2_PLACEMENT_3D('',#5398,#4213,#4214);
#3615=AXIS2_PLACEMENT_3D('',#5400,#4216,#4217);
#3616=AXIS2_PLACEMENT_3D('',#5402,#4219,#4220);
#3617=AXIS2_PLACEMENT_3D('',#5403,#4221,#4222);
#3618=AXIS2_PLACEMENT_3D('',#5405,#4223,#4224);
#3619=AXIS2_PLACEMENT_3D('',#5408,#4226,#4227);
#3620=AXIS2_PLACEMENT_3D('',#5409,#4228,#4229);
#3621=AXIS2_PLACEMENT_3D('',#5411,#4230,#4231);
#3622=AXIS2_PLACEMENT_3D('',#5414,#4233,#4234);
#3623=AXIS2_PLACEMENT_3D('',#5415,#4235,#4236);
#3624=AXIS2_PLACEMENT_3D('',#5417,#4237,#4238);
#3625=AXIS2_PLACEMENT_3D('',#5420,#4240,#4241);
#3626=AXIS2_PLACEMENT_3D('',#5421,#4242,#4243);
#3627=AXIS2_PLACEMENT_3D('',#5423,#4244,#4245);
#3628=AXIS2_PLACEMENT_3D('',#5426,#4247,#4248);
#3629=AXIS2_PLACEMENT_3D('',#5427,#4249,#4250);
#3630=AXIS2_PLACEMENT_3D('',#5436,#4255,#4256);
#3631=AXIS2_PLACEMENT_3D('',#5438,#4257,#4258);
#3632=AXIS2_PLACEMENT_3D('',#5440,#4259,#4260);
#3633=AXIS2_PLACEMENT_3D('',#5442,#4262,#4263);
#3634=AXIS2_PLACEMENT_3D('',#5448,#4267,#4268);
#3635=AXIS2_PLACEMENT_3D('',#5450,#4269,#4270);
#3636=AXIS2_PLACEMENT_3D('',#5452,#4271,#4272);
#3637=AXIS2_PLACEMENT_3D('',#5454,#4274,#4275);
#3638=AXIS2_PLACEMENT_3D('',#5460,#4279,#4280);
#3639=AXIS2_PLACEMENT_3D('',#5466,#4284,#4285);
#3640=AXIS2_PLACEMENT_3D('',#5472,#4289,#4290);
#3641=AXIS2_PLACEMENT_3D('',#5474,#4291,#4292);
#3642=AXIS2_PLACEMENT_3D('',#5476,#4293,#4294);
#3643=AXIS2_PLACEMENT_3D('',#5478,#4296,#4297);
#3644=AXIS2_PLACEMENT_3D('',#5484,#4301,#4302);
#3645=AXIS2_PLACEMENT_3D('',#5485,#4303,#4304);
#3646=AXIS2_PLACEMENT_3D('',#5486,#4305,#4306);
#3647=AXIS2_PLACEMENT_3D('',#5487,#4307,#4308);
#3648=AXIS2_PLACEMENT_3D('',#5488,#4309,#4310);
#3649=AXIS2_PLACEMENT_3D('',#5489,#4311,#4312);
#3650=AXIS2_PLACEMENT_3D('',#5496,#4315,#4316);
#3651=AXIS2_PLACEMENT_3D('',#5499,#4318,#4319);
#3652=AXIS2_PLACEMENT_3D('',#5500,#4320,#4321);
#3653=AXIS2_PLACEMENT_3D('',#5507,#4324,#4325);
#3654=AXIS2_PLACEMENT_3D('',#5510,#4327,#4328);
#3655=AXIS2_PLACEMENT_3D('',#5511,#4329,#4330);
#3656=AXIS2_PLACEMENT_3D('',#5513,#4331,#4332);
#3657=AXIS2_PLACEMENT_3D('',#5516,#4334,#4335);
#3658=AXIS2_PLACEMENT_3D('',#5517,#4336,#4337);
#3659=AXIS2_PLACEMENT_3D('',#5519,#4338,#4339);
#3660=AXIS2_PLACEMENT_3D('',#5522,#4341,#4342);
#3661=AXIS2_PLACEMENT_3D('',#5523,#4343,#4344);
#3662=AXIS2_PLACEMENT_3D('',#5525,#4345,#4346);
#3663=AXIS2_PLACEMENT_3D('',#5528,#4348,#4349);
#3664=AXIS2_PLACEMENT_3D('',#5529,#4350,#4351);
#3665=AXIS2_PLACEMENT_3D('',#5531,#4352,#4353);
#3666=AXIS2_PLACEMENT_3D('',#5534,#4355,#4356);
#3667=AXIS2_PLACEMENT_3D('',#5535,#4357,#4358);
#3668=AXIS2_PLACEMENT_3D('',#5538,#4360,#4361);
#3669=AXIS2_PLACEMENT_3D('',#5539,#4362,#4363);
#3670=AXIS2_PLACEMENT_3D('',#5542,#4365,#4366);
#3671=AXIS2_PLACEMENT_3D('',#5543,#4367,#4368);
#3672=AXIS2_PLACEMENT_3D('',#5547,#4370,#4371);
#3673=AXIS2_PLACEMENT_3D('',#5549,#4373,#4374);
#3674=AXIS2_PLACEMENT_3D('',#5552,#4375,#4376);
#3675=AXIS2_PLACEMENT_3D('',#5559,#4381,#4382);
#3676=AXIS2_PLACEMENT_3D('',#5562,#4385,#4386);
#3677=AXIS2_PLACEMENT_3D('',#5570,#4391,#4392);
#3678=AXIS2_PLACEMENT_3D('',#5578,#4397,#4398);
#3679=AXIS2_PLACEMENT_3D('',#5581,#4401,#4402);
#3680=AXIS2_PLACEMENT_3D('',#5583,#4403,#4404);
#3681=AXIS2_PLACEMENT_3D('',#5584,#4405,#4406);
#3682=AXIS2_PLACEMENT_3D('',#5587,#4408,#4409);
#3683=AXIS2_PLACEMENT_3D('',#5588,#4410,#4411);
#3684=AXIS2_PLACEMENT_3D('',#5589,#4412,#4413);
#3685=AXIS2_PLACEMENT_3D('',#5591,#4414,#4415);
#3686=AXIS2_PLACEMENT_3D('',#5592,#4416,#4417);
#3687=AXIS2_PLACEMENT_3D('',#5595,#4419,#4420);
#3688=AXIS2_PLACEMENT_3D('',#5596,#4421,#4422);
#3689=AXIS2_PLACEMENT_3D('',#5597,#4423,#4424);
#3690=AXIS2_PLACEMENT_3D('',#5598,#4425,#4426);
#3691=AXIS2_PLACEMENT_3D('',#5600,#4427,#4428);
#3692=AXIS2_PLACEMENT_3D('',#5601,#4429,#4430);
#3693=AXIS2_PLACEMENT_3D('',#5603,#4432,#4433);
#3694=AXIS2_PLACEMENT_3D('',#5604,#4434,#4435);
#3695=AXIS2_PLACEMENT_3D('',#5606,#4436,#4437);
#3696=AXIS2_PLACEMENT_3D('',#5607,#4438,#4439);
#3697=AXIS2_PLACEMENT_3D('',#5609,#4441,#4442);
#3698=AXIS2_PLACEMENT_3D('',#5610,#4443,#4444);
#3699=AXIS2_PLACEMENT_3D('',#5611,#4445,#4446);
#3700=AXIS2_PLACEMENT_3D('',#5612,#4447,#4448);
#3701=AXIS2_PLACEMENT_3D('',#5613,#4449,#4450);
#3702=AXIS2_PLACEMENT_3D('',#5614,#4451,#4452);
#3703=AXIS2_PLACEMENT_3D('',#5615,#4453,#4454);
#3704=AXIS2_PLACEMENT_3D('',#5618,#4455,#4456);
#3705=AXIS2_PLACEMENT_3D('',#5622,#4458,#4459);
#3706=AXIS2_PLACEMENT_3D('',#5624,#4461,#4462);
#3707=AXIS2_PLACEMENT_3D('',#5630,#4466,#4467);
#3708=AXIS2_PLACEMENT_3D('',#5633,#4469,#4470);
#3709=AXIS2_PLACEMENT_3D('',#5635,#4471,#4472);
#3710=AXIS2_PLACEMENT_3D('',#5636,#4473,#4474);
#3711=AXIS2_PLACEMENT_3D('',#5638,#4475,#4476);
#3712=AXIS2_PLACEMENT_3D('',#5640,#4478,#4479);
#3713=AXIS2_PLACEMENT_3D('',#5644,#4482,#4483);
#3714=AXIS2_PLACEMENT_3D('',#5645,#4484,#4485);
#3715=AXIS2_PLACEMENT_3D('',#5646,#4486,#4487);
#3716=AXIS2_PLACEMENT_3D('',#5647,#4488,#4489);
#3717=AXIS2_PLACEMENT_3D('',#5649,#4490,#4491);
#3718=AXIS2_PLACEMENT_3D('',#5652,#4493,#4494);
#3719=AXIS2_PLACEMENT_3D('',#5653,#4495,#4496);
#3720=AXIS2_PLACEMENT_3D('',#5655,#4497,#4498);
#3721=AXIS2_PLACEMENT_3D('',#5658,#4500,#4501);
#3722=AXIS2_PLACEMENT_3D('',#5659,#4502,#4503);
#3723=AXIS2_PLACEMENT_3D('',#5662,#4504,#4505);
#3724=AXIS2_PLACEMENT_3D('',#5666,#4507,#4508);
#3725=AXIS2_PLACEMENT_3D('',#5668,#4510,#4511);
#3726=AXIS2_PLACEMENT_3D('',#5672,#4513,#4514);
#3727=AXIS2_PLACEMENT_3D('',#5674,#4516,#4517);
#3728=AXIS2_PLACEMENT_3D('',#5678,#4519,#4520);
#3729=AXIS2_PLACEMENT_3D('',#5680,#4522,#4523);
#3730=AXIS2_PLACEMENT_3D('',#5682,#4525,#4526);
#3731=AXIS2_PLACEMENT_3D('',#5684,#4528,#4529);
#3732=AXIS2_PLACEMENT_3D('',#5685,#4530,#4531);
#3733=AXIS2_PLACEMENT_3D('',#5688,#4532,#4533);
#3734=AXIS2_PLACEMENT_3D('',#5690,#4534,#4535);
#3735=AXIS2_PLACEMENT_3D('',#5692,#4536,#4537);
#3736=AXIS2_PLACEMENT_3D('',#5693,#4538,#4539);
#3737=AXIS2_PLACEMENT_3D('',#5694,#4540,#4541);
#3738=AXIS2_PLACEMENT_3D('',#5697,#4542,#4543);
#3739=AXIS2_PLACEMENT_3D('',#5700,#4546,#4547);
#3740=AXIS2_PLACEMENT_3D('',#5703,#4548,#4549);
#3741=AXIS2_PLACEMENT_3D('',#5704,#4550,#4551);
#3742=AXIS2_PLACEMENT_3D('',#5705,#4552,#4553);
#3743=AXIS2_PLACEMENT_3D('',#5706,#4554,#4555);
#3744=AXIS2_PLACEMENT_3D('',#5709,#4556,#4557);
#3745=AXIS2_PLACEMENT_3D('',#5712,#4560,#4561);
#3746=AXIS2_PLACEMENT_3D('',#5715,#4562,#4563);
#3747=AXIS2_PLACEMENT_3D('',#5716,#4564,#4565);
#3748=AXIS2_PLACEMENT_3D('',#5717,#4566,#4567);
#3749=AXIS2_PLACEMENT_3D('',#5718,#4568,#4569);
#3750=AXIS2_PLACEMENT_3D('',#5721,#4570,#4571);
#3751=AXIS2_PLACEMENT_3D('',#5724,#4574,#4575);
#3752=AXIS2_PLACEMENT_3D('',#5727,#4576,#4577);
#3753=AXIS2_PLACEMENT_3D('',#5728,#4578,#4579);
#3754=AXIS2_PLACEMENT_3D('',#5729,#4580,#4581);
#3755=AXIS2_PLACEMENT_3D('',#5730,#4582,#4583);
#3756=AXIS2_PLACEMENT_3D('',#5733,#4584,#4585);
#3757=AXIS2_PLACEMENT_3D('',#5736,#4588,#4589);
#3758=AXIS2_PLACEMENT_3D('',#5739,#4590,#4591);
#3759=AXIS2_PLACEMENT_3D('',#5740,#4592,#4593);
#3760=AXIS2_PLACEMENT_3D('',#5741,#4594,#4595);
#3761=AXIS2_PLACEMENT_3D('',#5742,#4596,#4597);
#3762=AXIS2_PLACEMENT_3D('',#5745,#4598,#4599);
#3763=AXIS2_PLACEMENT_3D('',#5748,#4602,#4603);
#3764=AXIS2_PLACEMENT_3D('',#5751,#4604,#4605);
#3765=AXIS2_PLACEMENT_3D('',#5752,#4606,#4607);
#3766=AXIS2_PLACEMENT_3D('',#5753,#4608,#4609);
#3767=AXIS2_PLACEMENT_3D('',#5754,#4610,#4611);
#3768=AXIS2_PLACEMENT_3D('',#5757,#4614,#4615);
#3769=AXIS2_PLACEMENT_3D('',#5763,#4619,#4620);
#3770=AXIS2_PLACEMENT_3D('',#5766,#4622,#4623);
#3771=AXIS2_PLACEMENT_3D('',#5767,#4624,#4625);
#3772=AXIS2_PLACEMENT_3D('',#5771,#4628,#4629);
#3773=AXIS2_PLACEMENT_3D('',#5774,#4631,#4632);
#3774=AXIS2_PLACEMENT_3D('',#5775,#4633,#4634);
#3775=AXIS2_PLACEMENT_3D('',#5779,#4637,#4638);
#3776=AXIS2_PLACEMENT_3D('',#5782,#4640,#4641);
#3777=AXIS2_PLACEMENT_3D('',#5783,#4642,#4643);
#3778=AXIS2_PLACEMENT_3D('',#5793,#4648,#4649);
#3779=AXIS2_PLACEMENT_3D('',#5795,#4650,#4651);
#3780=AXIS2_PLACEMENT_3D('',#5797,#4652,#4653);
#3781=AXIS2_PLACEMENT_3D('',#5799,#4654,#4655);
#3782=AXIS2_PLACEMENT_3D('',#5801,#4656,#4657);
#3783=AXIS2_PLACEMENT_3D('',#5803,#4658,#4659);
#3784=AXIS2_PLACEMENT_3D('',#5805,#4660,#4661);
#3785=AXIS2_PLACEMENT_3D('',#5807,#4662,#4663);
#3786=AXIS2_PLACEMENT_3D('',#5808,#4664,#4665);
#3787=AXIS2_PLACEMENT_3D('',#5810,#4666,#4667);
#3788=AXIS2_PLACEMENT_3D('',#5813,#4669,#4670);
#3789=AXIS2_PLACEMENT_3D('',#5814,#4671,#4672);
#3790=AXIS2_PLACEMENT_3D('',#5816,#4673,#4674);
#3791=AXIS2_PLACEMENT_3D('',#5819,#4676,#4677);
#3792=AXIS2_PLACEMENT_3D('',#5820,#4678,#4679);
#3793=AXIS2_PLACEMENT_3D('',#5822,#4681,#4682);
#3794=AXIS2_PLACEMENT_3D('',#5824,#4684,#4685);
#3795=AXIS2_PLACEMENT_3D('',#5830,#4689,#4690);
#3796=AXIS2_PLACEMENT_3D('',#5834,#4693,#4694);
#3797=AXIS2_PLACEMENT_3D('',#5838,#4697,#4698);
#3798=AXIS2_PLACEMENT_3D('',#5840,#4700,#4701);
#3799=AXIS2_PLACEMENT_3D('',#5844,#4703,#4704);
#3800=AXIS2_PLACEMENT_3D('',#5848,#4706,#4707);
#3801=AXIS2_PLACEMENT_3D('',#5851,#4709,#4710);
#3802=AXIS2_PLACEMENT_3D('',#5853,#4711,#4712);
#3803=AXIS2_PLACEMENT_3D('',#5855,#4713,#4714);
#3804=AXIS2_PLACEMENT_3D('',#5857,#4715,#4716);
#3805=AXIS2_PLACEMENT_3D('',#5859,#4717,#4718);
#3806=AXIS2_PLACEMENT_3D('',#5861,#4719,#4720);
#3807=AXIS2_PLACEMENT_3D('',#5863,#4721,#4722);
#3808=AXIS2_PLACEMENT_3D('',#5865,#4723,#4724);
#3809=AXIS2_PLACEMENT_3D('',#5867,#4725,#4726);
#3810=AXIS2_PLACEMENT_3D('',#5868,#4727,#4728);
#3811=AXIS2_PLACEMENT_3D('',#5870,#4730,#4731);
#3812=AXIS2_PLACEMENT_3D('',#5872,#4733,#4734);
#3813=AXIS2_PLACEMENT_3D('',#5874,#4736,#4737);
#3814=AXIS2_PLACEMENT_3D('',#5876,#4739,#4740);
#3815=AXIS2_PLACEMENT_3D('',#5878,#4742,#4743);
#3816=AXIS2_PLACEMENT_3D('',#5879,#4744,#4745);
#3817=AXIS2_PLACEMENT_3D('',#5881,#4747,#4748);
#3818=AXIS2_PLACEMENT_3D('',#5883,#4750,#4751);
#3819=AXIS2_PLACEMENT_3D('',#5885,#4753,#4754);
#3820=AXIS2_PLACEMENT_3D('',#5887,#4756,#4757);
#3821=AXIS2_PLACEMENT_3D('',#5889,#4759,#4760);
#3822=AXIS2_PLACEMENT_3D('',#5891,#4762,#4763);
#3823=AXIS2_PLACEMENT_3D('',#5893,#4765,#4766);
#3824=AXIS2_PLACEMENT_3D('',#5895,#4768,#4769);
#3825=AXIS2_PLACEMENT_3D('',#5897,#4770,#4771);
#3826=AXIS2_PLACEMENT_3D('',#5900,#4773,#4774);
#3827=AXIS2_PLACEMENT_3D('',#5901,#4775,#4776);
#3828=AXIS2_PLACEMENT_3D('',#5902,#4777,#4778);
#3829=AXIS2_PLACEMENT_3D('',#5904,#4779,#4780);
#3830=AXIS2_PLACEMENT_3D('',#5907,#4782,#4783);
#3831=AXIS2_PLACEMENT_3D('',#5908,#4784,#4785);
#3832=AXIS2_PLACEMENT_3D('',#5909,#4786,#4787);
#3833=AXIS2_PLACEMENT_3D('',#5912,#4788,#4789);
#3834=AXIS2_PLACEMENT_3D('',#5916,#4791,#4792);
#3835=AXIS2_PLACEMENT_3D('',#5918,#4794,#4795);
#3836=AXIS2_PLACEMENT_3D('',#5921,#4796,#4797);
#3837=AXIS2_PLACEMENT_3D('',#5922,#4798,#4799);
#3838=AXIS2_PLACEMENT_3D('',#5923,#4800,#4801);
#3839=AXIS2_PLACEMENT_3D('',#5924,#4802,#4803);
#3840=AXIS2_PLACEMENT_3D('',#5927,#4804,#4805);
#3841=AXIS2_PLACEMENT_3D('',#5930,#4808,#4809);
#3842=AXIS2_PLACEMENT_3D('',#5933,#4810,#4811);
#3843=AXIS2_PLACEMENT_3D('',#5934,#4812,#4813);
#3844=AXIS2_PLACEMENT_3D('',#5935,#4814,#4815);
#3845=AXIS2_PLACEMENT_3D('',#5936,#4816,#4817);
#3846=AXIS2_PLACEMENT_3D('',#5939,#4818,#4819);
#3847=AXIS2_PLACEMENT_3D('',#5942,#4822,#4823);
#3848=AXIS2_PLACEMENT_3D('',#5945,#4824,#4825);
#3849=AXIS2_PLACEMENT_3D('',#5946,#4826,#4827);
#3850=AXIS2_PLACEMENT_3D('',#5947,#4828,#4829);
#3851=AXIS2_PLACEMENT_3D('',#5948,#4830,#4831);
#3852=AXIS2_PLACEMENT_3D('',#5951,#4832,#4833);
#3853=AXIS2_PLACEMENT_3D('',#5954,#4836,#4837);
#3854=AXIS2_PLACEMENT_3D('',#5955,#4838,#4839);
#3855=AXIS2_PLACEMENT_3D('',#5956,#4840,#4841);
#3856=AXIS2_PLACEMENT_3D('',#5957,#4842,#4843);
#3857=AXIS2_PLACEMENT_3D('',#5961,#4845,#4846);
#3858=AXIS2_PLACEMENT_3D('',#5963,#4848,#4849);
#3859=AXIS2_PLACEMENT_3D('',#5967,#4852,#4853);
#3860=AXIS2_PLACEMENT_3D('',#5970,#4855,#4856);
#3861=AXIS2_PLACEMENT_3D('',#5971,#4857,#4858);
#3862=AXIS2_PLACEMENT_3D('',#5975,#4861,#4862);
#3863=AXIS2_PLACEMENT_3D('',#5978,#4863,#4864);
#3864=AXIS2_PLACEMENT_3D('',#5982,#4866,#4867);
#3865=AXIS2_PLACEMENT_3D('',#5986,#4869,#4870);
#3866=AXIS2_PLACEMENT_3D('',#5990,#4872,#4873);
#3867=AXIS2_PLACEMENT_3D('',#5993,#4875,#4876);
#3868=AXIS2_PLACEMENT_3D('',#5995,#4877,#4878);
#3869=AXIS2_PLACEMENT_3D('',#5997,#4879,#4880);
#3870=AXIS2_PLACEMENT_3D('',#5999,#4881,#4882);
#3871=AXIS2_PLACEMENT_3D('',#6001,#4883,#4884);
#3872=AXIS2_PLACEMENT_3D('',#6003,#4885,#4886);
#3873=AXIS2_PLACEMENT_3D('',#6004,#4887,#4888);
#3874=AXIS2_PLACEMENT_3D('',#6008,#4890,#4891);
#3875=AXIS2_PLACEMENT_3D('',#6010,#4893,#4894);
#3876=AXIS2_PLACEMENT_3D('',#6014,#4897,#4898);
#3877=AXIS2_PLACEMENT_3D('',#6018,#4900,#4901);
#3878=AXIS2_PLACEMENT_3D('',#6020,#4903,#4904);
#3879=AXIS2_PLACEMENT_3D('',#6022,#4906,#4907);
#3880=AXIS2_PLACEMENT_3D('',#6026,#4909,#4910);
#3881=AXIS2_PLACEMENT_3D('',#6028,#4912,#4913);
#3882=AXIS2_PLACEMENT_3D('',#6030,#4915,#4916);
#3883=AXIS2_PLACEMENT_3D('',#6033,#4918,#4919);
#3884=AXIS2_PLACEMENT_3D('',#6034,#4920,#4921);
#3885=AXIS2_PLACEMENT_3D('',#6036,#4923,#4924);
#3886=AXIS2_PLACEMENT_3D('',#6038,#4925,#4926);
#3887=AXIS2_PLACEMENT_3D('',#6041,#4928,#4929);
#3888=AXIS2_PLACEMENT_3D('',#6042,#4930,#4931);
#3889=AXIS2_PLACEMENT_3D('',#6044,#4932,#4933);
#3890=AXIS2_PLACEMENT_3D('',#6045,#4934,#4935);
#3891=AXIS2_PLACEMENT_3D('',#6047,#4936,#4937);
#3892=AXIS2_PLACEMENT_3D('',#6050,#4939,#4940);
#3893=AXIS2_PLACEMENT_3D('',#6051,#4941,#4942);
#3894=AXIS2_PLACEMENT_3D('',#6053,#4943,#4944);
#3895=AXIS2_PLACEMENT_3D('',#6054,#4945,#4946);
#3896=AXIS2_PLACEMENT_3D('',#6056,#4947,#4948);
#3897=AXIS2_PLACEMENT_3D('',#6058,#4950,#4951);
#3898=AXIS2_PLACEMENT_3D('',#6060,#4953,#4954);
#3899=AXIS2_PLACEMENT_3D('',#6062,#4956,#4957);
#3900=AXIS2_PLACEMENT_3D('',#6064,#4958,#4959);
#3901=AXIS2_PLACEMENT_3D('',#6066,#4961,#4962);
#3902=AXIS2_PLACEMENT_3D('',#6068,#4963,#4964);
#3903=AXIS2_PLACEMENT_3D('',#6070,#4966,#4967);
#3904=AXIS2_PLACEMENT_3D('',#6072,#4968,#4969);
#3905=AXIS2_PLACEMENT_3D('',#6074,#4971,#4972);
#3906=AXIS2_PLACEMENT_3D('',#6078,#4975,#4976);
#3907=AXIS2_PLACEMENT_3D('',#6080,#4977,#4978);
#3908=AXIS2_PLACEMENT_3D('',#6082,#4980,#4981);
#3909=AXIS2_PLACEMENT_3D('',#6086,#4984,#4985);
#3910=AXIS2_PLACEMENT_3D('',#6087,#4986,#4987);
#3911=AXIS2_PLACEMENT_3D('',#6088,#4988,#4989);
#3912=DIRECTION('axis',(0.,0.,1.));
#3913=DIRECTION('refdir',(1.,0.,0.));
#3914=DIRECTION('center_axis',(0.,0.,-1.));
#3915=DIRECTION('ref_axis',(-1.,0.,0.));
#3916=DIRECTION('center_axis',(0.,0.,-1.));
#3917=DIRECTION('ref_axis',(-1.,0.,0.));
#3918=DIRECTION('',(0.,0.,-1.));
#3919=DIRECTION('center_axis',(0.,0.,1.));
#3920=DIRECTION('ref_axis',(-1.,0.,0.));
#3921=DIRECTION('center_axis',(0.,0.,-1.));
#3922=DIRECTION('ref_axis',(-1.,0.,0.));
#3923=DIRECTION('center_axis',(0.,0.,-1.));
#3924=DIRECTION('ref_axis',(-1.,0.,0.));
#3925=DIRECTION('',(0.,0.,-1.));
#3926=DIRECTION('center_axis',(0.,0.,1.));
#3927=DIRECTION('ref_axis',(-1.,0.,0.));
#3928=DIRECTION('center_axis',(0.,0.,1.));
#3929=DIRECTION('ref_axis',(-1.,0.,0.));
#3930=DIRECTION('center_axis',(0.,0.,-1.));
#3931=DIRECTION('ref_axis',(-1.,0.,0.));
#3932=DIRECTION('center_axis',(0.,0.,-1.));
#3933=DIRECTION('ref_axis',(-1.,0.,0.));
#3934=DIRECTION('',(0.,0.,-1.));
#3935=DIRECTION('center_axis',(0.,0.,1.));
#3936=DIRECTION('ref_axis',(-1.,0.,0.));
#3937=DIRECTION('center_axis',(0.,0.,-1.));
#3938=DIRECTION('ref_axis',(-1.,0.,0.));
#3939=DIRECTION('center_axis',(0.,0.,-1.));
#3940=DIRECTION('ref_axis',(-1.,0.,0.));
#3941=DIRECTION('',(0.,0.,-1.));
#3942=DIRECTION('center_axis',(0.,0.,1.));
#3943=DIRECTION('ref_axis',(-1.,0.,0.));
#3944=DIRECTION('center_axis',(0.,0.,1.));
#3945=DIRECTION('ref_axis',(-1.,0.,0.));
#3946=DIRECTION('center_axis',(0.,0.,-1.));
#3947=DIRECTION('ref_axis',(-1.,0.,0.));
#3948=DIRECTION('center_axis',(0.,0.,-1.));
#3949=DIRECTION('ref_axis',(-1.,0.,0.));
#3950=DIRECTION('',(0.,0.,-1.));
#3951=DIRECTION('center_axis',(0.,0.,1.));
#3952=DIRECTION('ref_axis',(-1.,0.,0.));
#3953=DIRECTION('center_axis',(0.,0.,-1.));
#3954=DIRECTION('ref_axis',(-1.,0.,0.));
#3955=DIRECTION('center_axis',(0.,0.,-1.));
#3956=DIRECTION('ref_axis',(-1.,0.,0.));
#3957=DIRECTION('',(0.,0.,-1.));
#3958=DIRECTION('center_axis',(0.,0.,1.));
#3959=DIRECTION('ref_axis',(-1.,0.,0.));
#3960=DIRECTION('center_axis',(0.,0.,1.));
#3961=DIRECTION('ref_axis',(-1.,0.,0.));
#3962=DIRECTION('center_axis',(0.,0.,-1.));
#3963=DIRECTION('ref_axis',(-1.,0.,0.));
#3964=DIRECTION('center_axis',(0.,0.,-1.));
#3965=DIRECTION('ref_axis',(-1.,0.,0.));
#3966=DIRECTION('',(0.,0.,-1.));
#3967=DIRECTION('center_axis',(0.,0.,1.));
#3968=DIRECTION('ref_axis',(-1.,0.,0.));
#3969=DIRECTION('center_axis',(0.,0.,-1.));
#3970=DIRECTION('ref_axis',(-1.,0.,0.));
#3971=DIRECTION('center_axis',(0.,0.,-1.));
#3972=DIRECTION('ref_axis',(-1.,0.,0.));
#3973=DIRECTION('',(0.,0.,-1.));
#3974=DIRECTION('center_axis',(0.,0.,1.));
#3975=DIRECTION('ref_axis',(-1.,0.,0.));
#3976=DIRECTION('center_axis',(0.,0.,1.));
#3977=DIRECTION('ref_axis',(-1.,0.,0.));
#3978=DIRECTION('center_axis',(0.,0.,1.));
#3979=DIRECTION('ref_axis',(1.,0.,0.));
#3980=DIRECTION('',(0.,-1.,0.));
#3981=DIRECTION('',(0.,-1.,0.));
#3982=DIRECTION('',(0.,-1.,0.));
#3983=DIRECTION('',(-0.680720868958918,-0.732542898787379,0.));
#3984=DIRECTION('',(-1.,0.,0.));
#3985=DIRECTION('',(-0.680720868958918,0.732542898787379,0.));
#3986=DIRECTION('',(0.,1.,0.));
#3987=DIRECTION('',(0.599023598515586,0.800731370948733,0.));
#3988=DIRECTION('',(1.,-6.41486395194047E-16,0.));
#3989=DIRECTION('',(0.599023598515587,-0.800731370948733,0.));
#3990=DIRECTION('',(0.,-1.,0.));
#3991=DIRECTION('',(0.,-1.,0.));
#3992=DIRECTION('center_axis',(0.,0.,-1.));
#3993=DIRECTION('ref_axis',(1.,0.,0.));
#3994=DIRECTION('center_axis',(0.,0.,-1.));
#3995=DIRECTION('ref_axis',(1.,0.,0.));
#3996=DIRECTION('center_axis',(0.,0.,-1.));
#3997=DIRECTION('ref_axis',(1.,0.,0.));
#3998=DIRECTION('center_axis',(0.,0.,-1.));
#3999=DIRECTION('ref_axis',(1.,0.,0.));
#4000=DIRECTION('center_axis',(0.,0.,-1.));
#4001=DIRECTION('ref_axis',(1.,0.,0.));
#4002=DIRECTION('center_axis',(0.,0.,-1.));
#4003=DIRECTION('ref_axis',(1.,0.,0.));
#4004=DIRECTION('center_axis',(0.,0.,-1.));
#4005=DIRECTION('ref_axis',(1.,0.,0.));
#4006=DIRECTION('center_axis',(0.,0.,-1.));
#4007=DIRECTION('ref_axis',(1.,0.,0.));
#4008=DIRECTION('center_axis',(0.,-1.,0.));
#4009=DIRECTION('ref_axis',(-0.979795897113271,0.,-0.2));
#4010=DIRECTION('center_axis',(0.800731370948733,0.599023598515587,0.));
#4011=DIRECTION('ref_axis',(-0.599023598515587,0.800731370948733,1.66262447841455E-17));
#4012=DIRECTION('',(0.,-1.,0.));
#4013=DIRECTION('center_axis',(0.732542898787379,-0.680720868958918,0.));
#4014=DIRECTION('ref_axis',(-0.680720868958918,-0.732542898787379,3.77875991030517E-17));
#4015=DIRECTION('center_axis',(-0.800731370948733,-0.599023598515587,0.));
#4016=DIRECTION('ref_axis',(0.599023598515587,-0.800731370948733,0.));
#4017=DIRECTION('',(0.,0.,1.));
#4018=DIRECTION('',(0.599023598515587,-0.800731370948733,0.));
#4019=DIRECTION('center_axis',(0.,0.,1.));
#4020=DIRECTION('ref_axis',(1.,0.,0.));
#4021=DIRECTION('center_axis',(0.,0.,-1.));
#4022=DIRECTION('ref_axis',(1.,0.,0.));
#4023=DIRECTION('',(0.,0.,-1.));
#4024=DIRECTION('center_axis',(0.,0.,1.));
#4025=DIRECTION('ref_axis',(1.,0.,0.));
#4026=DIRECTION('center_axis',(0.,0.,-1.));
#4027=DIRECTION('ref_axis',(1.,0.,0.));
#4028=DIRECTION('',(0.,0.,-1.));
#4029=DIRECTION('center_axis',(0.,0.,1.));
#4030=DIRECTION('ref_axis',(1.,0.,0.));
#4031=DIRECTION('center_axis',(0.,0.,-1.));
#4032=DIRECTION('ref_axis',(1.,0.,0.));
#4033=DIRECTION('',(0.,0.,-1.));
#4034=DIRECTION('center_axis',(0.,0.,1.));
#4035=DIRECTION('ref_axis',(1.,0.,0.));
#4036=DIRECTION('center_axis',(0.,0.,-1.));
#4037=DIRECTION('ref_axis',(1.,0.,0.));
#4038=DIRECTION('',(0.,0.,-1.));
#4039=DIRECTION('center_axis',(0.,0.,1.));
#4040=DIRECTION('ref_axis',(1.,0.,0.));
#4041=DIRECTION('center_axis',(0.,0.,-1.));
#4042=DIRECTION('ref_axis',(1.,0.,0.));
#4043=DIRECTION('',(0.,0.,-1.));
#4044=DIRECTION('center_axis',(0.,0.,1.));
#4045=DIRECTION('ref_axis',(1.,0.,0.));
#4046=DIRECTION('center_axis',(0.,0.,-1.));
#4047=DIRECTION('ref_axis',(1.,0.,0.));
#4048=DIRECTION('',(0.,0.,-1.));
#4049=DIRECTION('center_axis',(0.,0.,1.));
#4050=DIRECTION('ref_axis',(1.,0.,0.));
#4051=DIRECTION('center_axis',(0.,0.,-1.));
#4052=DIRECTION('ref_axis',(1.,0.,0.));
#4053=DIRECTION('',(0.,0.,-1.));
#4054=DIRECTION('center_axis',(0.,0.,1.));
#4055=DIRECTION('ref_axis',(1.,0.,0.));
#4056=DIRECTION('center_axis',(0.,0.,-1.));
#4057=DIRECTION('ref_axis',(1.,0.,0.));
#4058=DIRECTION('',(0.,0.,-1.));
#4059=DIRECTION('center_axis',(1.,0.,0.));
#4060=DIRECTION('ref_axis',(0.,1.,0.));
#4061=DIRECTION('',(0.,0.,1.));
#4062=DIRECTION('',(0.,1.,0.));
#4063=DIRECTION('',(0.,0.,1.));
#4064=DIRECTION('center_axis',(0.800731370948733,-0.599023598515586,0.));
#4065=DIRECTION('ref_axis',(0.599023598515586,0.800731370948733,0.));
#4066=DIRECTION('',(0.599023598515586,0.800731370948733,0.));
#4067=DIRECTION('',(0.,0.,1.));
#4068=DIRECTION('center_axis',(-6.41486395194047E-16,-1.,0.));
#4069=DIRECTION('ref_axis',(1.,-6.41486395194047E-16,0.));
#4070=DIRECTION('',(1.,-6.41486395194047E-16,0.));
#4071=DIRECTION('center_axis',(-0.732542898787379,0.680720868958918,0.));
#4072=DIRECTION('ref_axis',(-0.680720868958918,-0.732542898787379,0.));
#4073=DIRECTION('',(-0.680720868958918,-0.732542898787379,0.));
#4074=DIRECTION('',(0.,0.,1.));
#4075=DIRECTION('center_axis',(0.,1.,0.));
#4076=DIRECTION('ref_axis',(-1.,0.,0.));
#4077=DIRECTION('',(-1.,0.,0.));
#4078=DIRECTION('',(0.,0.,1.));
#4079=DIRECTION('center_axis',(0.732542898787379,0.680720868958918,0.));
#4080=DIRECTION('ref_axis',(-0.680720868958918,0.732542898787379,0.));
#4081=DIRECTION('',(-0.680720868958918,0.732542898787379,0.));
#4082=DIRECTION('center_axis',(0.,0.,1.));
#4083=DIRECTION('ref_axis',(1.,0.,0.));
#4084=DIRECTION('center_axis',(0.,0.,1.));
#4085=DIRECTION('ref_axis',(1.,0.,0.));
#4086=DIRECTION('center_axis',(0.,0.,1.));
#4087=DIRECTION('ref_axis',(1.,0.,0.));
#4088=DIRECTION('',(-0.168963815110847,2.06920995347224E-17,0.985622254813266));
#4089=DIRECTION('center_axis',(0.,0.,1.));
#4090=DIRECTION('ref_axis',(-0.992550026408055,0.121837781814052,0.));
#4091=DIRECTION('center_axis',(0.,0.,-1.));
#4092=DIRECTION('ref_axis',(1.,0.,0.));
#4093=DIRECTION('center_axis',(0.,0.,1.));
#4094=DIRECTION('ref_axis',(-0.992550026408055,0.121837781814052,0.));
#4095=DIRECTION('center_axis',(0.,0.,-1.));
#4096=DIRECTION('ref_axis',(1.,0.,0.));
#4097=DIRECTION('center_axis',(0.,0.,1.));
#4098=DIRECTION('ref_axis',(1.,0.,0.));
#4099=DIRECTION('center_axis',(0.,0.,1.));
#4100=DIRECTION('ref_axis',(-1.,0.,0.));
#4101=DIRECTION('center_axis',(0.,0.,1.));
#4102=DIRECTION('ref_axis',(-1.,0.,0.));
#4103=DIRECTION('',(0.168963815110846,-2.06920995347222E-17,0.985622254813267));
#4104=DIRECTION('center_axis',(0.,0.,-1.));
#4105=DIRECTION('ref_axis',(-1.,0.,0.));
#4106=DIRECTION('center_axis',(0.,0.,1.));
#4107=DIRECTION('ref_axis',(-0.934501246163973,-0.355959858576753,0.));
#4108=DIRECTION('center_axis',(0.,0.,-1.));
#4109=DIRECTION('ref_axis',(-1.,0.,0.));
#4110=DIRECTION('center_axis',(0.,0.,-1.));
#4111=DIRECTION('ref_axis',(1.,0.,0.));
#4112=DIRECTION('center_axis',(0.,0.,1.));
#4113=DIRECTION('ref_axis',(1.,0.,0.));
#4114=DIRECTION('center_axis',(0.,0.,-1.));
#4115=DIRECTION('ref_axis',(-0.121837781814052,-0.992550026408055,0.));
#4116=DIRECTION('center_axis',(0.,0.,-1.));
#4117=DIRECTION('ref_axis',(1.,0.,0.));
#4118=DIRECTION('center_axis',(0.,0.,-1.));
#4119=DIRECTION('ref_axis',(0.121837781814051,0.992550026408056,0.));
#4120=DIRECTION('center_axis',(0.,0.,-1.));
#4121=DIRECTION('ref_axis',(1.,0.,0.));
#4122=DIRECTION('',(-0.121837781814052,-0.992550026408055,0.));
#4123=DIRECTION('center_axis',(0.,0.,-1.));
#4124=DIRECTION('ref_axis',(-0.992550026408055,0.121837781814052,0.));
#4125=DIRECTION('',(-0.121837781814052,-0.992550026408055,0.));
#4126=DIRECTION('',(0.992550026408055,-0.121837781814052,0.));
#4127=DIRECTION('center_axis',(0.,0.,-1.));
#4128=DIRECTION('ref_axis',(-0.934501246163973,-0.355959858576752,0.));
#4129=DIRECTION('',(-0.746585158164034,-0.665289862848656,0.));
#4130=DIRECTION('center_axis',(0.,0.,-1.));
#4131=DIRECTION('ref_axis',(-0.462901715563972,-0.886409612835923,0.));
#4132=DIRECTION('',(0.121837781814052,0.992550026408055,0.));
#4133=DIRECTION('center_axis',(0.,0.,-1.));
#4134=DIRECTION('ref_axis',(1.,0.,0.));
#4135=DIRECTION('',(0.,0.,-1.));
#4136=DIRECTION('center_axis',(0.,0.,-1.));
#4137=DIRECTION('ref_axis',(1.,0.,0.));
#4138=DIRECTION('',(0.,0.,-1.));
#4139=DIRECTION('center_axis',(0.,0.,-1.));
#4140=DIRECTION('ref_axis',(1.,0.,0.));
#4141=DIRECTION('center_axis',(0.,0.,1.));
#4142=DIRECTION('ref_axis',(-0.992550026408055,0.121837781814052,0.));
#4143=DIRECTION('center_axis',(0.,0.,-1.));
#4144=DIRECTION('ref_axis',(1.,0.,0.));
#4145=DIRECTION('',(0.,0.,-1.));
#4146=DIRECTION('center_axis',(0.,0.,-1.));
#4147=DIRECTION('ref_axis',(1.,0.,0.));
#4148=DIRECTION('',(0.,0.,-1.));
#4149=DIRECTION('center_axis',(0.,0.,-1.));
#4150=DIRECTION('ref_axis',(0.46401983183187,0.885824810934263,0.));
#4151=DIRECTION('center_axis',(0.,0.,-1.));
#4152=DIRECTION('ref_axis',(1.,0.,0.));
#4153=DIRECTION('center_axis',(0.,0.,-1.));
#4154=DIRECTION('ref_axis',(-0.464019831831872,-0.885824810934262,0.));
#4155=DIRECTION('',(0.,0.,-1.));
#4156=DIRECTION('center_axis',(0.,0.,-1.));
#4157=DIRECTION('ref_axis',(1.,0.,0.));
#4158=DIRECTION('',(0.,0.,-1.));
#4159=DIRECTION('center_axis',(0.,0.,-1.));
#4160=DIRECTION('ref_axis',(1.,0.,0.));
#4161=DIRECTION('center_axis',(0.,0.,1.));
#4162=DIRECTION('ref_axis',(-0.934501246163971,-0.355959858576756,0.));
#4163=DIRECTION('center_axis',(1.,-7.65671051465625E-17,0.));
#4164=DIRECTION('ref_axis',(7.65671051465625E-17,1.,0.));
#4165=DIRECTION('center_axis',(0.,0.,-1.));
#4166=DIRECTION('ref_axis',(1.,0.,0.));
#4167=DIRECTION('',(0.,0.,-1.));
#4168=DIRECTION('center_axis',(0.,0.,-1.));
#4169=DIRECTION('ref_axis',(1.,0.,0.));
#4170=DIRECTION('',(0.,0.,-1.));
#4171=DIRECTION('center_axis',(0.,0.,-1.));
#4172=DIRECTION('ref_axis',(1.,0.,0.));
#4173=DIRECTION('center_axis',(0.,0.,1.));
#4174=DIRECTION('ref_axis',(1.,0.,0.));
#4175=DIRECTION('center_axis',(0.,0.,-1.));
#4176=DIRECTION('ref_axis',(1.,0.,0.));
#4177=DIRECTION('center_axis',(0.,0.,1.));
#4178=DIRECTION('ref_axis',(1.,0.,0.));
#4179=DIRECTION('center_axis',(0.,0.,1.));
#4180=DIRECTION('ref_axis',(1.,0.,0.));
#4181=DIRECTION('center_axis',(0.,0.,-1.));
#4182=DIRECTION('ref_axis',(1.,0.,0.));
#4183=DIRECTION('',(0.,0.,-1.));
#4184=DIRECTION('center_axis',(0.,0.,-1.));
#4185=DIRECTION('ref_axis',(1.,0.,0.));
#4186=DIRECTION('',(0.,0.,1.));
#4187=DIRECTION('center_axis',(0.,0.,1.));
#4188=DIRECTION('ref_axis',(1.,0.,0.));
#4189=DIRECTION('center_axis',(0.,0.,-1.));
#4190=DIRECTION('ref_axis',(1.,0.,0.));
#4191=DIRECTION('',(0.,0.,1.));
#4192=DIRECTION('center_axis',(0.,0.,1.));
#4193=DIRECTION('ref_axis',(1.,0.,0.));
#4194=DIRECTION('center_axis',(0.,0.,-1.));
#4195=DIRECTION('ref_axis',(1.,0.,0.));
#4196=DIRECTION('',(0.,0.,1.));
#4197=DIRECTION('center_axis',(0.,0.,1.));
#4198=DIRECTION('ref_axis',(1.,0.,0.));
#4199=DIRECTION('center_axis',(0.665289862848656,-0.746585158164034,0.));
#4200=DIRECTION('ref_axis',(-0.746585158164034,-0.665289862848656,0.));
#4201=DIRECTION('',(0.746585158164034,0.665289862848656,0.));
#4202=DIRECTION('center_axis',(1.,-7.65671051465625E-17,0.));
#4203=DIRECTION('ref_axis',(-7.65671051465625E-17,-1.,0.));
#4204=DIRECTION('',(-7.65671051465625E-17,-1.,0.));
#4205=DIRECTION('',(0.,0.,-1.));
#4206=DIRECTION('center_axis',(0.121837781814052,0.992550026408055,0.));
#4207=DIRECTION('ref_axis',(0.992550026408055,-0.121837781814052,0.));
#4208=DIRECTION('',(-0.992550026408055,0.121837781814052,0.));
#4209=DIRECTION('',(0.,0.,-1.));
#4210=DIRECTION('center_axis',(0.992550026408055,-0.121837781814052,0.));
#4211=DIRECTION('ref_axis',(-0.121837781814052,-0.992550026408055,0.));
#4212=DIRECTION('',(-0.121837781814052,-0.992550026408055,0.));
#4213=DIRECTION('center_axis',(0.992550026408055,-0.121837781814052,0.));
#4214=DIRECTION('ref_axis',(-0.121837781814052,-0.992550026408055,0.));
#4215=DIRECTION('',(-0.121837781814052,-0.992550026408055,0.));
#4216=DIRECTION('center_axis',(-0.992550026408055,0.121837781814052,0.));
#4217=DIRECTION('ref_axis',(0.121837781814052,0.992550026408055,0.));
#4218=DIRECTION('',(0.121837781814052,0.992550026408055,0.));
#4219=DIRECTION('center_axis',(0.,0.,-1.));
#4220=DIRECTION('ref_axis',(1.,0.,0.));
#4221=DIRECTION('center_axis',(0.,0.,-1.));
#4222=DIRECTION('ref_axis',(1.,0.,0.));
#4223=DIRECTION('center_axis',(0.,0.,1.));
#4224=DIRECTION('ref_axis',(1.,0.,0.));
#4225=DIRECTION('',(0.,0.,1.));
#4226=DIRECTION('center_axis',(0.,0.,1.));
#4227=DIRECTION('ref_axis',(1.,0.,0.));
#4228=DIRECTION('center_axis',(0.,0.,-1.));
#4229=DIRECTION('ref_axis',(1.,0.,0.));
#4230=DIRECTION('center_axis',(0.,0.,1.));
#4231=DIRECTION('ref_axis',(1.,0.,0.));
#4232=DIRECTION('',(0.,0.,1.));
#4233=DIRECTION('center_axis',(0.,0.,1.));
#4234=DIRECTION('ref_axis',(1.,0.,0.));
#4235=DIRECTION('center_axis',(0.,0.,-1.));
#4236=DIRECTION('ref_axis',(1.,0.,0.));
#4237=DIRECTION('center_axis',(0.,0.,1.));
#4238=DIRECTION('ref_axis',(1.,0.,0.));
#4239=DIRECTION('',(0.,0.,1.));
#4240=DIRECTION('center_axis',(0.,0.,1.));
#4241=DIRECTION('ref_axis',(1.,0.,0.));
#4242=DIRECTION('center_axis',(0.,0.,-1.));
#4243=DIRECTION('ref_axis',(1.,0.,0.));
#4244=DIRECTION('center_axis',(0.,0.,1.));
#4245=DIRECTION('ref_axis',(1.,0.,0.));
#4246=DIRECTION('',(0.,0.,1.));
#4247=DIRECTION('center_axis',(0.,0.,1.));
#4248=DIRECTION('ref_axis',(1.,0.,0.));
#4249=DIRECTION('center_axis',(0.992550026408055,0.121837781814057,0.));
#4250=DIRECTION('ref_axis',(0.121837781814057,-0.992550026408055,0.));
#4251=DIRECTION('',(-0.121837781814057,0.992550026408055,0.));
#4252=DIRECTION('',(0.,0.,-1.));
#4253=DIRECTION('',(0.121837781814057,-0.992550026408055,0.));
#4254=DIRECTION('',(0.,0.,-1.));
#4255=DIRECTION('center_axis',(0.,0.,-1.));
#4256=DIRECTION('ref_axis',(-0.121837781814058,0.992550026408055,0.));
#4257=DIRECTION('center_axis',(0.,0.,-1.));
#4258=DIRECTION('ref_axis',(1.,0.,0.));
#4259=DIRECTION('center_axis',(0.,0.,-1.));
#4260=DIRECTION('ref_axis',(1.,0.,0.));
#4261=DIRECTION('',(0.,0.,-1.));
#4262=DIRECTION('center_axis',(-0.992550026408055,-0.121837781814058,0.));
#4263=DIRECTION('ref_axis',(-0.121837781814058,0.992550026408055,0.));
#4264=DIRECTION('',(-0.121837781814058,0.992550026408055,0.));
#4265=DIRECTION('',(-0.121837781814058,0.992550026408055,0.));
#4266=DIRECTION('',(0.,0.,-1.));
#4267=DIRECTION('center_axis',(0.,0.,-1.));
#4268=DIRECTION('ref_axis',(-0.992550026408054,-0.121837781814059,0.));
#4269=DIRECTION('center_axis',(0.,0.,-1.));
#4270=DIRECTION('ref_axis',(1.,0.,0.));
#4271=DIRECTION('center_axis',(0.,0.,-1.));
#4272=DIRECTION('ref_axis',(1.,0.,0.));
#4273=DIRECTION('',(0.,0.,-1.));
#4274=DIRECTION('center_axis',(-0.992550026408055,-0.121837781814058,0.));
#4275=DIRECTION('ref_axis',(-0.121837781814058,0.992550026408055,0.));
#4276=DIRECTION('',(-0.121837781814058,0.992550026408055,0.));
#4277=DIRECTION('',(-0.121837781814058,0.992550026408055,0.));
#4278=DIRECTION('',(0.,0.,-1.));
#4279=DIRECTION('center_axis',(-0.121837781814056,0.992550026408055,0.));
#4280=DIRECTION('ref_axis',(0.992550026408055,0.121837781814056,0.));
#4281=DIRECTION('',(0.992550026408055,0.121837781814056,0.));
#4282=DIRECTION('',(0.992550026408055,0.121837781814056,0.));
#4283=DIRECTION('',(0.,0.,-1.));
#4284=DIRECTION('center_axis',(-1.,0.,0.));
#4285=DIRECTION('ref_axis',(0.,1.,0.));
#4286=DIRECTION('',(0.,1.,0.));
#4287=DIRECTION('',(0.,1.,0.));
#4288=DIRECTION('',(0.,0.,-1.));
#4289=DIRECTION('center_axis',(0.,0.,-1.));
#4290=DIRECTION('ref_axis',(-0.934501246164016,0.355959858576638,0.));
#4291=DIRECTION('center_axis',(0.,0.,-1.));
#4292=DIRECTION('ref_axis',(1.,0.,0.));
#4293=DIRECTION('center_axis',(0.,0.,-1.));
#4294=DIRECTION('ref_axis',(1.,0.,0.));
#4295=DIRECTION('',(0.,0.,-1.));
#4296=DIRECTION('center_axis',(-0.665289862848471,-0.746585158164199,0.));
#4297=DIRECTION('ref_axis',(-0.746585158164199,0.665289862848471,0.));
#4298=DIRECTION('',(-0.746585158164199,0.665289862848471,0.));
#4299=DIRECTION('',(-0.746585158164199,0.665289862848471,0.));
#4300=DIRECTION('',(0.,0.,-1.));
#4301=DIRECTION('center_axis',(0.,0.,-1.));
#4302=DIRECTION('ref_axis',(1.,0.,0.));
#4303=DIRECTION('center_axis',(0.,0.,-1.));
#4304=DIRECTION('ref_axis',(1.,0.,0.));
#4305=DIRECTION('center_axis',(0.,0.,-1.));
#4306=DIRECTION('ref_axis',(1.,0.,0.));
#4307=DIRECTION('center_axis',(0.,0.,-1.));
#4308=DIRECTION('ref_axis',(1.,0.,0.));
#4309=DIRECTION('center_axis',(0.,0.,-1.));
#4310=DIRECTION('ref_axis',(1.,0.,0.));
#4311=DIRECTION('center_axis',(0.,0.,-1.));
#4312=DIRECTION('ref_axis',(1.,0.,0.));
#4313=DIRECTION('',(0.,1.,0.));
#4314=DIRECTION('',(1.,0.,0.));
#4315=DIRECTION('center_axis',(0.,0.,-1.));
#4316=DIRECTION('ref_axis',(0.707106781186547,-0.707106781186547,0.));
#4317=DIRECTION('',(-1.,0.,0.));
#4318=DIRECTION('center_axis',(0.,0.,1.));
#4319=DIRECTION('ref_axis',(1.,0.,0.));
#4320=DIRECTION('center_axis',(0.,0.,-1.));
#4321=DIRECTION('ref_axis',(1.,0.,0.));
#4322=DIRECTION('',(0.,-1.,0.));
#4323=DIRECTION('',(-1.,0.,0.));
#4324=DIRECTION('center_axis',(0.,0.,-1.));
#4325=DIRECTION('ref_axis',(-0.707106781186547,0.707106781186547,0.));
#4326=DIRECTION('',(1.,0.,0.));
#4327=DIRECTION('center_axis',(0.,0.,1.));
#4328=DIRECTION('ref_axis',(1.,0.,0.));
#4329=DIRECTION('center_axis',(0.,-1.,0.));
#4330=DIRECTION('ref_axis',(-1.,0.,0.));
#4331=DIRECTION('center_axis',(0.,1.,0.));
#4332=DIRECTION('ref_axis',(-1.,0.,0.));
#4333=DIRECTION('',(0.,1.,0.));
#4334=DIRECTION('center_axis',(0.,-1.,0.));
#4335=DIRECTION('ref_axis',(-1.,0.,0.));
#4336=DIRECTION('center_axis',(0.,-1.,0.));
#4337=DIRECTION('ref_axis',(-1.,0.,0.));
#4338=DIRECTION('center_axis',(0.,1.,0.));
#4339=DIRECTION('ref_axis',(-1.,0.,0.));
#4340=DIRECTION('',(0.,1.,0.));
#4341=DIRECTION('center_axis',(0.,-1.,0.));
#4342=DIRECTION('ref_axis',(-1.,0.,0.));
#4343=DIRECTION('center_axis',(0.,-1.,0.));
#4344=DIRECTION('ref_axis',(-1.,0.,0.));
#4345=DIRECTION('center_axis',(0.,1.,0.));
#4346=DIRECTION('ref_axis',(-1.,0.,0.));
#4347=DIRECTION('',(0.,1.,0.));
#4348=DIRECTION('center_axis',(0.,-1.,0.));
#4349=DIRECTION('ref_axis',(-1.,0.,0.));
#4350=DIRECTION('center_axis',(0.,-1.,0.));
#4351=DIRECTION('ref_axis',(-1.,0.,0.));
#4352=DIRECTION('center_axis',(0.,1.,0.));
#4353=DIRECTION('ref_axis',(-1.,0.,0.));
#4354=DIRECTION('',(0.,1.,0.));
#4355=DIRECTION('center_axis',(0.,-1.,0.));
#4356=DIRECTION('ref_axis',(-1.,0.,0.));
#4357=DIRECTION('center_axis',(0.,0.,-1.));
#4358=DIRECTION('ref_axis',(1.,0.,0.));
#4359=DIRECTION('',(0.,0.,1.));
#4360=DIRECTION('center_axis',(0.,0.,1.));
#4361=DIRECTION('ref_axis',(1.,0.,0.));
#4362=DIRECTION('center_axis',(0.,0.,-1.));
#4363=DIRECTION('ref_axis',(1.,0.,0.));
#4364=DIRECTION('',(0.,0.,1.));
#4365=DIRECTION('center_axis',(0.,0.,1.));
#4366=DIRECTION('ref_axis',(1.,0.,0.));
#4367=DIRECTION('center_axis',(0.,0.,-1.));
#4368=DIRECTION('ref_axis',(0.707106781186547,0.707106781186547,0.));
#4369=DIRECTION('',(0.,0.,1.));
#4370=DIRECTION('center_axis',(0.,0.,-1.));
#4371=DIRECTION('ref_axis',(0.707106781186547,-0.707106781186547,0.));
#4372=DIRECTION('',(0.,0.,-1.));
#4373=DIRECTION('center_axis',(0.,0.,-1.));
#4374=DIRECTION('ref_axis',(1.,0.,0.));
#4375=DIRECTION('center_axis',(0.,0.,-1.));
#4376=DIRECTION('ref_axis',(-0.707106781186547,0.707106781186547,0.));
#4377=DIRECTION('',(-1.,0.,0.));
#4378=DIRECTION('',(-1.,0.,0.));
#4379=DIRECTION('',(-1.,0.,0.));
#4380=DIRECTION('',(1.,0.,0.));
#4381=DIRECTION('center_axis',(0.,0.,-1.));
#4382=DIRECTION('ref_axis',(-0.707106781186547,0.707106781186547,0.));
#4383=DIRECTION('',(0.,0.,1.));
#4384=DIRECTION('',(0.,0.,-1.));
#4385=DIRECTION('center_axis',(-1.,0.,0.));
#4386=DIRECTION('ref_axis',(0.,0.,1.));
#4387=DIRECTION('',(0.,0.,1.));
#4388=DIRECTION('',(0.,0.,1.));
#4389=DIRECTION('',(0.,0.,-1.));
#4390=DIRECTION('',(0.,1.,0.));
#4391=DIRECTION('center_axis',(1.,0.,0.));
#4392=DIRECTION('ref_axis',(0.,0.,-1.));
#4393=DIRECTION('',(0.,0.,-1.));
#4394=DIRECTION('',(0.,1.,0.));
#4395=DIRECTION('',(0.,0.,1.));
#4396=DIRECTION('',(0.,0.,-1.));
#4397=DIRECTION('center_axis',(0.,0.,1.));
#4398=DIRECTION('ref_axis',(1.,0.,0.));
#4399=DIRECTION('',(-1.,0.,0.));
#4400=DIRECTION('',(1.,0.,0.));
#4401=DIRECTION('center_axis',(0.,-1.,0.));
#4402=DIRECTION('ref_axis',(1.,0.,0.));
#4403=DIRECTION('center_axis',(0.,-1.,0.));
#4404=DIRECTION('ref_axis',(1.,0.,0.));
#4405=DIRECTION('center_axis',(0.,-1.,0.));
#4406=DIRECTION('ref_axis',(1.,0.,0.));
#4407=DIRECTION('',(0.,1.,0.));
#4408=DIRECTION('center_axis',(0.,1.,0.));
#4409=DIRECTION('ref_axis',(1.,0.,0.));
#4410=DIRECTION('center_axis',(0.,1.,0.));
#4411=DIRECTION('ref_axis',(1.,0.,0.));
#4412=DIRECTION('center_axis',(0.,-1.,0.));
#4413=DIRECTION('ref_axis',(1.,0.,0.));
#4414=DIRECTION('center_axis',(0.,-1.,0.));
#4415=DIRECTION('ref_axis',(1.,0.,0.));
#4416=DIRECTION('center_axis',(0.,-1.,0.));
#4417=DIRECTION('ref_axis',(1.,0.,0.));
#4418=DIRECTION('',(0.,1.,0.));
#4419=DIRECTION('center_axis',(0.,1.,0.));
#4420=DIRECTION('ref_axis',(1.,0.,0.));
#4421=DIRECTION('center_axis',(0.,1.,0.));
#4422=DIRECTION('ref_axis',(1.,0.,0.));
#4423=DIRECTION('center_axis',(0.,1.,0.));
#4424=DIRECTION('ref_axis',(1.,0.,0.));
#4425=DIRECTION('center_axis',(0.,-1.,0.));
#4426=DIRECTION('ref_axis',(1.,0.,0.));
#4427=DIRECTION('center_axis',(0.,-1.,0.));
#4428=DIRECTION('ref_axis',(1.,0.,0.));
#4429=DIRECTION('center_axis',(0.,-1.,0.));
#4430=DIRECTION('ref_axis',(1.,0.,0.));
#4431=DIRECTION('',(0.,1.,0.));
#4432=DIRECTION('center_axis',(0.,1.,0.));
#4433=DIRECTION('ref_axis',(1.,0.,0.));
#4434=DIRECTION('center_axis',(0.,-1.,0.));
#4435=DIRECTION('ref_axis',(1.,0.,0.));
#4436=DIRECTION('center_axis',(0.,-1.,0.));
#4437=DIRECTION('ref_axis',(1.,0.,0.));
#4438=DIRECTION('center_axis',(0.,-1.,0.));
#4439=DIRECTION('ref_axis',(1.,0.,0.));
#4440=DIRECTION('',(0.,1.,0.));
#4441=DIRECTION('center_axis',(0.,1.,0.));
#4442=DIRECTION('ref_axis',(1.,0.,0.));
#4443=DIRECTION('center_axis',(0.,1.,0.));
#4444=DIRECTION('ref_axis',(1.,0.,0.));
#4445=DIRECTION('center_axis',(0.,-1.,0.));
#4446=DIRECTION('ref_axis',(-1.,0.,0.));
#4447=DIRECTION('center_axis',(0.,-1.,0.));
#4448=DIRECTION('ref_axis',(-1.,0.,0.));
#4449=DIRECTION('center_axis',(0.,-1.,0.));
#4450=DIRECTION('ref_axis',(-1.,0.,0.));
#4451=DIRECTION('center_axis',(0.,1.,0.));
#4452=DIRECTION('ref_axis',(1.,0.,0.));
#4453=DIRECTION('center_axis',(0.,0.,1.));
#4454=DIRECTION('ref_axis',(0.,1.,0.));
#4455=DIRECTION('center_axis',(0.,0.,-1.));
#4456=DIRECTION('ref_axis',(0.,1.,0.));
#4457=DIRECTION('',(0.,0.,-1.));
#4458=DIRECTION('center_axis',(0.,0.,1.));
#4459=DIRECTION('ref_axis',(0.,1.,0.));
#4460=DIRECTION('',(0.,0.,-1.));
#4461=DIRECTION('center_axis',(0.,-1.,0.));
#4462=DIRECTION('ref_axis',(-1.,0.,0.));
#4463=DIRECTION('',(1.,0.,0.));
#4464=DIRECTION('',(0.,0.,-1.));
#4465=DIRECTION('',(-1.,0.,0.));
#4466=DIRECTION('center_axis',(0.,0.,-1.));
#4467=DIRECTION('ref_axis',(1.,0.,0.));
#4468=DIRECTION('',(-1.,0.,0.));
#4469=DIRECTION('center_axis',(0.,0.,1.));
#4470=DIRECTION('ref_axis',(-0.707106781186547,0.707106781186547,0.));
#4471=DIRECTION('center_axis',(0.,0.,-1.));
#4472=DIRECTION('ref_axis',(1.,0.,0.));
#4473=DIRECTION('center_axis',(0.,0.,-1.));
#4474=DIRECTION('ref_axis',(1.,0.,0.));
#4475=DIRECTION('center_axis',(0.,0.,1.));
#4476=DIRECTION('ref_axis',(1.,0.,0.));
#4477=DIRECTION('',(0.,0.,1.));
#4478=DIRECTION('center_axis',(0.,1.,0.));
#4479=DIRECTION('ref_axis',(1.,0.,0.));
#4480=DIRECTION('',(1.,0.,0.));
#4481=DIRECTION('',(0.,0.,-1.));
#4482=DIRECTION('center_axis',(0.,0.,-1.));
#4483=DIRECTION('ref_axis',(-0.707106781186547,0.707106781186547,0.));
#4484=DIRECTION('center_axis',(0.,0.,-1.));
#4485=DIRECTION('ref_axis',(-0.707106781186547,0.707106781186547,0.));
#4486=DIRECTION('center_axis',(0.,0.,-1.));
#4487=DIRECTION('ref_axis',(1.,0.,0.));
#4488=DIRECTION('center_axis',(0.,0.,-1.));
#4489=DIRECTION('ref_axis',(-1.,0.,0.));
#4490=DIRECTION('center_axis',(0.,0.,1.));
#4491=DIRECTION('ref_axis',(-1.,0.,0.));
#4492=DIRECTION('',(0.,0.,1.));
#4493=DIRECTION('center_axis',(0.,0.,-1.));
#4494=DIRECTION('ref_axis',(-1.,0.,0.));
#4495=DIRECTION('center_axis',(0.,0.,-1.));
#4496=DIRECTION('ref_axis',(-1.,0.,0.));
#4497=DIRECTION('center_axis',(0.,0.,1.));
#4498=DIRECTION('ref_axis',(-1.,0.,0.));
#4499=DIRECTION('',(0.,0.,1.));
#4500=DIRECTION('center_axis',(0.,0.,-1.));
#4501=DIRECTION('ref_axis',(-1.,0.,0.));
#4502=DIRECTION('center_axis',(0.,0.,1.));
#4503=DIRECTION('ref_axis',(-1.,0.,0.));
#4504=DIRECTION('center_axis',(0.,0.,-1.));
#4505=DIRECTION('ref_axis',(-0.999328393778656,0.0366437087065557,0.));
#4506=DIRECTION('',(0.680720868958918,-0.732542898787379,0.));
#4507=DIRECTION('center_axis',(0.,0.,-1.));
#4508=DIRECTION('ref_axis',(0.999328393778656,-0.036643708706555,0.));
#4509=DIRECTION('',(-0.680720868958918,0.732542898787379,0.));
#4510=DIRECTION('center_axis',(0.,0.,1.));
#4511=DIRECTION('ref_axis',(0.999328393778656,-0.036643708706555,0.));
#4512=DIRECTION('',(0.,0.,-1.));
#4513=DIRECTION('center_axis',(0.,0.,1.));
#4514=DIRECTION('ref_axis',(-0.0366437087065589,-0.999328393778656,0.));
#4515=DIRECTION('',(0.,0.,1.));
#4516=DIRECTION('center_axis',(0.,0.,1.));
#4517=DIRECTION('ref_axis',(0.0366437087065564,0.999328393778656,0.));
#4518=DIRECTION('',(0.,0.,-1.));
#4519=DIRECTION('center_axis',(0.,0.,1.));
#4520=DIRECTION('ref_axis',(-0.999328393778656,0.0366437087065557,0.));
#4521=DIRECTION('',(0.,0.,1.));
#4522=DIRECTION('center_axis',(0.732542898787379,0.680720868958918,0.));
#4523=DIRECTION('ref_axis',(-0.680720868958918,0.732542898787379,0.));
#4524=DIRECTION('',(0.680720868958918,-0.732542898787379,0.));
#4525=DIRECTION('center_axis',(-0.732542898787379,-0.680720868958918,0.));
#4526=DIRECTION('ref_axis',(0.680720868958918,-0.732542898787379,0.));
#4527=DIRECTION('',(0.680720868958918,-0.732542898787379,0.));
#4528=DIRECTION('center_axis',(0.,0.,1.));
#4529=DIRECTION('ref_axis',(-1.,0.,0.));
#4530=DIRECTION('center_axis',(0.,0.,-1.));
#4531=DIRECTION('ref_axis',(-1.,0.,0.));
#4532=DIRECTION('center_axis',(-0.814685670397966,-0.579902800862538,0.));
#4533=DIRECTION('ref_axis',(0.579902800862538,-0.814685670397966,0.));
#4534=DIRECTION('center_axis',(0.,0.,-1.));
#4535=DIRECTION('ref_axis',(0.304396394198449,-0.952545450463642,0.));
#4536=DIRECTION('center_axis',(1.,0.,0.));
#4537=DIRECTION('ref_axis',(0.,0.,1.));
#4538=DIRECTION('center_axis',(0.,0.,1.));
#4539=DIRECTION('ref_axis',(0.304396394198449,-0.952545450463642,0.));
#4540=DIRECTION('center_axis',(1.,0.,0.));
#4541=DIRECTION('ref_axis',(0.,-0.707106781186541,0.707106781186554));
#4542=DIRECTION('center_axis',(1.,0.,0.));
#4543=DIRECTION('ref_axis',(0.,0.,1.));
#4544=DIRECTION('',(1.,0.,0.));
#4545=DIRECTION('',(-1.,0.,0.));
#4546=DIRECTION('center_axis',(0.,0.,-1.));
#4547=DIRECTION('ref_axis',(-1.,0.,0.));
#4548=DIRECTION('center_axis',(0.814685670397962,-0.579902800862544,0.));
#4549=DIRECTION('ref_axis',(0.,0.,1.));
#4550=DIRECTION('center_axis',(0.,0.,1.));
#4551=DIRECTION('ref_axis',(-0.304396394198448,-0.952545450463642,0.));
#4552=DIRECTION('center_axis',(0.,0.,-1.));
#4553=DIRECTION('ref_axis',(-0.304396394198448,-0.952545450463642,0.));
#4554=DIRECTION('center_axis',(0.814685670397966,-0.579902800862538,0.));
#4555=DIRECTION('ref_axis',(-0.410053202918976,-0.576069762073907,0.707106781186549));
#4556=DIRECTION('center_axis',(0.814685670397967,-0.579902800862536,0.));
#4557=DIRECTION('ref_axis',(0.,0.,1.));
#4558=DIRECTION('',(0.814685670397966,-0.579902800862538,0.));
#4559=DIRECTION('',(-0.814685670397966,0.579902800862538,0.));
#4560=DIRECTION('center_axis',(0.,0.,-1.));
#4561=DIRECTION('ref_axis',(-1.,0.,0.));
#4562=DIRECTION('center_axis',(-0.681310259552798,-0.731994761066019,0.));
#4563=DIRECTION('ref_axis',(0.,0.,1.));
#4564=DIRECTION('center_axis',(0.,0.,1.));
#4565=DIRECTION('ref_axis',(-0.994871729850555,-0.101144654550618,0.));
#4566=DIRECTION('center_axis',(0.,0.,-1.));
#4567=DIRECTION('ref_axis',(-0.994871729850555,-0.101144654550618,0.));
#4568=DIRECTION('center_axis',(-0.681310259552799,-0.731994761066019,0.));
#4569=DIRECTION('ref_axis',(-0.51759845934281,0.481759104621752,0.707106781186546));
#4570=DIRECTION('center_axis',(-0.681310259552796,-0.731994761066021,0.));
#4571=DIRECTION('ref_axis',(0.,0.,1.));
#4572=DIRECTION('',(-0.681310259552799,-0.731994761066019,0.));
#4573=DIRECTION('',(0.681310259552799,0.731994761066019,0.));
#4574=DIRECTION('center_axis',(0.,0.,-1.));
#4575=DIRECTION('ref_axis',(-1.,0.,0.));
#4576=DIRECTION('center_axis',(-1.,0.,0.));
#4577=DIRECTION('ref_axis',(0.,0.,1.));
#4578=DIRECTION('center_axis',(0.,0.,1.));
#4579=DIRECTION('ref_axis',(-0.399180247787388,0.916872471926385,0.));
#4580=DIRECTION('center_axis',(0.,0.,-1.));
#4581=DIRECTION('ref_axis',(-0.399180247787388,0.916872471926385,0.));
#4582=DIRECTION('center_axis',(-1.,0.,0.));
#4583=DIRECTION('ref_axis',(0.,0.707106781186549,0.707106781186546));
#4584=DIRECTION('center_axis',(-1.,0.,0.));
#4585=DIRECTION('ref_axis',(0.,0.,1.));
#4586=DIRECTION('',(-1.,0.,0.));
#4587=DIRECTION('',(1.,0.,0.));
#4588=DIRECTION('center_axis',(0.,0.,-1.));
#4589=DIRECTION('ref_axis',(-1.,0.,0.));
#4590=DIRECTION('center_axis',(-0.681310259552802,0.731994761066016,0.));
#4591=DIRECTION('ref_axis',(0.,0.,1.));
#4592=DIRECTION('center_axis',(0.,0.,1.));
#4593=DIRECTION('ref_axis',(0.399180247787388,0.916872471926385,0.));
#4594=DIRECTION('center_axis',(0.,0.,-1.));
#4595=DIRECTION('ref_axis',(0.399180247787388,0.916872471926385,0.));
#4596=DIRECTION('center_axis',(-0.681310259552799,0.731994761066019,0.));
#4597=DIRECTION('ref_axis',(0.51759845934281,0.481759104621752,0.707106781186546));
#4598=DIRECTION('center_axis',(-0.681310259552803,0.731994761066015,0.));
#4599=DIRECTION('ref_axis',(0.,0.,1.));
#4600=DIRECTION('',(-0.681310259552799,0.731994761066019,0.));
#4601=DIRECTION('',(0.681310259552799,-0.731994761066019,0.));
#4602=DIRECTION('center_axis',(0.,0.,-1.));
#4603=DIRECTION('ref_axis',(0.994871729850555,-0.10114465455062,0.));
#4604=DIRECTION('center_axis',(0.814685670397955,0.579902800862554,0.));
#4605=DIRECTION('ref_axis',(0.,0.,1.));
#4606=DIRECTION('center_axis',(0.,0.,1.));
#4607=DIRECTION('ref_axis',(0.994871729850555,-0.101144654550618,0.));
#4608=DIRECTION('center_axis',(0.,0.,-1.));
#4609=DIRECTION('ref_axis',(0.994871729850555,-0.101144654550618,0.));
#4610=DIRECTION('center_axis',(0.814685670397966,0.579902800862538,0.));
#4611=DIRECTION('ref_axis',(0.41005320291896,-0.576069762073911,0.707106781186554));
#4612=DIRECTION('',(-0.814685670397966,-0.579902800862538,0.));
#4613=DIRECTION('',(0.814685670397966,0.579902800862538,0.));
#4614=DIRECTION('center_axis',(0.,1.,0.));
#4615=DIRECTION('ref_axis',(-1.,0.,0.));
#4616=DIRECTION('',(0.,0.,1.));
#4617=DIRECTION('',(1.,0.,0.));
#4618=DIRECTION('',(0.,0.,-1.));
#4619=DIRECTION('center_axis',(0.,0.,1.));
#4620=DIRECTION('ref_axis',(0.399180247787388,0.916872471926385,0.));
#4621=DIRECTION('',(0.,0.,-1.));
#4622=DIRECTION('center_axis',(0.,0.,1.));
#4623=DIRECTION('ref_axis',(0.399180247787388,0.916872471926385,0.));
#4624=DIRECTION('center_axis',(0.731994761066019,0.681310259552799,0.));
#4625=DIRECTION('ref_axis',(-0.681310259552799,0.731994761066019,0.));
#4626=DIRECTION('',(0.,0.,1.));
#4627=DIRECTION('',(0.681310259552799,-0.731994761066019,0.));
#4628=DIRECTION('center_axis',(0.,0.,1.));
#4629=DIRECTION('ref_axis',(0.994871729850555,-0.101144654550617,0.));
#4630=DIRECTION('',(0.,0.,-1.));
#4631=DIRECTION('center_axis',(0.,0.,1.));
#4632=DIRECTION('ref_axis',(0.994871729850555,-0.101144654550617,0.));
#4633=DIRECTION('center_axis',(0.579902800862538,-0.814685670397966,0.));
#4634=DIRECTION('ref_axis',(0.814685670397966,0.579902800862538,0.));
#4635=DIRECTION('',(0.,0.,1.));
#4636=DIRECTION('',(-0.814685670397966,-0.579902800862538,0.));
#4637=DIRECTION('center_axis',(0.,0.,1.));
#4638=DIRECTION('ref_axis',(0.304396394198447,-0.952545450463643,0.));
#4639=DIRECTION('',(0.,0.,-1.));
#4640=DIRECTION('center_axis',(0.,0.,1.));
#4641=DIRECTION('ref_axis',(0.304396394198447,-0.952545450463643,0.));
#4642=DIRECTION('center_axis',(0.,0.,1.));
#4643=DIRECTION('ref_axis',(-1.,0.,0.));
#4644=DIRECTION('',(0.,-1.,0.));
#4645=DIRECTION('',(-1.,-1.00929365875014E-16,0.));
#4646=DIRECTION('',(0.,1.,0.));
#4647=DIRECTION('',(1.,0.,0.));
#4648=DIRECTION('center_axis',(0.,0.,-1.));
#4649=DIRECTION('ref_axis',(-1.,0.,0.));
#4650=DIRECTION('center_axis',(0.,0.,-1.));
#4651=DIRECTION('ref_axis',(-1.,0.,0.));
#4652=DIRECTION('center_axis',(0.,0.,-1.));
#4653=DIRECTION('ref_axis',(-1.,0.,0.));
#4654=DIRECTION('center_axis',(0.,0.,-1.));
#4655=DIRECTION('ref_axis',(-1.,0.,0.));
#4656=DIRECTION('center_axis',(0.,0.,-1.));
#4657=DIRECTION('ref_axis',(-1.,0.,0.));
#4658=DIRECTION('center_axis',(0.,0.,-1.));
#4659=DIRECTION('ref_axis',(-1.,0.,0.));
#4660=DIRECTION('center_axis',(0.,0.,-1.));
#4661=DIRECTION('ref_axis',(-1.,0.,0.));
#4662=DIRECTION('center_axis',(0.,0.,-1.));
#4663=DIRECTION('ref_axis',(-1.,0.,0.));
#4664=DIRECTION('center_axis',(0.,-1.,0.));
#4665=DIRECTION('ref_axis',(-0.707106781186554,0.,0.707106781186541));
#4666=DIRECTION('center_axis',(0.707106781186549,-0.707106781186546,0.));
#4667=DIRECTION('ref_axis',(0.707106781186546,0.707106781186549,0.));
#4668=DIRECTION('',(0.,-1.,0.));
#4669=DIRECTION('center_axis',(-0.707106781186548,-0.707106781186548,0.));
#4670=DIRECTION('ref_axis',(0.707106781186548,-0.707106781186548,0.));
#4671=DIRECTION('center_axis',(0.,1.,0.));
#4672=DIRECTION('ref_axis',(0.707106781186548,0.,0.707106781186548));
#4673=DIRECTION('center_axis',(-0.707106781186548,0.707106781186548,0.));
#4674=DIRECTION('ref_axis',(-0.707106781186548,-0.707106781186548,0.));
#4675=DIRECTION('',(0.,1.,0.));
#4676=DIRECTION('center_axis',(-0.707106781186549,-0.707106781186546,0.));
#4677=DIRECTION('ref_axis',(0.707106781186546,-0.707106781186549,0.));
#4678=DIRECTION('center_axis',(-1.,0.,0.));
#4679=DIRECTION('ref_axis',(0.,0.707106781186548,0.707106781186548));
#4680=DIRECTION('',(-1.,0.,0.));
#4681=DIRECTION('center_axis',(1.,1.00929365875014E-16,0.));
#4682=DIRECTION('ref_axis',(0.,-0.707106781186551,0.707106781186544));
#4683=DIRECTION('',(1.,1.00929365875014E-16,0.));
#4684=DIRECTION('center_axis',(-1.00929365875014E-16,1.,0.));
#4685=DIRECTION('ref_axis',(1.,1.00929365875014E-16,0.));
#4686=DIRECTION('',(0.,0.,-1.));
#4687=DIRECTION('',(-1.,-1.00929365875014E-16,0.));
#4688=DIRECTION('',(0.,0.,-1.));
#4689=DIRECTION('center_axis',(-1.,0.,0.));
#4690=DIRECTION('ref_axis',(0.,1.,0.));
#4691=DIRECTION('',(0.,0.,-1.));
#4692=DIRECTION('',(0.,-1.,0.));
#4693=DIRECTION('center_axis',(0.,-1.,0.));
#4694=DIRECTION('ref_axis',(-1.,0.,0.));
#4695=DIRECTION('',(0.,0.,-1.));
#4696=DIRECTION('',(1.,0.,0.));
#4697=DIRECTION('center_axis',(1.,0.,0.));
#4698=DIRECTION('ref_axis',(0.,-1.,0.));
#4699=DIRECTION('',(0.,1.,0.));
#4700=DIRECTION('center_axis',(0.,0.,1.));
#4701=DIRECTION('ref_axis',(-1.,0.,0.));
#4702=DIRECTION('',(-1.,0.,0.));
#4703=DIRECTION('center_axis',(0.,0.,1.));
#4704=DIRECTION('ref_axis',(-0.304396394198449,-0.952545450463642,0.));
#4705=DIRECTION('',(0.814685670397966,-0.579902800862538,0.));
#4706=DIRECTION('center_axis',(0.,0.,1.));
#4707=DIRECTION('ref_axis',(-0.994871729850555,-0.101144654550616,0.));
#4708=DIRECTION('',(-0.681310259552799,-0.731994761066019,0.));
#4709=DIRECTION('center_axis',(0.,0.,1.));
#4710=DIRECTION('ref_axis',(-0.399180247787388,0.916872471926385,0.));
#4711=DIRECTION('center_axis',(0.,0.,1.));
#4712=DIRECTION('ref_axis',(-1.,0.,0.));
#4713=DIRECTION('center_axis',(0.,0.,1.));
#4714=DIRECTION('ref_axis',(-1.,0.,0.));
#4715=DIRECTION('center_axis',(0.,0.,1.));
#4716=DIRECTION('ref_axis',(-1.,0.,0.));
#4717=DIRECTION('center_axis',(0.,0.,1.));
#4718=DIRECTION('ref_axis',(-1.,0.,0.));
#4719=DIRECTION('center_axis',(0.,0.,-1.));
#4720=DIRECTION('ref_axis',(-1.,0.,0.));
#4721=DIRECTION('center_axis',(0.,0.,-1.));
#4722=DIRECTION('ref_axis',(-1.,0.,0.));
#4723=DIRECTION('center_axis',(0.,0.,-1.));
#4724=DIRECTION('ref_axis',(-1.,0.,0.));
#4725=DIRECTION('center_axis',(0.,0.,-1.));
#4726=DIRECTION('ref_axis',(-1.,0.,0.));
#4727=DIRECTION('center_axis',(0.,-1.,0.));
#4728=DIRECTION('ref_axis',(1.,0.,0.));
#4729=DIRECTION('',(0.,0.,1.));
#4730=DIRECTION('center_axis',(0.,0.,1.));
#4731=DIRECTION('ref_axis',(-0.304396394198449,-0.952545450463642,0.));
#4732=DIRECTION('',(0.,0.,-1.));
#4733=DIRECTION('center_axis',(0.,0.,1.));
#4734=DIRECTION('ref_axis',(-0.399180247787388,0.916872471926385,0.));
#4735=DIRECTION('',(0.,0.,1.));
#4736=DIRECTION('center_axis',(-0.731994761066019,0.681310259552799,0.));
#4737=DIRECTION('ref_axis',(-0.681310259552799,-0.731994761066019,0.));
#4738=DIRECTION('',(0.,0.,-1.));
#4739=DIRECTION('center_axis',(0.,0.,1.));
#4740=DIRECTION('ref_axis',(-0.994871729850555,-0.101144654550616,0.));
#4741=DIRECTION('',(0.,0.,1.));
#4742=DIRECTION('center_axis',(-0.579902800862538,-0.814685670397966,0.));
#4743=DIRECTION('ref_axis',(0.814685670397966,-0.579902800862538,0.));
#4744=DIRECTION('center_axis',(0.,0.,1.));
#4745=DIRECTION('ref_axis',(-1.,0.,0.));
#4746=DIRECTION('',(0.,0.,1.));
#4747=DIRECTION('center_axis',(0.,0.,1.));
#4748=DIRECTION('ref_axis',(-1.,0.,0.));
#4749=DIRECTION('',(0.,0.,1.));
#4750=DIRECTION('center_axis',(0.,0.,1.));
#4751=DIRECTION('ref_axis',(-1.,0.,0.));
#4752=DIRECTION('',(0.,0.,1.));
#4753=DIRECTION('center_axis',(0.,0.,1.));
#4754=DIRECTION('ref_axis',(-1.,0.,0.));
#4755=DIRECTION('',(0.,0.,1.));
#4756=DIRECTION('center_axis',(0.,0.,1.));
#4757=DIRECTION('ref_axis',(-1.,0.,0.));
#4758=DIRECTION('',(0.,0.,-1.));
#4759=DIRECTION('center_axis',(0.,0.,1.));
#4760=DIRECTION('ref_axis',(-1.,0.,0.));
#4761=DIRECTION('',(0.,0.,-1.));
#4762=DIRECTION('center_axis',(0.,0.,1.));
#4763=DIRECTION('ref_axis',(-1.,0.,0.));
#4764=DIRECTION('',(0.,0.,-1.));
#4765=DIRECTION('center_axis',(0.,0.,1.));
#4766=DIRECTION('ref_axis',(-1.,0.,0.));
#4767=DIRECTION('',(0.,0.,-1.));
#4768=DIRECTION('center_axis',(0.,0.,-1.));
#4769=DIRECTION('ref_axis',(-1.,0.,0.));
#4770=DIRECTION('center_axis',(0.,0.,-1.));
#4771=DIRECTION('ref_axis',(-1.,0.,0.));
#4772=DIRECTION('',(0.,0.,-1.));
#4773=DIRECTION('center_axis',(0.,0.,-1.));
#4774=DIRECTION('ref_axis',(-1.,0.,0.));
#4775=DIRECTION('center_axis',(0.,0.,1.));
#4776=DIRECTION('ref_axis',(-1.,0.,0.));
#4777=DIRECTION('center_axis',(0.,0.,-1.));
#4778=DIRECTION('ref_axis',(-1.,0.,0.));
#4779=DIRECTION('center_axis',(0.,0.,-1.));
#4780=DIRECTION('ref_axis',(-1.,0.,0.));
#4781=DIRECTION('',(0.,0.,-1.));
#4782=DIRECTION('center_axis',(0.,0.,-1.));
#4783=DIRECTION('ref_axis',(-1.,0.,0.));
#4784=DIRECTION('center_axis',(0.,0.,1.));
#4785=DIRECTION('ref_axis',(-1.,0.,0.));
#4786=DIRECTION('center_axis',(0.81368194826182,0.581310319083404,0.));
#4787=DIRECTION('ref_axis',(0.41104846859759,-0.575360023344989,-0.707106781186569));
#4788=DIRECTION('center_axis',(0.813681948261811,0.581310319083417,0.));
#4789=DIRECTION('ref_axis',(0.581310319083417,-0.813681948261811,0.));
#4790=DIRECTION('',(0.81368194826182,0.581310319083404,0.));
#4791=DIRECTION('center_axis',(-0.813681948261824,-0.581310319083399,0.));
#4792=DIRECTION('ref_axis',(0.,0.,-1.));
#4793=DIRECTION('',(-0.81368194826182,-0.581310319083404,0.));
#4794=DIRECTION('center_axis',(0.,0.,1.));
#4795=DIRECTION('ref_axis',(1.,0.,0.));
#4796=DIRECTION('center_axis',(0.,-1.,0.));
#4797=DIRECTION('ref_axis',(0.,0.,-1.));
#4798=DIRECTION('center_axis',(0.,0.,-1.));
#4799=DIRECTION('ref_axis',(0.889187921387658,-0.457542173420436,0.));
#4800=DIRECTION('center_axis',(0.,0.,1.));
#4801=DIRECTION('ref_axis',(0.889187921387658,-0.457542173420436,0.));
#4802=DIRECTION('center_axis',(-1.85037170770859E-16,-1.,0.));
#4803=DIRECTION('ref_axis',(0.707106781186546,0.,-0.707106781186549));
#4804=DIRECTION('center_axis',(0.,-1.,0.));
#4805=DIRECTION('ref_axis',(0.,0.,-1.));
#4806=DIRECTION('',(-1.85037170770859E-16,-1.,0.));
#4807=DIRECTION('',(1.85037170770859E-16,1.,0.));
#4808=DIRECTION('center_axis',(0.,0.,1.));
#4809=DIRECTION('ref_axis',(1.,0.,0.));
#4810=DIRECTION('center_axis',(0.877409825031179,-0.479741596006387,0.));
#4811=DIRECTION('ref_axis',(0.,0.,-1.));
#4812=DIRECTION('center_axis',(0.,0.,-1.));
#4813=DIRECTION('ref_axis',(0.860157426290789,0.510028628605106,0.));
#4814=DIRECTION('center_axis',(0.,0.,1.));
#4815=DIRECTION('ref_axis',(0.86015742629079,0.510028628605106,0.));
#4816=DIRECTION('center_axis',(0.877409825031178,-0.479741596006389,0.));
#4817=DIRECTION('ref_axis',(0.339228535753373,0.620422437159246,-0.707106781186551));
#4818=DIRECTION('center_axis',(0.877409825031178,-0.47974159600639,0.));
#4819=DIRECTION('ref_axis',(0.,0.,-1.));
#4820=DIRECTION('',(0.877409825031178,-0.479741596006389,0.));
#4821=DIRECTION('',(-0.877409825031178,0.479741596006389,0.));
#4822=DIRECTION('center_axis',(0.,0.,1.));
#4823=DIRECTION('ref_axis',(1.,0.,0.));
#4824=DIRECTION('center_axis',(0.,1.,0.));
#4825=DIRECTION('ref_axis',(0.,0.,-1.));
#4826=DIRECTION('center_axis',(0.,0.,-1.));
#4827=DIRECTION('ref_axis',(-0.510028628605106,0.860157426290789,0.));
#4828=DIRECTION('center_axis',(0.,0.,1.));
#4829=DIRECTION('ref_axis',(-0.510028628605106,0.860157426290789,0.));
#4830=DIRECTION('center_axis',(-6.66496571080762E-17,-1.,0.));
#4831=DIRECTION('ref_axis',(-0.707106781186547,0.,-0.707106781186548));
#4832=DIRECTION('center_axis',(0.,1.,0.));
#4833=DIRECTION('ref_axis',(0.,0.,-1.));
#4834=DIRECTION('',(6.66496571080762E-17,1.,0.));
#4835=DIRECTION('',(-6.66496571080762E-17,-1.,0.));
#4836=DIRECTION('center_axis',(0.,0.,1.));
#4837=DIRECTION('ref_axis',(1.,0.,0.));
#4838=DIRECTION('center_axis',(0.,0.,-1.));
#4839=DIRECTION('ref_axis',(-0.45754217342044,-0.889187921387656,0.));
#4840=DIRECTION('center_axis',(0.,0.,1.));
#4841=DIRECTION('ref_axis',(-0.45754217342044,-0.889187921387656,0.));
#4842=DIRECTION('center_axis',(0.,0.,1.));
#4843=DIRECTION('ref_axis',(-1.,0.,0.));
#4844=DIRECTION('',(0.,0.,1.));
#4845=DIRECTION('center_axis',(0.,0.,1.));
#4846=DIRECTION('ref_axis',(-1.,0.,0.));
#4847=DIRECTION('',(0.,0.,1.));
#4848=DIRECTION('center_axis',(-1.,6.66496571080762E-17,0.));
#4849=DIRECTION('ref_axis',(-6.66496571080762E-17,-1.,0.));
#4850=DIRECTION('',(0.,0.,1.));
#4851=DIRECTION('',(-6.66496571080762E-17,-1.,0.));
#4852=DIRECTION('center_axis',(0.,0.,1.));
#4853=DIRECTION('ref_axis',(-1.,0.,0.));
#4854=DIRECTION('',(0.,0.,1.));
#4855=DIRECTION('center_axis',(0.,0.,1.));
#4856=DIRECTION('ref_axis',(-1.,0.,0.));
#4857=DIRECTION('center_axis',(0.581310319083404,-0.81368194826182,0.));
#4858=DIRECTION('ref_axis',(0.81368194826182,0.581310319083404,0.));
#4859=DIRECTION('',(0.,0.,1.));
#4860=DIRECTION('',(0.81368194826182,0.581310319083404,0.));
#4861=DIRECTION('center_axis',(0.,0.,1.));
#4862=DIRECTION('ref_axis',(-1.,0.,0.));
#4863=DIRECTION('center_axis',(0.,0.,-1.));
#4864=DIRECTION('ref_axis',(-0.45754217342044,-0.889187921387656,0.));
#4865=DIRECTION('',(-0.81368194826182,-0.581310319083404,0.));
#4866=DIRECTION('center_axis',(0.,0.,-1.));
#4867=DIRECTION('ref_axis',(0.889187921387618,-0.457542173420514,0.));
#4868=DIRECTION('',(-1.66348416593487E-13,-1.,0.));
#4869=DIRECTION('center_axis',(0.,0.,-1.));
#4870=DIRECTION('ref_axis',(0.860157426290832,0.510028628605035,0.));
#4871=DIRECTION('',(0.877409825031178,-0.479741596006389,0.));
#4872=DIRECTION('center_axis',(0.,0.,-1.));
#4873=DIRECTION('ref_axis',(-0.510028628605106,0.86015742629079,0.));
#4874=DIRECTION('',(2.66598628432304E-16,1.,0.));
#4875=DIRECTION('center_axis',(0.,0.,-1.));
#4876=DIRECTION('ref_axis',(-1.,0.,0.));
#4877=DIRECTION('center_axis',(0.,0.,-1.));
#4878=DIRECTION('ref_axis',(-1.,0.,0.));
#4879=DIRECTION('center_axis',(0.,0.,-1.));
#4880=DIRECTION('ref_axis',(-1.,0.,0.));
#4881=DIRECTION('center_axis',(0.,0.,-1.));
#4882=DIRECTION('ref_axis',(-1.,0.,0.));
#4883=DIRECTION('center_axis',(0.,0.,-1.));
#4884=DIRECTION('ref_axis',(-1.,0.,0.));
#4885=DIRECTION('center_axis',(0.,0.,-1.));
#4886=DIRECTION('ref_axis',(-1.,0.,0.));
#4887=DIRECTION('center_axis',(0.,0.,1.));
#4888=DIRECTION('ref_axis',(-0.45754217342044,-0.889187921387656,0.));
#4889=DIRECTION('',(0.,0.,1.));
#4890=DIRECTION('center_axis',(0.,0.,1.));
#4891=DIRECTION('ref_axis',(-0.45754217342044,-0.889187921387656,0.));
#4892=DIRECTION('',(0.,0.,-1.));
#4893=DIRECTION('center_axis',(1.,-2.66598628432304E-16,0.));
#4894=DIRECTION('ref_axis',(2.66598628432304E-16,1.,0.));
#4895=DIRECTION('',(0.,0.,-1.));
#4896=DIRECTION('',(2.66598628432304E-16,1.,0.));
#4897=DIRECTION('center_axis',(0.,0.,1.));
#4898=DIRECTION('ref_axis',(0.889187921387618,-0.457542173420514,0.));
#4899=DIRECTION('',(0.,0.,1.));
#4900=DIRECTION('center_axis',(0.,0.,1.));
#4901=DIRECTION('ref_axis',(0.889187921387618,-0.457542173420514,0.));
#4902=DIRECTION('',(0.,0.,-1.));
#4903=DIRECTION('center_axis',(-0.581310319083404,0.81368194826182,0.));
#4904=DIRECTION('ref_axis',(-0.81368194826182,-0.581310319083404,0.));
#4905=DIRECTION('',(-0.81368194826182,-0.581310319083404,0.));
#4906=DIRECTION('center_axis',(0.,0.,1.));
#4907=DIRECTION('ref_axis',(0.860157426290832,0.510028628605035,0.));
#4908=DIRECTION('',(0.,0.,1.));
#4909=DIRECTION('center_axis',(0.,0.,1.));
#4910=DIRECTION('ref_axis',(0.860157426290832,0.510028628605035,0.));
#4911=DIRECTION('',(0.,0.,-1.));
#4912=DIRECTION('center_axis',(-1.,1.66348416593487E-13,0.));
#4913=DIRECTION('ref_axis',(-1.66348416593487E-13,-1.,0.));
#4914=DIRECTION('',(-1.66348416593487E-13,-1.,0.));
#4915=DIRECTION('center_axis',(0.,0.,1.));
#4916=DIRECTION('ref_axis',(-0.510028628605106,0.86015742629079,0.));
#4917=DIRECTION('',(0.,0.,1.));
#4918=DIRECTION('center_axis',(0.,0.,1.));
#4919=DIRECTION('ref_axis',(-0.510028628605106,0.86015742629079,0.));
#4920=DIRECTION('center_axis',(-0.479741596006389,-0.877409825031178,0.));
#4921=DIRECTION('ref_axis',(0.877409825031178,-0.479741596006389,0.));
#4922=DIRECTION('',(0.877409825031178,-0.479741596006389,0.));
#4923=DIRECTION('center_axis',(0.,0.,-1.));
#4924=DIRECTION('ref_axis',(-1.,0.,0.));
#4925=DIRECTION('center_axis',(0.,0.,-1.));
#4926=DIRECTION('ref_axis',(-1.,0.,0.));
#4927=DIRECTION('',(0.,0.,-1.));
#4928=DIRECTION('center_axis',(0.,0.,-1.));
#4929=DIRECTION('ref_axis',(-1.,0.,0.));
#4930=DIRECTION('center_axis',(0.,0.,1.));
#4931=DIRECTION('ref_axis',(-1.,0.,0.));
#4932=DIRECTION('center_axis',(0.,0.,1.));
#4933=DIRECTION('ref_axis',(-1.,0.,0.));
#4934=DIRECTION('center_axis',(0.,0.,-1.));
#4935=DIRECTION('ref_axis',(-1.,0.,0.));
#4936=DIRECTION('center_axis',(0.,0.,-1.));
#4937=DIRECTION('ref_axis',(-1.,0.,0.));
#4938=DIRECTION('',(0.,0.,-1.));
#4939=DIRECTION('center_axis',(0.,0.,-1.));
#4940=DIRECTION('ref_axis',(-1.,0.,0.));
#4941=DIRECTION('center_axis',(0.,0.,1.));
#4942=DIRECTION('ref_axis',(-1.,0.,0.));
#4943=DIRECTION('center_axis',(0.,0.,1.));
#4944=DIRECTION('ref_axis',(-1.,0.,0.));
#4945=DIRECTION('center_axis',(0.,0.,1.));
#4946=DIRECTION('ref_axis',(-1.,0.,0.));
#4947=DIRECTION('center_axis',(0.,0.,-1.));
#4948=DIRECTION('ref_axis',(-1.,0.,0.));
#4949=DIRECTION('',(0.,0.,-1.));
#4950=DIRECTION('center_axis',(0.,0.,1.));
#4951=DIRECTION('ref_axis',(-1.,0.,0.));
#4952=DIRECTION('',(0.,0.,-1.));
#4953=DIRECTION('center_axis',(0.,0.,1.));
#4954=DIRECTION('ref_axis',(-1.,0.,0.));
#4955=DIRECTION('',(0.,0.,-1.));
#4956=DIRECTION('center_axis',(0.,0.,1.));
#4957=DIRECTION('ref_axis',(-1.,0.,0.));
#4958=DIRECTION('center_axis',(0.,0.,-1.));
#4959=DIRECTION('ref_axis',(-1.,0.,0.));
#4960=DIRECTION('',(0.,0.,-1.));
#4961=DIRECTION('center_axis',(0.,0.,1.));
#4962=DIRECTION('ref_axis',(-1.,0.,0.));
#4963=DIRECTION('center_axis',(0.,0.,-1.));
#4964=DIRECTION('ref_axis',(-1.,0.,0.));
#4965=DIRECTION('',(0.,0.,-1.));
#4966=DIRECTION('center_axis',(0.,0.,1.));
#4967=DIRECTION('ref_axis',(-1.,0.,0.));
#4968=DIRECTION('center_axis',(0.,0.,-1.));
#4969=DIRECTION('ref_axis',(-1.,0.,0.));
#4970=DIRECTION('',(0.,0.,-1.));
#4971=DIRECTION('center_axis',(0.479741596006389,0.877409825031178,0.));
#4972=DIRECTION('ref_axis',(-0.877409825031178,0.479741596006389,0.));
#4973=DIRECTION('',(-0.877409825031178,0.479741596006389,0.));
#4974=DIRECTION('',(0.,0.,1.));
#4975=DIRECTION('center_axis',(0.,0.,1.));
#4976=DIRECTION('ref_axis',(-1.,0.,0.));
#4977=DIRECTION('center_axis',(0.,0.,1.));
#4978=DIRECTION('ref_axis',(-1.,0.,0.));
#4979=DIRECTION('',(0.,0.,1.));
#4980=DIRECTION('center_axis',(1.,-1.85037170770859E-16,0.));
#4981=DIRECTION('ref_axis',(1.85037170770859E-16,1.,0.));
#4982=DIRECTION('',(1.85037170770859E-16,1.,0.));
#4983=DIRECTION('',(0.,0.,1.));
#4984=DIRECTION('center_axis',(0.,0.,1.));
#4985=DIRECTION('ref_axis',(-1.,0.,0.));
#4986=DIRECTION('center_axis',(0.,0.,1.));
#4987=DIRECTION('ref_axis',(-1.,0.,0.));
#4988=DIRECTION('center_axis',(0.,0.,1.));
#4989=DIRECTION('ref_axis',(-1.,0.,0.));
#4990=CARTESIAN_POINT('',(0.,0.,0.));
#4991=CARTESIAN_POINT('Origin',(88.1259740592026,-33.8221640463237,2.));
#4992=CARTESIAN_POINT('',(88.9259740592026,-33.8221640463237,2.));
#4993=CARTESIAN_POINT('Origin',(88.1259740592026,-33.8221640463237,2.));
#4994=CARTESIAN_POINT('',(88.9259740592026,-33.8221640463237,0.));
#4995=CARTESIAN_POINT('',(88.9259740592026,-33.8221640463237,2.));
#4996=CARTESIAN_POINT('Origin',(88.1259740592026,-33.8221640463237,0.));
#4997=CARTESIAN_POINT('Origin',(6.53097405920256,-99.8101754180089,2.));
#4998=CARTESIAN_POINT('',(7.33097405920256,-99.8101754180089,2.));
#4999=CARTESIAN_POINT('Origin',(6.53097405920256,-99.8101754180089,2.));
#5000=CARTESIAN_POINT('',(7.33097405920256,-99.8101754180089,0.));
#5001=CARTESIAN_POINT('',(7.33097405920256,-99.8101754180089,2.));
#5002=CARTESIAN_POINT('',(5.74298082439264,-99.9482575019076,0.));
#5003=CARTESIAN_POINT('Origin',(6.53097405920256,-99.8101754180089,0.));
#5004=CARTESIAN_POINT('',(5.74298082439264,-99.6720933341102,0.));
#5005=CARTESIAN_POINT('Ctrl Pts',(5.74298082439264,-99.6720933341102,0.));
#5006=CARTESIAN_POINT('Ctrl Pts',(5.73484260445767,-99.7185357259911,-4.51761957563456E-19));
#5007=CARTESIAN_POINT('Ctrl Pts',(5.73097405920256,-99.7650454612295,2.8832648330257E-5));
#5008=CARTESIAN_POINT('Ctrl Pts',(5.73097405920256,-99.8553053747883,2.8832648330257E-5));
#5009=CARTESIAN_POINT('Ctrl Pts',(5.73484260445767,-99.9018151100267,-4.51761957563631E-19));
#5010=CARTESIAN_POINT('Ctrl Pts',(5.74298082439264,-99.9482575019076,0.));
#5011=CARTESIAN_POINT('Origin',(6.53097405920256,-99.8101754180089,0.));
#5012=CARTESIAN_POINT('Origin',(88.1259740592026,-115.311026983312,2.));
#5013=CARTESIAN_POINT('',(88.9259740592026,-115.311026983312,2.));
#5014=CARTESIAN_POINT('Origin',(88.1259740592026,-115.311026983312,2.));
#5015=CARTESIAN_POINT('',(88.9259740592026,-115.311026983312,0.));
#5016=CARTESIAN_POINT('',(88.9259740592026,-115.311026983312,2.));
#5017=CARTESIAN_POINT('Origin',(88.1259740592026,-115.311026983312,0.));
#5018=CARTESIAN_POINT('Origin',(6.53097405920256,-33.8221640463237,2.));
#5019=CARTESIAN_POINT('',(7.33097405920256,-33.8221640463237,2.));
#5020=CARTESIAN_POINT('Origin',(6.53097405920256,-33.8221640463237,2.));
#5021=CARTESIAN_POINT('',(7.33097405920256,-33.8221640463237,0.));
#5022=CARTESIAN_POINT('',(7.33097405920256,-33.8221640463237,2.));
#5023=CARTESIAN_POINT('',(5.74298082439264,-33.9602461302224,0.));
#5024=CARTESIAN_POINT('Origin',(6.53097405920256,-33.8221640463237,0.));
#5025=CARTESIAN_POINT('',(5.74298082439264,-33.6840819624251,0.));
#5026=CARTESIAN_POINT('Ctrl Pts',(5.74298082439264,-33.6840819624251,-1.9133985749233E-30));
#5027=CARTESIAN_POINT('Ctrl Pts',(5.73484260445767,-33.730524354306,-4.5176195756522E-19));
#5028=CARTESIAN_POINT('Ctrl Pts',(5.73097405920256,-33.7770340895444,2.8832648330257E-5));
#5029=CARTESIAN_POINT('Ctrl Pts',(5.73097405920256,-33.8672940031031,2.8832648330257E-5));
#5030=CARTESIAN_POINT('Ctrl Pts',(5.73484260445767,-33.9138037383415,-4.0658576180706E-18));
#5031=CARTESIAN_POINT('Ctrl Pts',(5.74298082439264,-33.9602461302224,-9.56699287461648E-31));
#5032=CARTESIAN_POINT('Origin',(6.53097405920256,-33.8221640463237,0.));
#5033=CARTESIAN_POINT('Origin',(88.1259740592026,-50.4797594908865,2.));
#5034=CARTESIAN_POINT('',(88.9259740592026,-50.4797594908865,2.));
#5035=CARTESIAN_POINT('Origin',(88.1259740592026,-50.4797594908865,2.));
#5036=CARTESIAN_POINT('',(88.9259740592026,-50.4797594908865,0.));
#5037=CARTESIAN_POINT('',(88.9259740592026,-50.4797594908865,2.));
#5038=CARTESIAN_POINT('Origin',(88.1259740592026,-50.4797594908865,0.));
#5039=CARTESIAN_POINT('Origin',(6.53097405920256,-115.311538833133,2.));
#5040=CARTESIAN_POINT('',(7.33097405920256,-115.311538833133,2.));
#5041=CARTESIAN_POINT('Origin',(6.53097405920256,-115.311538833133,2.));
#5042=CARTESIAN_POINT('',(7.33097405920256,-115.311538833133,-2.77555756156289E-16));
#5043=CARTESIAN_POINT('',(7.33097405920256,-115.311538833133,2.));
#5044=CARTESIAN_POINT('',(5.74298082439264,-115.449620917032,0.));
#5045=CARTESIAN_POINT('Origin',(6.53097405920256,-115.311538833133,0.));
#5046=CARTESIAN_POINT('',(5.74298082439264,-115.173456749234,0.));
#5047=CARTESIAN_POINT('Ctrl Pts',(5.74298082439264,-115.173456749234,0.));
#5048=CARTESIAN_POINT('Ctrl Pts',(5.73484260445767,-115.219899141115,6.77642936345094E-18));
#5049=CARTESIAN_POINT('Ctrl Pts',(5.73097405920256,-115.266408876354,2.8832648330257E-5));
#5050=CARTESIAN_POINT('Ctrl Pts',(5.73097405920256,-115.356668789912,2.8832648330257E-5));
#5051=CARTESIAN_POINT('Ctrl Pts',(5.73484260445767,-115.403178525151,6.77642936345094E-18));
#5052=CARTESIAN_POINT('Ctrl Pts',(5.74298082439264,-115.449620917032,0.));
#5053=CARTESIAN_POINT('Origin',(6.53097405920256,-115.311538833133,0.));
#5054=CARTESIAN_POINT('Origin',(88.1259740592026,-99.8101754180089,2.));
#5055=CARTESIAN_POINT('',(88.9259740592026,-99.8101754180089,2.));
#5056=CARTESIAN_POINT('Origin',(88.1259740592026,-99.8101754180089,2.));
#5057=CARTESIAN_POINT('',(88.9259740592026,-99.8101754180089,0.));
#5058=CARTESIAN_POINT('',(88.9259740592026,-99.8101754180089,2.));
#5059=CARTESIAN_POINT('Origin',(88.1259740592026,-99.8101754180089,0.));
#5060=CARTESIAN_POINT('Origin',(6.53097405920256,-50.4797594908865,2.));
#5061=CARTESIAN_POINT('',(7.33097405920256,-50.4797594908865,2.));
#5062=CARTESIAN_POINT('Origin',(6.53097405920256,-50.4797594908865,2.));
#5063=CARTESIAN_POINT('',(7.33097405920256,-50.4797594908865,0.));
#5064=CARTESIAN_POINT('',(7.33097405920256,-50.4797594908865,2.));
#5065=CARTESIAN_POINT('',(5.74298082439264,-50.6178415747851,0.));
#5066=CARTESIAN_POINT('Origin',(6.53097405920256,-50.4797594908865,0.));
#5067=CARTESIAN_POINT('',(5.74298082439264,-50.3416774069878,0.));
#5068=CARTESIAN_POINT('Ctrl Pts',(5.74298082439264,-50.3416774069878,0.));
#5069=CARTESIAN_POINT('Ctrl Pts',(5.73484260445767,-50.3881197988687,-4.51761957563368E-19));
#5070=CARTESIAN_POINT('Ctrl Pts',(5.73097405920256,-50.4346295341071,2.8832648330257E-5));
#5071=CARTESIAN_POINT('Ctrl Pts',(5.73097405920256,-50.5248894476659,2.8832648330257E-5));
#5072=CARTESIAN_POINT('Ctrl Pts',(5.73484260445767,-50.5713991829043,-4.51761957563366E-19));
#5073=CARTESIAN_POINT('Ctrl Pts',(5.74298082439264,-50.6178415747851,0.));
#5074=CARTESIAN_POINT('Origin',(6.53097405920256,-50.4797594908865,0.));
#5075=CARTESIAN_POINT('Origin',(47.324732570406,-77.0541381381897,0.));
#5076=CARTESIAN_POINT('',(5.74298082439264,-26.2196753288363,0.));
#5077=CARTESIAN_POINT('',(5.74298082439264,-26.2196753288363,0.));
#5078=CARTESIAN_POINT('',(5.74298082439264,-23.5837104296367,0.));
#5079=CARTESIAN_POINT('',(5.74298082439264,-26.2196753288363,0.));
#5080=CARTESIAN_POINT('',(22.5964997574127,-5.44716404632375,0.));
#5081=CARTESIAN_POINT('',(22.5964997574127,-5.44716404632375,0.));
#5082=CARTESIAN_POINT('',(72.0572306839365,-5.44716404632375,0.));
#5083=CARTESIAN_POINT('',(72.0572306839365,-5.44716404632375,0.));
#5084=CARTESIAN_POINT('',(91.3559740592026,-26.215085318801,0.));
#5085=CARTESIAN_POINT('',(91.3559740592026,-26.215085318801,0.));
#5086=CARTESIAN_POINT('',(91.3559740592026,-126.820256314659,0.));
#5087=CARTESIAN_POINT('',(91.3559740592026,-126.820256314659,0.));
#5088=CARTESIAN_POINT('',(75.0169263088937,-148.661112230056,0.));
#5089=CARTESIAN_POINT('',(75.0169263088937,-148.661112230056,0.));
#5090=CARTESIAN_POINT('',(19.6344005777624,-148.661112230056,0.));
#5091=CARTESIAN_POINT('',(19.6344005777624,-148.661112230056,0.));
#5092=CARTESIAN_POINT('',(5.74298082439264,-130.09206818721,0.));
#5093=CARTESIAN_POINT('',(3.29349108160946,-126.817767667624,0.));
#5094=CARTESIAN_POINT('',(5.74298082439264,-26.2196753288363,0.));
#5095=CARTESIAN_POINT('',(5.74298082439264,-26.2196753288363,0.));
#5096=CARTESIAN_POINT('',(70.1042586422197,-11.0735998639661,0.));
#5097=CARTESIAN_POINT('Origin',(70.9542586422197,-11.0735998639661,0.));
#5098=CARTESIAN_POINT('',(81.3279170314258,-107.802215341821,0.));
#5099=CARTESIAN_POINT('Origin',(82.8279170314258,-107.802215341821,0.));
#5100=CARTESIAN_POINT('',(68.5279170314258,-146.302215341821,0.));
#5101=CARTESIAN_POINT('Origin',(69.3779170314258,-146.302215341821,0.));
#5102=CARTESIAN_POINT('',(61.4079202083805,-8.77209338246878,0.));
#5103=CARTESIAN_POINT('Origin',(62.2579202083805,-8.77209338246878,0.));
#5104=CARTESIAN_POINT('',(22.851575420632,-11.0735998639661,0.));
#5105=CARTESIAN_POINT('Origin',(23.701575420632,-11.0735998639661,0.));
#5106=CARTESIAN_POINT('',(24.4279170314258,-146.302215341822,0.));
#5107=CARTESIAN_POINT('Origin',(25.2779170314258,-146.302215341822,0.));
#5108=CARTESIAN_POINT('',(10.3279170314258,-107.802215341826,0.));
#5109=CARTESIAN_POINT('Origin',(11.8279170314258,-107.802215341826,0.));
#5110=CARTESIAN_POINT('',(31.5479138544712,-8.77209338246879,0.));
#5111=CARTESIAN_POINT('Origin',(32.3979138544712,-8.77209338246879,0.));
#5112=CARTESIAN_POINT('Origin',(5.74298082439264,-26.2196753288363,2.5));
#5113=CARTESIAN_POINT('',(3.29349108160946,-126.817767667624,2.));
#5114=CARTESIAN_POINT('Origin',(5.74298082439264,-130.09206818721,2.5));
#5115=CARTESIAN_POINT('',(3.29349108160946,-26.2196753288363,2.));
#5116=CARTESIAN_POINT('',(3.29349108160946,-26.2196753288363,2.));
#5117=CARTESIAN_POINT('Origin',(5.74298082439264,-23.5837104296367,2.5));
#5118=CARTESIAN_POINT('Origin',(3.29349108160946,-126.817767667624,0.));
#5119=CARTESIAN_POINT('',(19.6344005777624,-148.661112230056,2.));
#5120=CARTESIAN_POINT('',(19.6344005777624,-148.661112230056,0.));
#5121=CARTESIAN_POINT('',(3.29349108160946,-126.817767667624,2.));
#5122=CARTESIAN_POINT('Origin',(70.9542586422197,-11.0735998639661,0.));
#5123=CARTESIAN_POINT('',(70.1042586422197,-11.0735998639661,2.));
#5124=CARTESIAN_POINT('Origin',(70.9542586422197,-11.0735998639661,2.));
#5125=CARTESIAN_POINT('',(70.1042586422197,-11.0735998639661,0.));
#5126=CARTESIAN_POINT('Origin',(82.8279170314258,-107.802215341821,0.));
#5127=CARTESIAN_POINT('',(81.3279170314258,-107.802215341821,2.));
#5128=CARTESIAN_POINT('Origin',(82.8279170314258,-107.802215341821,2.));
#5129=CARTESIAN_POINT('',(81.3279170314258,-107.802215341821,0.));
#5130=CARTESIAN_POINT('Origin',(69.3779170314258,-146.302215341821,0.));
#5131=CARTESIAN_POINT('',(68.5279170314258,-146.302215341821,2.));
#5132=CARTESIAN_POINT('Origin',(69.3779170314258,-146.302215341821,2.));
#5133=CARTESIAN_POINT('',(68.5279170314258,-146.302215341821,0.));
#5134=CARTESIAN_POINT('Origin',(62.2579202083805,-8.77209338246878,0.));
#5135=CARTESIAN_POINT('',(61.4079202083805,-8.77209338246878,2.));
#5136=CARTESIAN_POINT('Origin',(62.2579202083805,-8.77209338246878,2.));
#5137=CARTESIAN_POINT('',(61.4079202083805,-8.77209338246878,0.));
#5138=CARTESIAN_POINT('Origin',(23.701575420632,-11.0735998639661,0.));
#5139=CARTESIAN_POINT('',(22.851575420632,-11.0735998639661,2.));
#5140=CARTESIAN_POINT('Origin',(23.701575420632,-11.0735998639661,2.));
#5141=CARTESIAN_POINT('',(22.851575420632,-11.0735998639661,0.));
#5142=CARTESIAN_POINT('Origin',(25.2779170314258,-146.302215341822,0.));
#5143=CARTESIAN_POINT('',(24.4279170314258,-146.302215341822,2.));
#5144=CARTESIAN_POINT('Origin',(25.2779170314258,-146.302215341822,2.));
#5145=CARTESIAN_POINT('',(24.4279170314258,-146.302215341822,0.));
#5146=CARTESIAN_POINT('Origin',(11.8279170314258,-107.802215341826,0.));
#5147=CARTESIAN_POINT('',(10.3279170314258,-107.802215341826,2.));
#5148=CARTESIAN_POINT('Origin',(11.8279170314258,-107.802215341826,2.));
#5149=CARTESIAN_POINT('',(10.3279170314258,-107.802215341826,0.));
#5150=CARTESIAN_POINT('Origin',(32.3979138544712,-8.77209338246879,0.));
#5151=CARTESIAN_POINT('',(31.5479138544712,-8.77209338246879,2.));
#5152=CARTESIAN_POINT('Origin',(32.3979138544712,-8.77209338246879,2.));
#5153=CARTESIAN_POINT('',(31.5479138544712,-8.77209338246879,0.));
#5154=CARTESIAN_POINT('Origin',(91.3559740592026,-126.820256314659,0.));
#5155=CARTESIAN_POINT('',(91.3559740592026,-26.215085318801,2.));
#5156=CARTESIAN_POINT('',(91.3559740592026,-26.215085318801,0.));
#5157=CARTESIAN_POINT('',(91.3559740592026,-126.820256314659,2.));
#5158=CARTESIAN_POINT('',(91.3559740592026,-126.820256314659,2.));
#5159=CARTESIAN_POINT('',(91.3559740592026,-126.820256314659,0.));
#5160=CARTESIAN_POINT('Origin',(75.0169263088937,-148.661112230056,0.));
#5161=CARTESIAN_POINT('',(75.0169263088937,-148.661112230056,2.));
#5162=CARTESIAN_POINT('',(75.0169263088937,-148.661112230056,2.));
#5163=CARTESIAN_POINT('',(75.0169263088937,-148.661112230056,0.));
#5164=CARTESIAN_POINT('Origin',(19.6344005777624,-148.661112230056,0.));
#5165=CARTESIAN_POINT('',(19.6344005777624,-148.661112230056,2.));
#5166=CARTESIAN_POINT('Origin',(22.5964997574127,-5.44716404632375,0.));
#5167=CARTESIAN_POINT('',(22.5964997574127,-5.44716404632375,2.));
#5168=CARTESIAN_POINT('',(22.5964997574127,-5.44716404632375,2.));
#5169=CARTESIAN_POINT('',(22.5964997574127,-5.44716404632375,0.));
#5170=CARTESIAN_POINT('Origin',(72.0572306839365,-5.44716404632375,0.));
#5171=CARTESIAN_POINT('',(72.0572306839365,-5.44716404632375,2.));
#5172=CARTESIAN_POINT('',(72.0572306839365,-5.44716404632375,2.));
#5173=CARTESIAN_POINT('',(72.0572306839365,-5.44716404632375,0.));
#5174=CARTESIAN_POINT('Origin',(91.3559740592026,-26.215085318801,0.));
#5175=CARTESIAN_POINT('',(91.3559740592026,-26.215085318801,2.));
#5176=CARTESIAN_POINT('Origin',(47.324732570406,-77.0541381381897,2.));
#5177=CARTESIAN_POINT('Origin',(22.8279170314259,-40.,-11.25));
#5178=CARTESIAN_POINT('',(20.4279170314259,-40.,-13.));
#5179=CARTESIAN_POINT('Origin',(22.8279170314259,-40.,-13.));
#5180=CARTESIAN_POINT('',(19.8279170314259,-40.,-9.5));
#5181=CARTESIAN_POINT('',(20.1279170314259,-40.,-11.25));
#5182=CARTESIAN_POINT('',(23.5313032283331,-37.0836241912263,-9.5));
#5183=CARTESIAN_POINT('Origin',(22.8279170314259,-40.,-9.5));
#5184=CARTESIAN_POINT('',(22.8050652739918,-42.9999129649345,-9.5));
#5185=CARTESIAN_POINT('Origin',(22.8279170314259,-40.,-9.5));
#5186=CARTESIAN_POINT('Origin',(22.8279170314259,-40.,-9.5));
#5187=CARTESIAN_POINT('Origin',(22.8279170314259,-40.,-13.));
#5188=CARTESIAN_POINT('',(21.4779170314259,-40.,-13.));
#5189=CARTESIAN_POINT('Origin',(22.8279170314259,-40.,-13.));
#5190=CARTESIAN_POINT('Origin',(22.8279170314259,-98.,-11.25));
#5191=CARTESIAN_POINT('',(25.2279170314259,-98.,-13.));
#5192=CARTESIAN_POINT('Origin',(22.8279170314259,-98.,-13.));
#5193=CARTESIAN_POINT('',(25.8279170314259,-98.,-9.5));
#5194=CARTESIAN_POINT('',(25.5279170314259,-98.,-11.25));
#5195=CARTESIAN_POINT('',(24.8237866199718,-100.239755474492,-9.5));
#5196=CARTESIAN_POINT('Origin',(22.8279170314259,-98.,-9.5));
#5197=CARTESIAN_POINT('',(22.8279170314259,-95.,-9.5));
#5198=CARTESIAN_POINT('Origin',(22.8279170314259,-98.,-9.5));
#5199=CARTESIAN_POINT('Origin',(22.8279170314259,-98.,-9.5));
#5200=CARTESIAN_POINT('Origin',(22.8279170314259,-98.,-13.));
#5201=CARTESIAN_POINT('',(21.4779170314259,-98.,-13.));
#5202=CARTESIAN_POINT('Origin',(22.8279170314259,-98.,-13.));
#5203=CARTESIAN_POINT('Origin',(23.701575420632,-11.0735998639661,-9.5));
#5204=CARTESIAN_POINT('',(20.7239253414079,-10.708086518524,-9.));
#5205=CARTESIAN_POINT('',(20.1696379013642,-15.2235824924463,-7.));
#5206=CARTESIAN_POINT('Ctrl Pts',(20.1696379013642,-15.2235824924463,-7.));
#5207=CARTESIAN_POINT('Ctrl Pts',(20.2119263440217,-14.8790802021757,-7.));
#5208=CARTESIAN_POINT('Ctrl Pts',(20.2575819053068,-14.5071477204402,-7.05359541631327));
#5209=CARTESIAN_POINT('Ctrl Pts',(20.3459980136165,-13.7868669558773,-7.25629270922169));
#5210=CARTESIAN_POINT('Ctrl Pts',(20.3887896576791,-13.4382653414029,-7.40447969973769));
#5211=CARTESIAN_POINT('Ctrl Pts',(20.467924666465,-12.7935929426545,-7.73928247436874));
#5212=CARTESIAN_POINT('Ctrl Pts',(20.515209161772,-12.4083903694715,-7.98690612714236));
#5213=CARTESIAN_POINT('Ctrl Pts',(20.5671510019569,-11.9852467921705,-8.28490693715681));
#5214=CARTESIAN_POINT('Ctrl Pts',(20.5833644450926,-11.8531641723717,-8.38043736965427));
#5215=CARTESIAN_POINT('Ctrl Pts',(20.6112858420914,-11.6257028470265,-8.54491901365993));
#5216=CARTESIAN_POINT('Ctrl Pts',(20.6285852684713,-11.4847732777702,-8.64668422886798));
#5217=CARTESIAN_POINT('Ctrl Pts',(20.6531290342967,-11.2848277842181,-8.78003300389654));
#5218=CARTESIAN_POINT('Ctrl Pts',(20.6650453420651,-11.187751726085,-8.84092300233131));
#5219=CARTESIAN_POINT('Ctrl Pts',(20.6897085752112,-10.9868329934389,-8.94584260578776));
#5220=CARTESIAN_POINT('Ctrl Pts',(20.7078435762376,-10.8390964253587,-8.99999999999999));
#5221=CARTESIAN_POINT('Ctrl Pts',(20.7239253414079,-10.708086518524,-8.99999999999999));
#5222=CARTESIAN_POINT('',(26.6792254998562,-11.4391132094083,-9.));
#5223=CARTESIAN_POINT('Origin',(23.701575420632,-11.0735998639661,-9.));
#5224=CARTESIAN_POINT('',(26.1249380598126,-15.9546091833306,-7.));
#5225=CARTESIAN_POINT('Ctrl Pts',(26.6792254998562,-11.4391132094083,-8.99999999999997));
#5226=CARTESIAN_POINT('Ctrl Pts',(26.663143734686,-11.5701231162431,-8.99999999999997));
#5227=CARTESIAN_POINT('Ctrl Pts',(26.6450087336595,-11.7178596843232,-8.94584260578774));
#5228=CARTESIAN_POINT('Ctrl Pts',(26.6203455005134,-11.9187784169694,-8.84092300233128));
#5229=CARTESIAN_POINT('Ctrl Pts',(26.608429192745,-12.0158544751025,-8.78003300389651));
#5230=CARTESIAN_POINT('Ctrl Pts',(26.5838854269197,-12.2157999686545,-8.64668422886796));
#5231=CARTESIAN_POINT('Ctrl Pts',(26.5665860005398,-12.3567295379109,-8.54491901365991));
#5232=CARTESIAN_POINT('Ctrl Pts',(26.5386646035409,-12.584190863256,-8.38043736965425));
#5233=CARTESIAN_POINT('Ctrl Pts',(26.5224511604053,-12.7162734830549,-8.2849069371568));
#5234=CARTESIAN_POINT('Ctrl Pts',(26.4705093202204,-13.1394170603558,-7.98690612714235));
#5235=CARTESIAN_POINT('Ctrl Pts',(26.4232248249133,-13.5246196335388,-7.73928247436874));
#5236=CARTESIAN_POINT('Ctrl Pts',(26.3440898161274,-14.1692920322872,-7.40447969973769));
#5237=CARTESIAN_POINT('Ctrl Pts',(26.3012981720649,-14.5178936467616,-7.25629270922169));
#5238=CARTESIAN_POINT('Ctrl Pts',(26.2128820637552,-15.2381744113245,-7.05359541631327));
#5239=CARTESIAN_POINT('Ctrl Pts',(26.16722650247,-15.61010689306,-7.));
#5240=CARTESIAN_POINT('Ctrl Pts',(26.1249380598126,-15.9546091833306,-7.));
#5241=CARTESIAN_POINT('Origin',(23.701575420632,-11.0735998639661,-7.));
#5242=CARTESIAN_POINT('Origin',(17.7647462260289,-59.4379076028962,-7.));
#5243=CARTESIAN_POINT('',(23.8369890429182,-34.5933583736646,-7.));
#5244=CARTESIAN_POINT('',(26.6792254998562,-11.4391132094083,-7.));
#5245=CARTESIAN_POINT('',(22.4993794594066,-45.4901787824962,-7.));
#5246=CARTESIAN_POINT('Origin',(22.8279170314259,-40.,-7.));
#5247=CARTESIAN_POINT('',(16.5197521702965,-94.2031406843689,-7.));
#5248=CARTESIAN_POINT('',(26.6792254998562,-11.4391132094083,-7.));
#5249=CARTESIAN_POINT('',(18.6180008295899,-94.4607054977695,-7.));
#5250=CARTESIAN_POINT('',(23.193430376868,-95.0223499207758,-7.));
#5251=CARTESIAN_POINT('',(21.3821990915477,-103.306590208252,-7.));
#5252=CARTESIAN_POINT('Origin',(22.8279170314259,-98.,-7.));
#5253=CARTESIAN_POINT('',(17.2202927770266,-107.015308565292,-7.));
#5254=CARTESIAN_POINT('',(13.8237866199718,-110.041970816318,-7.));
#5255=CARTESIAN_POINT('',(9.40455439224531,-102.921206022462,-7.));
#5256=CARTESIAN_POINT('Origin',(11.8279170314258,-107.802215341826,-7.));
#5257=CARTESIAN_POINT('',(8.85026695220166,-107.436701996384,-7.));
#5258=CARTESIAN_POINT('Origin',(23.701575420632,-11.0735998639661,-5.));
#5259=CARTESIAN_POINT('',(20.7239253414079,-10.708086518524,-5.));
#5260=CARTESIAN_POINT('',(20.7239253414079,-10.708086518524,-5.));
#5261=CARTESIAN_POINT('',(26.6792254998562,-11.4391132094083,-5.));
#5262=CARTESIAN_POINT('Origin',(23.701575420632,-11.0735998639661,-5.));
#5263=CARTESIAN_POINT('',(26.6792254998562,-11.4391132094083,-5.));
#5264=CARTESIAN_POINT('Origin',(23.701575420632,-11.0735998639661,-9.));
#5265=CARTESIAN_POINT('Origin',(22.8279170314259,-40.,-9.5));
#5266=CARTESIAN_POINT('Ctrl Pts',(23.8369890429182,-34.5933583736646,-7.));
#5267=CARTESIAN_POINT('Ctrl Pts',(23.7992829385427,-34.9005307001504,-7.));
#5268=CARTESIAN_POINT('Ctrl Pts',(23.7549032788711,-35.2620690647129,-7.07237916929398));
#5269=CARTESIAN_POINT('Ctrl Pts',(23.6852034826819,-35.8298776173496,-7.30888327184163));
#5270=CARTESIAN_POINT('Ctrl Pts',(23.6475434805848,-36.1366743721771,-7.51489863868499));
#5271=CARTESIAN_POINT('Ctrl Pts',(23.5941753769591,-36.5714369874708,-7.95168457738749));
#5272=CARTESIAN_POINT('Ctrl Pts',(23.5690016327748,-36.7765145921585,-8.25963233167708));
#5273=CARTESIAN_POINT('Ctrl Pts',(23.54013753131,-37.0116556481149,-8.82944230728074));
#5274=CARTESIAN_POINT('Ctrl Pts',(23.5313032283331,-37.0836241912263,-9.19193708117987));
#5275=CARTESIAN_POINT('Ctrl Pts',(23.5313032283331,-37.0836241912263,-9.5));
#5276=CARTESIAN_POINT('Ctrl Pts',(22.8050652739918,-42.9999129649345,-9.5));
#5277=CARTESIAN_POINT('Ctrl Pts',(22.8050652739918,-42.9999129649345,-9.19193708117987));
#5278=CARTESIAN_POINT('Ctrl Pts',(22.7962309710148,-43.0718815080459,-8.82944230728074));
#5279=CARTESIAN_POINT('Ctrl Pts',(22.76736686955,-43.3070225640023,-8.25963233167708));
#5280=CARTESIAN_POINT('Ctrl Pts',(22.7421931253657,-43.51210016869,-7.95168457738749));
#5281=CARTESIAN_POINT('Ctrl Pts',(22.68882502174,-43.9468627839837,-7.51489863868499));
#5282=CARTESIAN_POINT('Ctrl Pts',(22.651165019643,-44.2536595388113,-7.30888327184163));
#5283=CARTESIAN_POINT('Ctrl Pts',(22.5814652234537,-44.8214680914479,-7.07237916929398));
#5284=CARTESIAN_POINT('Ctrl Pts',(22.5370855637821,-45.1830064560105,-7.));
#5285=CARTESIAN_POINT('Ctrl Pts',(22.4993794594066,-45.4901787824962,-7.));
#5286=CARTESIAN_POINT('Origin',(22.8279170314259,-40.,-5.));
#5287=CARTESIAN_POINT('',(23.5313032283331,-37.0836241912263,-5.));
#5288=CARTESIAN_POINT('',(23.5313032283331,-37.0836241912263,-5.));
#5289=CARTESIAN_POINT('',(22.8050652739918,-42.9999129649345,-5.));
#5290=CARTESIAN_POINT('Origin',(22.8279170314259,-40.,-5.));
#5291=CARTESIAN_POINT('',(22.8050652739918,-42.9999129649345,-5.));
#5292=CARTESIAN_POINT('Origin',(11.8279170314258,-107.802215341826,-9.5));
#5293=CARTESIAN_POINT('',(13.8237866199718,-110.041970816318,-9.));
#5294=CARTESIAN_POINT('Ctrl Pts',(17.2202927770266,-107.015308565292,-7.));
#5295=CARTESIAN_POINT('Ctrl Pts',(16.9611619624315,-107.246222751325,-7.));
#5296=CARTESIAN_POINT('Ctrl Pts',(16.6813984610312,-107.495522940917,-7.05359541631327));
#5297=CARTESIAN_POINT('Ctrl Pts',(16.1396112319484,-107.978315221728,-7.2562927092217));
#5298=CARTESIAN_POINT('Ctrl Pts',(15.8773969510013,-108.211977116959,-7.40447969973769));
#5299=CARTESIAN_POINT('Ctrl Pts',(15.3924814989053,-108.644090360961,-7.73928247436875));
#5300=CARTESIAN_POINT('Ctrl Pts',(15.1027363814065,-108.902285273322,-7.98690612714236));
#5301=CARTESIAN_POINT('Ctrl Pts',(14.784452460012,-109.185911413081,-8.28490693715682));
#5302=CARTESIAN_POINT('Ctrl Pts',(14.6851013734476,-109.274444208076,-8.38043736965427));
#5303=CARTESIAN_POINT('Ctrl Pts',(14.5140074788924,-109.42690777154,-8.54491901365993));
#5304=CARTESIAN_POINT('Ctrl Pts',(14.4080018147406,-109.521370530401,-8.64668422886798));
#5305=CARTESIAN_POINT('Ctrl Pts',(14.2576050246987,-109.655390687011,-8.78003300389654));
#5306=CARTESIAN_POINT('Ctrl Pts',(14.1845854868548,-109.720459162839,-8.84092300233131));
#5307=CARTESIAN_POINT('Ctrl Pts',(14.0334566371246,-109.855131665513,-8.94584260578775));
#5308=CARTESIAN_POINT('Ctrl Pts',(13.9223308237025,-109.954157043077,-8.99999999999999));
#5309=CARTESIAN_POINT('Ctrl Pts',(13.8237866199718,-110.041970816318,-8.99999999999999));
#5310=CARTESIAN_POINT('',(8.85026695220165,-107.436701996384,-9.));
#5311=CARTESIAN_POINT('Origin',(11.8279170314258,-107.802215341826,-9.));
#5312=CARTESIAN_POINT('Ctrl Pts',(8.85026695220165,-107.436701996384,-8.99999999999998));
#5313=CARTESIAN_POINT('Ctrl Pts',(8.8663487173719,-107.305692089549,-8.99999999999998));
#5314=CARTESIAN_POINT('Ctrl Pts',(8.88448371839834,-107.157955521469,-8.94584260578774));
#5315=CARTESIAN_POINT('Ctrl Pts',(8.90914695154447,-106.957036788823,-8.84092300233128));
#5316=CARTESIAN_POINT('Ctrl Pts',(8.92106325931285,-106.85996073069,-8.78003300389651));
#5317=CARTESIAN_POINT('Ctrl Pts',(8.94560702513819,-106.660015237138,-8.64668422886795));
#5318=CARTESIAN_POINT('Ctrl Pts',(8.96290645151808,-106.519085667881,-8.5449190136599));
#5319=CARTESIAN_POINT('Ctrl Pts',(8.99082784851691,-106.291624342536,-8.38043736965425));
#5320=CARTESIAN_POINT('Ctrl Pts',(9.00704129165259,-106.159541722737,-8.28490693715679));
#5321=CARTESIAN_POINT('Ctrl Pts',(9.05898313183749,-105.736398145437,-7.98690612714235));
#5322=CARTESIAN_POINT('Ctrl Pts',(9.10626762714452,-105.351195572253,-7.73928247436873));
#5323=CARTESIAN_POINT('Ctrl Pts',(9.18540263593042,-104.706523173505,-7.40447969973768));
#5324=CARTESIAN_POINT('Ctrl Pts',(9.228194279993,-104.357921559031,-7.25629270922169));
#5325=CARTESIAN_POINT('Ctrl Pts',(9.31661038830269,-103.637640794468,-7.05359541631327));
#5326=CARTESIAN_POINT('Ctrl Pts',(9.36226594958783,-103.265708312732,-7.));
#5327=CARTESIAN_POINT('Ctrl Pts',(9.40455439224531,-102.921206022462,-7.));
#5328=CARTESIAN_POINT('Origin',(11.8279170314258,-107.802215341826,-5.));
#5329=CARTESIAN_POINT('',(13.8237866199718,-110.041970816318,-5.));
#5330=CARTESIAN_POINT('',(13.8237866199718,-110.041970816318,-5.));
#5331=CARTESIAN_POINT('',(8.85026695220166,-107.436701996384,-5.));
#5332=CARTESIAN_POINT('Origin',(11.8279170314258,-107.802215341826,-5.));
#5333=CARTESIAN_POINT('',(8.85026695220166,-107.436701996384,-5.));
#5334=CARTESIAN_POINT('Origin',(11.8279170314258,-107.802215341826,-9.));
#5335=CARTESIAN_POINT('Origin',(22.8279170314259,-98.,-9.5));
#5336=CARTESIAN_POINT('',(22.827917031285,-94.9774823230916,-9.16521448841248));
#5337=CARTESIAN_POINT('Origin',(22.8279170314259,-92.5,-9.5));
#5338=CARTESIAN_POINT('Ctrl Pts',(24.8237866199718,-100.239755474492,-9.5));
#5339=CARTESIAN_POINT('Ctrl Pts',(24.5395169829104,-100.493071128821,-9.1524154212243));
#5340=CARTESIAN_POINT('Ctrl Pts',(24.2271715717416,-100.771405399849,-8.76908396603548));
#5341=CARTESIAN_POINT('Ctrl Pts',(23.5685887495816,-101.358275458325,-8.06706616014209));
#5342=CARTESIAN_POINT('Ctrl Pts',(23.2205080539705,-101.668453816027,-7.75148780714806));
#5343=CARTESIAN_POINT('Ctrl Pts',(22.6577782577477,-102.169908238012,-7.37079987322));
#5344=CARTESIAN_POINT('Ctrl Pts',(22.4082094636934,-102.392301607277,-7.23432101576046));
#5345=CARTESIAN_POINT('Ctrl Pts',(21.8932648219487,-102.85117417705,-7.04851895454689));
#5346=CARTESIAN_POINT('Ctrl Pts',(21.6277274138105,-103.087797345767,-7.));
#5347=CARTESIAN_POINT('Ctrl Pts',(21.3821990915477,-103.306590208252,-7.));
#5348=CARTESIAN_POINT('Ctrl Pts',(18.6180008295899,-94.4607054977696,-7.));
#5349=CARTESIAN_POINT('Ctrl Pts',(18.9444192429229,-94.500774103246,-7.));
#5350=CARTESIAN_POINT('Ctrl Pts',(19.2974387994703,-94.5441080597845,-7.04851895454689));
#5351=CARTESIAN_POINT('Ctrl Pts',(19.9820336004429,-94.6281436345895,-7.23432101576046));
#5352=CARTESIAN_POINT('Ctrl Pts',(20.3138236319222,-94.6688716184573,-7.37079987322));
#5353=CARTESIAN_POINT('Ctrl Pts',(21.0619465593522,-94.7607054158248,-7.75148780714807));
#5354=CARTESIAN_POINT('Ctrl Pts',(21.5247035534379,-94.8175098933607,-8.0670661601421));
#5355=CARTESIAN_POINT('Ctrl Pts',(22.2632114355598,-94.9081634219647,-8.65919990359369));
#5356=CARTESIAN_POINT('Ctrl Pts',(22.5532184913345,-94.9437624501708,-8.9156804247494));
#5357=CARTESIAN_POINT('Ctrl Pts',(22.8279170312208,-94.9774823231009,-9.16521448848193));
#5358=CARTESIAN_POINT('Origin',(22.8279170314259,-98.,-5.));
#5359=CARTESIAN_POINT('',(22.8279170314259,-95.,-5.));
#5360=CARTESIAN_POINT('',(22.8279170314259,-95.,-5.));
#5361=CARTESIAN_POINT('',(24.8237866199718,-100.239755474492,-5.));
#5362=CARTESIAN_POINT('Origin',(22.8279170314259,-98.,-5.));
#5363=CARTESIAN_POINT('',(24.8237866199718,-100.239755474492,-5.));
#5364=CARTESIAN_POINT('Origin',(23.701575420632,-11.0735998639661,-9.));
#5365=CARTESIAN_POINT('',(22.851575420632,-11.0735998639661,-9.));
#5366=CARTESIAN_POINT('Origin',(23.701575420632,-11.0735998639661,-9.));
#5367=CARTESIAN_POINT('Origin',(11.8279170314258,-107.802215341826,-9.));
#5368=CARTESIAN_POINT('',(10.4779170314258,-107.802215341826,-9.));
#5369=CARTESIAN_POINT('Origin',(11.8279170314258,-107.802215341826,-9.));
#5370=CARTESIAN_POINT('Origin',(11.8279170314258,-107.802215341826,-7.));
#5371=CARTESIAN_POINT('',(10.4779170314258,-107.802215341826,-5.));
#5372=CARTESIAN_POINT('Origin',(11.8279170314258,-107.802215341826,-5.));
#5373=CARTESIAN_POINT('',(10.4779170314258,-107.802215341826,-7.));
#5374=CARTESIAN_POINT('Origin',(23.701575420632,-11.0735998639661,-5.));
#5375=CARTESIAN_POINT('',(22.851575420632,-11.0735998639661,-5.));
#5376=CARTESIAN_POINT('',(22.851575420632,-11.0735998639661,-5.));
#5377=CARTESIAN_POINT('Origin',(23.701575420632,-11.0735998639661,-5.));
#5378=CARTESIAN_POINT('Origin',(22.8279170314259,-40.,-5.));
#5379=CARTESIAN_POINT('',(21.4779170314259,-40.,-5.));
#5380=CARTESIAN_POINT('',(21.4779170314259,-40.,-5.));
#5381=CARTESIAN_POINT('Origin',(22.8279170314259,-40.,-5.));
#5382=CARTESIAN_POINT('Origin',(22.8279170314259,-98.,-5.));
#5383=CARTESIAN_POINT('',(21.4779170314259,-98.,-5.));
#5384=CARTESIAN_POINT('',(21.4779170314259,-98.,-5.));
#5385=CARTESIAN_POINT('Origin',(22.8279170314259,-98.,-5.));
#5386=CARTESIAN_POINT('Origin',(24.8237866199718,-100.239755474492,-5.));
#5387=CARTESIAN_POINT('',(13.8237866199718,-110.041970816318,-5.));
#5388=CARTESIAN_POINT('Origin',(22.8279170314259,-94.9774823231261,-5.));
#5389=CARTESIAN_POINT('',(22.8279170314259,-94.9774823231261,-5.));
#5390=CARTESIAN_POINT('',(22.8279170314259,-40.,-5.));
#5391=CARTESIAN_POINT('',(22.8279170314259,-94.9774823231261,-5.));
#5392=CARTESIAN_POINT('Origin',(16.5197521702965,-94.2031406843689,-5.));
#5393=CARTESIAN_POINT('',(16.5197521702965,-94.2031406843689,-5.));
#5394=CARTESIAN_POINT('',(23.193430376868,-95.0223499207758,-5.));
#5395=CARTESIAN_POINT('',(16.5197521702965,-94.2031406843689,-5.));
#5396=CARTESIAN_POINT('Origin',(22.8050652739918,-42.9999129649345,-5.));
#5397=CARTESIAN_POINT('',(26.6792254998562,-11.4391132094083,-5.));
#5398=CARTESIAN_POINT('Origin',(26.6792254998562,-11.4391132094083,-5.));
#5399=CARTESIAN_POINT('',(26.6792254998562,-11.4391132094083,-5.));
#5400=CARTESIAN_POINT('Origin',(8.85026695220166,-107.436701996384,-5.));
#5401=CARTESIAN_POINT('',(8.85026695220166,-107.436701996384,-5.));
#5402=CARTESIAN_POINT('Origin',(17.7647462260289,-59.4379076028962,-5.));
#5403=CARTESIAN_POINT('Origin',(71.8279170314259,-40.,-5.));
#5404=CARTESIAN_POINT('',(70.4779170314259,-40.,-7.));
#5405=CARTESIAN_POINT('Origin',(71.8279170314259,-40.,-7.));
#5406=CARTESIAN_POINT('',(70.4779170314259,-40.,-5.));
#5407=CARTESIAN_POINT('',(70.4779170314259,-40.,-5.));
#5408=CARTESIAN_POINT('Origin',(71.8279170314259,-40.,-5.));
#5409=CARTESIAN_POINT('Origin',(82.8279170314258,-107.802215341821,-5.));
#5410=CARTESIAN_POINT('',(81.3279170314258,-107.802215341821,-7.));
#5411=CARTESIAN_POINT('Origin',(82.8279170314258,-107.802215341821,-7.));
#5412=CARTESIAN_POINT('',(81.3279170314258,-107.802215341821,-5.));
#5413=CARTESIAN_POINT('',(81.3279170314258,-107.802215341821,-5.));
#5414=CARTESIAN_POINT('Origin',(82.8279170314258,-107.802215341821,-5.));
#5415=CARTESIAN_POINT('Origin',(71.8279170314259,-98.,-5.));
#5416=CARTESIAN_POINT('',(70.4279170314259,-98.,-7.));
#5417=CARTESIAN_POINT('Origin',(71.8279170314259,-98.,-7.));
#5418=CARTESIAN_POINT('',(70.4279170314259,-98.,-5.));
#5419=CARTESIAN_POINT('',(70.4279170314259,-98.,-5.));
#5420=CARTESIAN_POINT('Origin',(71.8279170314259,-98.,-5.));
#5421=CARTESIAN_POINT('Origin',(70.9542586422197,-11.0735998639661,-5.));
#5422=CARTESIAN_POINT('',(70.1042586422197,-11.0735998639661,-7.));
#5423=CARTESIAN_POINT('Origin',(70.9542586422197,-11.0735998639661,-7.));
#5424=CARTESIAN_POINT('',(70.1042586422197,-11.0735998639661,-5.));
#5425=CARTESIAN_POINT('',(70.1042586422197,-11.0735998639661,-5.));
#5426=CARTESIAN_POINT('Origin',(70.9542586422197,-11.0735998639661,-5.));
#5427=CARTESIAN_POINT('Origin',(73.9319087214439,-10.708086518524,-5.));
#5428=CARTESIAN_POINT('',(85.80556711065,-107.436701996379,-5.));
#5429=CARTESIAN_POINT('',(73.9319087214439,-10.708086518524,-5.));
#5430=CARTESIAN_POINT('',(85.80556711065,-107.436701996379,-5.));
#5431=CARTESIAN_POINT('',(85.80556711065,-107.436701996379,-7.));
#5432=CARTESIAN_POINT('',(85.80556711065,-107.436701996379,-5.));
#5433=CARTESIAN_POINT('',(73.9319087214439,-10.708086518524,-7.));
#5434=CARTESIAN_POINT('',(85.80556711065,-107.436701996379,-7.));
#5435=CARTESIAN_POINT('',(73.9319087214439,-10.708086518524,-5.));
#5436=CARTESIAN_POINT('Origin',(70.9542586422197,-11.0735998639661,-5.));
#5437=CARTESIAN_POINT('',(67.9766085629955,-11.4391132094083,-5.));
#5438=CARTESIAN_POINT('Origin',(70.9542586422197,-11.0735998639661,-5.));
#5439=CARTESIAN_POINT('',(67.9766085629955,-11.4391132094083,-7.));
#5440=CARTESIAN_POINT('Origin',(70.9542586422197,-11.0735998639661,-7.));
#5441=CARTESIAN_POINT('',(67.9766085629955,-11.4391132094083,-5.));
#5442=CARTESIAN_POINT('Origin',(71.1245308345188,-37.0836241912263,-5.));
#5443=CARTESIAN_POINT('',(71.1245308345188,-37.0836241912263,-5.));
#5444=CARTESIAN_POINT('',(79.8502669522017,-108.167728687263,-5.));
#5445=CARTESIAN_POINT('',(71.1245308345188,-37.0836241912263,-7.));
#5446=CARTESIAN_POINT('',(79.8502669522017,-108.167728687263,-7.));
#5447=CARTESIAN_POINT('',(71.1245308345188,-37.0836241912263,-5.));
#5448=CARTESIAN_POINT('Origin',(71.8279170314259,-40.,-5.));
#5449=CARTESIAN_POINT('',(71.8507687888601,-42.9999129649345,-5.));
#5450=CARTESIAN_POINT('Origin',(71.8279170314259,-40.,-5.));
#5451=CARTESIAN_POINT('',(71.8507687888601,-42.9999129649345,-7.));
#5452=CARTESIAN_POINT('Origin',(71.8279170314259,-40.,-7.));
#5453=CARTESIAN_POINT('',(71.8507687888601,-42.9999129649345,-5.));
#5454=CARTESIAN_POINT('Origin',(78.1360818925557,-94.2031406843688,-5.));
#5455=CARTESIAN_POINT('',(78.1360818925557,-94.2031406843688,-5.));
#5456=CARTESIAN_POINT('',(79.8502669522017,-108.167728687263,-5.));
#5457=CARTESIAN_POINT('',(78.1360818925557,-94.2031406843688,-7.));
#5458=CARTESIAN_POINT('',(79.8502669522017,-108.167728687263,-7.));
#5459=CARTESIAN_POINT('',(78.1360818925557,-94.2031406843688,-5.));
#5460=CARTESIAN_POINT('Origin',(71.8279170314259,-94.9774823231261,-5.));
#5461=CARTESIAN_POINT('',(71.8279170314259,-94.9774823231261,-5.));
#5462=CARTESIAN_POINT('',(71.4624036859837,-95.0223499207758,-5.));
#5463=CARTESIAN_POINT('',(71.8279170314259,-94.9774823231261,-7.));
#5464=CARTESIAN_POINT('',(71.4624036859837,-95.0223499207758,-7.));
#5465=CARTESIAN_POINT('',(71.8279170314259,-94.9774823231261,-5.));
#5466=CARTESIAN_POINT('Origin',(71.8279170314259,-95.,-5.));
#5467=CARTESIAN_POINT('',(71.8279170314259,-95.,-5.));
#5468=CARTESIAN_POINT('',(71.8279170314259,-98.,-5.));
#5469=CARTESIAN_POINT('',(71.8279170314259,-95.,-7.));
#5470=CARTESIAN_POINT('',(71.8279170314259,-98.,-7.));
#5471=CARTESIAN_POINT('',(71.8279170314259,-95.,-5.));
#5472=CARTESIAN_POINT('Origin',(71.8279170314259,-98.,-5.));
#5473=CARTESIAN_POINT('',(69.8320474428804,-100.239755474493,-5.));
#5474=CARTESIAN_POINT('Origin',(71.8279170314259,-98.,-5.));
#5475=CARTESIAN_POINT('',(69.8320474428804,-100.239755474493,-7.));
#5476=CARTESIAN_POINT('Origin',(71.8279170314259,-98.,-7.));
#5477=CARTESIAN_POINT('',(69.8320474428804,-100.239755474493,-5.));
#5478=CARTESIAN_POINT('Origin',(80.8320474428804,-110.041970816314,-5.));
#5479=CARTESIAN_POINT('',(80.8320474428804,-110.041970816314,-5.));
#5480=CARTESIAN_POINT('',(80.8320474428804,-110.041970816314,-5.));
#5481=CARTESIAN_POINT('',(80.8320474428804,-110.041970816314,-7.));
#5482=CARTESIAN_POINT('',(80.8320474428804,-110.041970816314,-7.));
#5483=CARTESIAN_POINT('',(80.8320474428804,-110.041970816314,-5.));
#5484=CARTESIAN_POINT('Origin',(82.8279170314258,-107.802215341821,-5.));
#5485=CARTESIAN_POINT('Origin',(82.8279170314258,-107.802215341821,-5.));
#5486=CARTESIAN_POINT('Origin',(82.8279170314258,-107.802215341821,-7.));
#5487=CARTESIAN_POINT('Origin',(76.8910878368228,-59.4379076028937,-7.));
#5488=CARTESIAN_POINT('Origin',(76.8910878368228,-59.4379076028937,-5.));
#5489=CARTESIAN_POINT('Origin',(47.3256634433281,-146.161112230056,-38.));
#5490=CARTESIAN_POINT('',(59.3256634433281,-148.661112230056,-38.));
#5491=CARTESIAN_POINT('',(59.3256634433281,-143.661112230056,-38.));
#5492=CARTESIAN_POINT('',(59.3256634433281,-147.411112230056,-38.));
#5493=CARTESIAN_POINT('',(72.5169263088937,-143.661112230056,-38.));
#5494=CARTESIAN_POINT('',(19.6344005777624,-143.661112230056,-38.));
#5495=CARTESIAN_POINT('',(72.5169263088937,-148.661112230056,-38.));
#5496=CARTESIAN_POINT('Origin',(72.5169263088937,-146.161112230056,-38.));
#5497=CARTESIAN_POINT('',(75.0169263088937,-148.661112230056,-38.));
#5498=CARTESIAN_POINT('',(68.5279170314258,-146.302215341821,-38.));
#5499=CARTESIAN_POINT('Origin',(69.3779170314258,-146.302215341821,-38.));
#5500=CARTESIAN_POINT('Origin',(47.3256634433281,-146.161112230056,-38.));
#5501=CARTESIAN_POINT('',(35.3256634433281,-143.661112230056,-38.));
#5502=CARTESIAN_POINT('',(35.3256634433281,-148.661112230056,-38.));
#5503=CARTESIAN_POINT('',(35.325663443328,-147.411112230056,-38.));
#5504=CARTESIAN_POINT('',(22.1344005777624,-148.661112230056,-38.));
#5505=CARTESIAN_POINT('',(75.0169263088937,-148.661112230056,-38.));
#5506=CARTESIAN_POINT('',(22.1344005777624,-143.661112230056,-38.));
#5507=CARTESIAN_POINT('Origin',(22.1344005777624,-146.161112230056,-38.));
#5508=CARTESIAN_POINT('',(19.6344005777624,-143.661112230056,-38.));
#5509=CARTESIAN_POINT('',(24.4279170314258,-146.302215341822,-38.));
#5510=CARTESIAN_POINT('Origin',(25.2779170314258,-146.302215341822,-38.));
#5511=CARTESIAN_POINT('Origin',(33.325663443328,-143.661112230056,-2.));
#5512=CARTESIAN_POINT('',(34.270663443328,-150.661112230056,-2.));
#5513=CARTESIAN_POINT('Origin',(33.325663443328,-150.661112230056,-2.));
#5514=CARTESIAN_POINT('',(34.270663443328,-143.661112230056,-2.));
#5515=CARTESIAN_POINT('',(34.270663443328,-143.661112230056,-2.));
#5516=CARTESIAN_POINT('Origin',(33.325663443328,-143.661112230056,-2.));
#5517=CARTESIAN_POINT('Origin',(33.325663443328,-143.661112230056,-30.));
#5518=CARTESIAN_POINT('',(34.270663443328,-150.661112230056,-30.));
#5519=CARTESIAN_POINT('Origin',(33.325663443328,-150.661112230056,-30.));
#5520=CARTESIAN_POINT('',(34.270663443328,-143.661112230056,-30.));
#5521=CARTESIAN_POINT('',(34.270663443328,-143.661112230056,-30.));
#5522=CARTESIAN_POINT('Origin',(33.325663443328,-143.661112230056,-30.));
#5523=CARTESIAN_POINT('Origin',(61.325663443328,-143.661112230056,-2.));
#5524=CARTESIAN_POINT('',(62.270663443328,-150.661112230056,-2.));
#5525=CARTESIAN_POINT('Origin',(61.325663443328,-150.661112230056,-2.));
#5526=CARTESIAN_POINT('',(62.270663443328,-143.661112230056,-2.));
#5527=CARTESIAN_POINT('',(62.270663443328,-143.661112230056,-2.));
#5528=CARTESIAN_POINT('Origin',(61.325663443328,-143.661112230056,-2.));
#5529=CARTESIAN_POINT('Origin',(61.3256634433281,-143.661112230056,-30.));
#5530=CARTESIAN_POINT('',(62.2706634433281,-150.661112230056,-30.));
#5531=CARTESIAN_POINT('Origin',(61.3256634433281,-150.661112230056,-30.));
#5532=CARTESIAN_POINT('',(62.2706634433281,-143.661112230056,-30.));
#5533=CARTESIAN_POINT('',(62.2706634433281,-143.661112230056,-30.));
#5534=CARTESIAN_POINT('Origin',(61.3256634433281,-143.661112230056,-30.));
#5535=CARTESIAN_POINT('Origin',(69.3779170314258,-146.302215341821,0.));
#5536=CARTESIAN_POINT('',(68.5279170314258,-146.302215341821,0.));
#5537=CARTESIAN_POINT('',(68.5279170314258,-146.302215341821,0.));
#5538=CARTESIAN_POINT('Origin',(69.3779170314258,-146.302215341821,0.));
#5539=CARTESIAN_POINT('Origin',(25.2779170314258,-146.302215341822,0.));
#5540=CARTESIAN_POINT('',(24.4279170314258,-146.302215341822,0.));
#5541=CARTESIAN_POINT('',(24.4279170314258,-146.302215341822,0.));
#5542=CARTESIAN_POINT('Origin',(25.2779170314258,-146.302215341822,0.));
#5543=CARTESIAN_POINT('Origin',(72.5169263088937,-146.161112230056,0.));
#5544=CARTESIAN_POINT('',(72.5169263088937,-143.661112230056,0.));
#5545=CARTESIAN_POINT('',(72.5169263088937,-143.661112230056,0.));
#5546=CARTESIAN_POINT('',(72.5169263088937,-148.661112230056,0.));
#5547=CARTESIAN_POINT('Origin',(72.5169263088937,-146.161112230056,0.));
#5548=CARTESIAN_POINT('',(72.5169263088937,-148.661112230056,0.));
#5549=CARTESIAN_POINT('Origin',(47.3256634433281,-146.161112230056,0.));
#5550=CARTESIAN_POINT('',(22.1344005777624,-148.661112230056,0.));
#5551=CARTESIAN_POINT('',(22.1344005777624,-143.661112230056,0.));
#5552=CARTESIAN_POINT('Origin',(22.1344005777624,-146.161112230056,0.));
#5553=CARTESIAN_POINT('',(33.325663443328,-148.661112230056,0.));
#5554=CARTESIAN_POINT('',(75.0169263088937,-148.661112230056,0.));
#5555=CARTESIAN_POINT('',(61.325663443328,-148.661112230056,0.));
#5556=CARTESIAN_POINT('',(75.0169263088937,-148.661112230056,0.));
#5557=CARTESIAN_POINT('',(75.0169263088937,-148.661112230056,0.));
#5558=CARTESIAN_POINT('',(19.6344005777624,-143.661112230056,0.));
#5559=CARTESIAN_POINT('Origin',(22.1344005777624,-146.161112230056,0.));
#5560=CARTESIAN_POINT('',(22.1344005777624,-148.661112230056,0.));
#5561=CARTESIAN_POINT('',(22.1344005777624,-143.661112230056,0.));
#5562=CARTESIAN_POINT('Origin',(35.3256634433281,-148.661112230056,-25.1715728752538));
#5563=CARTESIAN_POINT('',(35.3256634433281,-148.661112230056,-30.));
#5564=CARTESIAN_POINT('',(35.3256634433281,-148.661112230056,-1.99999999999999));
#5565=CARTESIAN_POINT('',(35.325663443328,-148.661112230056,-3.41237590939636));
#5566=CARTESIAN_POINT('',(35.325663443328,-148.661112230056,-16.));
#5567=CARTESIAN_POINT('',(35.3256634433281,-143.661112230056,-1.99999999999999));
#5568=CARTESIAN_POINT('',(35.3256634433281,-143.661112230056,-3.41237590939636));
#5569=CARTESIAN_POINT('',(35.3256634433281,-148.661112230056,-1.99999999999999));
#5570=CARTESIAN_POINT('Origin',(59.3256634433281,-148.661112230056,-6.82842712474617));
#5571=CARTESIAN_POINT('',(59.3256634433281,-148.661112230056,-1.99999999999999));
#5572=CARTESIAN_POINT('',(59.3256634433281,-148.661112230056,-30.));
#5573=CARTESIAN_POINT('',(59.3256634433281,-148.661112230056,-12.5857864376268));
#5574=CARTESIAN_POINT('',(59.3256634433281,-143.661112230056,-1.99999999999999));
#5575=CARTESIAN_POINT('',(59.3256634433281,-148.661112230056,-1.99999999999999));
#5576=CARTESIAN_POINT('',(59.3256634433281,-143.661112230056,-12.5857864376268));
#5577=CARTESIAN_POINT('',(59.3256634433281,-148.661112230056,-12.5857864376268));
#5578=CARTESIAN_POINT('Origin',(36.1540905680745,-148.661112230056,-2.));
#5579=CARTESIAN_POINT('',(27.4800320105452,-143.661112230056,-2.));
#5580=CARTESIAN_POINT('',(55.1712948761109,-148.661112230056,-2.));
#5581=CARTESIAN_POINT('Origin',(33.325663443328,-150.661112230056,-30.));
#5582=CARTESIAN_POINT('',(31.325663443328,-150.661112230056,-30.));
#5583=CARTESIAN_POINT('Origin',(33.325663443328,-150.661112230056,-30.));
#5584=CARTESIAN_POINT('Origin',(33.325663443328,-148.661112230056,-30.));
#5585=CARTESIAN_POINT('',(31.325663443328,-148.661112230056,-30.));
#5586=CARTESIAN_POINT('',(31.325663443328,-148.661112230056,-30.));
#5587=CARTESIAN_POINT('Origin',(33.325663443328,-148.661112230056,-30.));
#5588=CARTESIAN_POINT('Origin',(33.325663443328,-148.661112230056,-30.));
#5589=CARTESIAN_POINT('Origin',(33.325663443328,-150.661112230056,-2.));
#5590=CARTESIAN_POINT('',(31.3256634433281,-150.661112230056,-2.));
#5591=CARTESIAN_POINT('Origin',(33.325663443328,-150.661112230056,-2.));
#5592=CARTESIAN_POINT('Origin',(33.325663443328,-148.661112230056,-2.));
#5593=CARTESIAN_POINT('',(31.3256634433281,-148.661112230056,-2.));
#5594=CARTESIAN_POINT('',(31.3256634433281,-148.661112230056,-2.));
#5595=CARTESIAN_POINT('Origin',(33.325663443328,-148.661112230056,-2.));
#5596=CARTESIAN_POINT('Origin',(33.325663443328,-148.661112230056,-2.));
#5597=CARTESIAN_POINT('Origin',(33.325663443328,-148.661112230056,-2.));
#5598=CARTESIAN_POINT('Origin',(61.3256634433281,-150.661112230056,-30.));
#5599=CARTESIAN_POINT('',(59.3256634433281,-150.661112230056,-30.));
#5600=CARTESIAN_POINT('Origin',(61.3256634433281,-150.661112230056,-30.));
#5601=CARTESIAN_POINT('Origin',(61.3256634433281,-148.661112230056,-30.));
#5602=CARTESIAN_POINT('',(59.3256634433281,-148.661112230056,-30.));
#5603=CARTESIAN_POINT('Origin',(61.3256634433281,-148.661112230056,-30.));
#5604=CARTESIAN_POINT('Origin',(61.325663443328,-150.661112230056,-2.));
#5605=CARTESIAN_POINT('',(59.3256634433281,-150.661112230056,-2.));
#5606=CARTESIAN_POINT('Origin',(61.325663443328,-150.661112230056,-2.));
#5607=CARTESIAN_POINT('Origin',(61.325663443328,-148.661112230056,-2.));
#5608=CARTESIAN_POINT('',(59.3256634433281,-148.661112230056,-2.));
#5609=CARTESIAN_POINT('Origin',(61.325663443328,-148.661112230056,-2.));
#5610=CARTESIAN_POINT('Origin',(61.325663443328,-148.661112230056,-2.));
#5611=CARTESIAN_POINT('Origin',(75.0169263088937,-148.661112230056,0.));
#5612=CARTESIAN_POINT('Origin',(75.0169263088937,-148.661112230056,0.));
#5613=CARTESIAN_POINT('Origin',(75.0169263088937,-148.661112230056,0.));
#5614=CARTESIAN_POINT('Origin',(19.6344005777624,-143.661112230056,0.));
#5615=CARTESIAN_POINT('Origin',(0.421433485089238,-146.161112230056,-38.));
#5616=CARTESIAN_POINT('',(0.421433485089238,-143.661112230056,-38.));
#5617=CARTESIAN_POINT('',(0.421433485089238,-148.661112230056,-38.));
#5618=CARTESIAN_POINT('Origin',(0.421433485089238,-146.161112230056,-38.));
#5619=CARTESIAN_POINT('',(0.421433485089238,-143.661112230056,0.));
#5620=CARTESIAN_POINT('',(0.421433485089238,-143.661112230056,-38.));
#5621=CARTESIAN_POINT('',(0.421433485089238,-148.661112230056,0.));
#5622=CARTESIAN_POINT('Origin',(0.421433485089238,-146.161112230056,0.));
#5623=CARTESIAN_POINT('',(0.421433485089238,-148.661112230056,-38.));
#5624=CARTESIAN_POINT('Origin',(7.32566344332805,-148.661112230056,-32.));
#5625=CARTESIAN_POINT('',(-5.86559942223762,-148.661112230056,0.));
#5626=CARTESIAN_POINT('',(47.0169263088937,-148.661112230056,0.));
#5627=CARTESIAN_POINT('',(-5.86559942223762,-148.661112230056,-38.));
#5628=CARTESIAN_POINT('',(-5.86559942223762,-148.661112230056,-32.));
#5629=CARTESIAN_POINT('',(47.0169263088937,-148.661112230056,-38.));
#5630=CARTESIAN_POINT('Origin',(19.3256634433281,-146.161112230056,0.));
#5631=CARTESIAN_POINT('',(-5.86559942223762,-143.661112230056,0.));
#5632=CARTESIAN_POINT('',(-8.36559942223762,-143.661112230056,0.));
#5633=CARTESIAN_POINT('Origin',(-5.86559942223762,-146.161112230056,0.));
#5634=CARTESIAN_POINT('',(-3.57208296857419,-146.302215341822,0.));
#5635=CARTESIAN_POINT('Origin',(-2.72208296857419,-146.302215341822,0.));
#5636=CARTESIAN_POINT('Origin',(-2.72208296857419,-146.302215341822,-32.));
#5637=CARTESIAN_POINT('',(-3.57208296857419,-146.302215341822,-38.));
#5638=CARTESIAN_POINT('Origin',(-2.72208296857419,-146.302215341822,-38.));
#5639=CARTESIAN_POINT('',(-3.5720829685742,-146.302215341822,-32.));
#5640=CARTESIAN_POINT('Origin',(-5.86559942223762,-143.661112230056,-32.));
#5641=CARTESIAN_POINT('',(-5.86559942223762,-143.661112230056,-38.));
#5642=CARTESIAN_POINT('',(-8.36559942223762,-143.661112230056,-38.));
#5643=CARTESIAN_POINT('',(-5.86559942223762,-143.661112230056,-32.));
#5644=CARTESIAN_POINT('Origin',(-5.86559942223762,-146.161112230056,-32.));
#5645=CARTESIAN_POINT('Origin',(-5.86559942223762,-146.161112230056,-38.));
#5646=CARTESIAN_POINT('Origin',(19.3256634433281,-146.161112230056,-38.));
#5647=CARTESIAN_POINT('Origin',(83.4557720548653,-25.1957379026468,32.));
#5648=CARTESIAN_POINT('',(84.3057720548653,-25.1957379026468,2.));
#5649=CARTESIAN_POINT('Origin',(83.4557720548653,-25.1957379026468,2.));
#5650=CARTESIAN_POINT('',(84.3057720548653,-25.1957379026468,32.));
#5651=CARTESIAN_POINT('',(84.3057720548653,-25.1957379026468,32.));
#5652=CARTESIAN_POINT('Origin',(83.4557720548653,-25.1957379026468,32.));
#5653=CARTESIAN_POINT('Origin',(70.9542586422197,-11.0735998639661,32.));
#5654=CARTESIAN_POINT('',(71.8108096209961,-11.0735998639661,2.));
#5655=CARTESIAN_POINT('Origin',(70.9542586422197,-11.0735998639661,2.));
#5656=CARTESIAN_POINT('',(71.8108096209961,-11.0735998639661,32.));
#5657=CARTESIAN_POINT('',(71.8108096209961,-11.0735998639661,32.));
#5658=CARTESIAN_POINT('Origin',(70.9542586422197,-11.0735998639661,32.));
#5659=CARTESIAN_POINT('Origin',(78.0438878776326,-19.234729027357,32.));
#5660=CARTESIAN_POINT('',(68.1354060408573,-15.9170872298498,32.));
#5661=CARTESIAN_POINT('',(75.4608350287311,-9.10987854026064,32.));
#5662=CARTESIAN_POINT('Origin',(71.7981205347942,-12.5134828850552,32.));
#5663=CARTESIAN_POINT('',(80.6269407265342,-29.3595795144533,32.));
#5664=CARTESIAN_POINT('',(64.7318016960627,-12.2543727359129,32.));
#5665=CARTESIAN_POINT('',(87.952369714408,-22.5523708248641,32.));
#5666=CARTESIAN_POINT('Origin',(84.2896552204711,-25.9559751696587,32.));
#5667=CARTESIAN_POINT('',(72.0572306839365,-5.44716404632375,32.));
#5668=CARTESIAN_POINT('Origin',(84.2896552204711,-25.9559751696587,2.));
#5669=CARTESIAN_POINT('',(80.6269407265342,-29.3595795144533,2.));
#5670=CARTESIAN_POINT('',(80.6269407265342,-29.3595795144533,2.));
#5671=CARTESIAN_POINT('',(87.952369714408,-22.5523708248641,2.));
#5672=CARTESIAN_POINT('Origin',(84.2896552204711,-25.9559751696587,2.));
#5673=CARTESIAN_POINT('',(87.952369714408,-22.5523708248641,2.));
#5674=CARTESIAN_POINT('Origin',(71.7981205347942,-12.5134828850552,2.));
#5675=CARTESIAN_POINT('',(75.4608350287311,-9.10987854026064,2.));
#5676=CARTESIAN_POINT('',(75.4608350287311,-9.10987854026065,2.));
#5677=CARTESIAN_POINT('',(68.1354060408573,-15.9170872298498,2.));
#5678=CARTESIAN_POINT('Origin',(71.7981205347942,-12.5134828850552,2.));
#5679=CARTESIAN_POINT('',(68.1354060408573,-15.9170872298498,2.));
#5680=CARTESIAN_POINT('Origin',(91.3559740592026,-26.215085318801,2.));
#5681=CARTESIAN_POINT('',(72.0572306839365,-5.44716404632375,2.));
#5682=CARTESIAN_POINT('Origin',(64.7318016960627,-12.2543727359129,2.));
#5683=CARTESIAN_POINT('',(64.7318016960627,-12.2543727359129,2.));
#5684=CARTESIAN_POINT('Origin',(78.0438878776326,-19.234729027357,2.));
#5685=CARTESIAN_POINT('Origin',(65.0510145687205,-40.0735998639661,33.5));
#5686=CARTESIAN_POINT('',(67.3706257721706,-43.332342545558,33.5));
#5687=CARTESIAN_POINT('',(67.0806743717394,-42.924999710359,34.));
#5688=CARTESIAN_POINT('Origin',(67.0806743717394,-42.924999710359,33.5));
#5689=CARTESIAN_POINT('',(65.0510145687205,-43.5735998639661,34.));
#5690=CARTESIAN_POINT('Origin',(65.0510145687205,-40.0735998639661,34.));
#5691=CARTESIAN_POINT('',(65.0510145687205,-44.0735998639661,33.5));
#5692=CARTESIAN_POINT('Origin',(65.0510145687205,-43.5735998639661,33.5));
#5693=CARTESIAN_POINT('Origin',(65.0510145687205,-40.0735998639661,33.5));
#5694=CARTESIAN_POINT('Origin',(37.8292586422197,-43.5735998639661,33.5));
#5695=CARTESIAN_POINT('',(29.6075027157189,-43.5735998639661,34.));
#5696=CARTESIAN_POINT('',(29.6075027157189,-44.0735998639661,33.5));
#5697=CARTESIAN_POINT('Origin',(29.6075027157189,-43.5735998639661,33.5));
#5698=CARTESIAN_POINT('',(37.8292586422197,-44.0735998639661,33.5));
#5699=CARTESIAN_POINT('',(37.8292586422197,-43.5735998639661,34.));
#5700=CARTESIAN_POINT('Origin',(29.6075027157189,-40.0735998639661,33.5));
#5701=CARTESIAN_POINT('',(27.5778429127,-42.924999710359,34.));
#5702=CARTESIAN_POINT('',(27.2878915122687,-43.332342545558,33.5));
#5703=CARTESIAN_POINT('Origin',(27.5778429127,-42.924999710359,33.5));
#5704=CARTESIAN_POINT('Origin',(29.6075027157189,-40.0735998639661,33.5));
#5705=CARTESIAN_POINT('Origin',(29.6075027157189,-40.0735998639661,34.));
#5706=CARTESIAN_POINT('Origin',(17.8556497179468,-36.0046287390493,33.5));
#5707=CARTESIAN_POINT('',(7.31523903432012,-28.5018409771255,34.));
#5708=CARTESIAN_POINT('',(7.02528763388885,-28.9091838123245,33.5));
#5709=CARTESIAN_POINT('Origin',(7.31523903432012,-28.5018409771255,33.5));
#5710=CARTESIAN_POINT('',(17.5656983175155,-36.4119715742482,33.5));
#5711=CARTESIAN_POINT('',(17.8556497179468,-36.0046287390493,34.));
#5712=CARTESIAN_POINT('Origin',(9.344898837339,-25.6504411307326,33.5));
#5713=CARTESIAN_POINT('',(6.78291717360794,-23.2658552222978,34.));
#5714=CARTESIAN_POINT('',(6.41691979307493,-22.9252000925214,33.5));
#5715=CARTESIAN_POINT('Origin',(6.78291717360794,-23.2658552222978,33.5));
#5716=CARTESIAN_POINT('Origin',(9.344898837339,-25.6504411307326,33.5));
#5717=CARTESIAN_POINT('Origin',(9.344898837339,-25.6504411307326,34.));
#5718=CARTESIAN_POINT('Origin',(23.9380044168298,-4.83455492761067,33.5));
#5719=CARTESIAN_POINT('',(21.8380210031818,-7.09076175198004,34.));
#5720=CARTESIAN_POINT('',(21.4720236226488,-6.75010662220364,33.5));
#5721=CARTESIAN_POINT('Origin',(21.8380210031818,-7.09076175198004,33.5));
#5722=CARTESIAN_POINT('',(23.5720070362968,-4.49389979783427,33.5));
#5723=CARTESIAN_POINT('',(23.9380044168298,-4.83455492761067,34.));
#5724=CARTESIAN_POINT('Origin',(24.4000026669128,-9.47534766041484,33.5));
#5725=CARTESIAN_POINT('',(24.4000026669128,-5.97534766041484,34.));
#5726=CARTESIAN_POINT('',(24.4000026669128,-5.47534766041484,33.5));
#5727=CARTESIAN_POINT('Origin',(24.4000026669128,-5.97534766041484,33.5));
#5728=CARTESIAN_POINT('Origin',(24.4000026669128,-9.47534766041484,33.5));
#5729=CARTESIAN_POINT('Origin',(24.4000026669128,-9.47534766041484,34.));
#5730=CARTESIAN_POINT('Origin',(59.6646298575516,-5.97534766041484,33.5));
#5731=CARTESIAN_POINT('',(70.2585146175265,-5.97534766041484,34.));
#5732=CARTESIAN_POINT('',(70.2585146175265,-5.47534766041484,33.5));
#5733=CARTESIAN_POINT('Origin',(70.2585146175265,-5.97534766041484,33.5));
#5734=CARTESIAN_POINT('',(59.6646298575516,-5.47534766041484,33.5));
#5735=CARTESIAN_POINT('',(59.6646298575516,-5.97534766041484,34.));
#5736=CARTESIAN_POINT('Origin',(70.2585146175265,-9.47534766041484,33.5));
#5737=CARTESIAN_POINT('',(72.8204962812576,-7.09076175198004,34.));
#5738=CARTESIAN_POINT('',(73.1864936617906,-6.75010662220364,33.5));
#5739=CARTESIAN_POINT('Origin',(72.8204962812576,-7.09076175198004,33.5));
#5740=CARTESIAN_POINT('Origin',(70.2585146175265,-9.47534766041484,33.5));
#5741=CARTESIAN_POINT('Origin',(70.2585146175265,-9.47534766041484,34.));
#5742=CARTESIAN_POINT('Origin',(80.3951479081745,-15.2289120734543,33.5));
#5743=CARTESIAN_POINT('',(87.8756001108314,-23.2658552222978,34.));
#5744=CARTESIAN_POINT('',(88.2415974913644,-22.9252000925214,33.5));
#5745=CARTESIAN_POINT('Origin',(87.8756001108314,-23.2658552222978,33.5));
#5746=CARTESIAN_POINT('',(80.7611452887075,-14.8882569436779,33.5));
#5747=CARTESIAN_POINT('',(80.3951479081745,-15.2289120734543,34.));
#5748=CARTESIAN_POINT('Origin',(85.3136184471004,-25.6504411307326,33.5));
#5749=CARTESIAN_POINT('',(87.3432782501192,-28.5018409771255,34.));
#5750=CARTESIAN_POINT('',(87.6332296505505,-28.9091838123245,33.5));
#5751=CARTESIAN_POINT('Origin',(87.3432782501192,-28.5018409771255,33.5));
#5752=CARTESIAN_POINT('Origin',(85.3136184471004,-25.6504411307326,33.5));
#5753=CARTESIAN_POINT('Origin',(85.3136184471004,-25.6504411307326,34.));
#5754=CARTESIAN_POINT('Origin',(64.2928613105958,-44.9093976949813,33.5));
#5755=CARTESIAN_POINT('',(64.2928613105958,-44.9093976949813,34.));
#5756=CARTESIAN_POINT('',(64.582812711027,-45.3167405301802,33.5));
#5757=CARTESIAN_POINT('Origin',(72.0000010728836,-5.47534766041484,32.));
#5758=CARTESIAN_POINT('',(70.2585146175265,-5.47534766041484,32.));
#5759=CARTESIAN_POINT('',(70.2585146175265,-5.47534766041484,32.));
#5760=CARTESIAN_POINT('',(24.4000026669128,-5.47534766041484,32.));
#5761=CARTESIAN_POINT('',(22.6019909244483,-5.47534766041484,32.));
#5762=CARTESIAN_POINT('',(24.4000026669128,-5.47534766041484,32.));
#5763=CARTESIAN_POINT('Origin',(70.2585146175265,-9.47534766041484,32.));
#5764=CARTESIAN_POINT('',(73.1864936617906,-6.75010662220364,32.));
#5765=CARTESIAN_POINT('',(73.1864936617906,-6.75010662220364,32.));
#5766=CARTESIAN_POINT('Origin',(70.2585146175265,-9.47534766041484,32.));
#5767=CARTESIAN_POINT('Origin',(91.3492711540134,-26.2640619521022,32.));
#5768=CARTESIAN_POINT('',(88.2415974913644,-22.9252000925215,32.));
#5769=CARTESIAN_POINT('',(88.2415974913644,-22.9252000925214,32.));
#5770=CARTESIAN_POINT('',(72.0000010728836,-5.47534766041484,32.));
#5771=CARTESIAN_POINT('Origin',(85.3136184471004,-25.6504411307326,32.));
#5772=CARTESIAN_POINT('',(87.6332296505505,-28.9091838123245,32.));
#5773=CARTESIAN_POINT('',(87.6332296505505,-28.9091838123245,32.));
#5774=CARTESIAN_POINT('Origin',(85.3136184471004,-25.6504411307326,32.));
#5775=CARTESIAN_POINT('Origin',(66.3292586422197,-44.0735998639661,32.));
#5776=CARTESIAN_POINT('',(67.3706257721706,-43.332342545558,32.));
#5777=CARTESIAN_POINT('',(67.3706257721706,-43.332342545558,32.));
#5778=CARTESIAN_POINT('',(91.3492711540134,-26.2640619521022,32.));
#5779=CARTESIAN_POINT('Origin',(65.0510145687205,-40.0735998639661,32.));
#5780=CARTESIAN_POINT('',(65.0510145687205,-44.0735998639661,32.));
#5781=CARTESIAN_POINT('',(65.0510145687205,-44.0735998639661,32.));
#5782=CARTESIAN_POINT('Origin',(65.0510145687205,-40.0735998639661,32.));
#5783=CARTESIAN_POINT('Origin',(47.3292586422197,-24.7744737621905,34.));
#5784=CARTESIAN_POINT('',(35.8292586422197,-13.5735998639661,34.));
#5785=CARTESIAN_POINT('',(35.8292586422197,-36.5735998639661,34.));
#5786=CARTESIAN_POINT('',(35.8292586422197,-30.4240368130783,34.));
#5787=CARTESIAN_POINT('',(58.8292586422197,-13.5735998639661,34.));
#5788=CARTESIAN_POINT('',(41.8292586422197,-13.5735998639661,34.));
#5789=CARTESIAN_POINT('',(58.8292586422197,-36.5735998639661,34.));
#5790=CARTESIAN_POINT('',(58.8292586422197,-19.4240368130783,34.));
#5791=CARTESIAN_POINT('',(52.8292586422197,-36.5735998639661,34.));
#5792=CARTESIAN_POINT('',(72.2042586422197,-11.0735998639661,34.));
#5793=CARTESIAN_POINT('Origin',(70.9542586422197,-11.0735998639661,34.));
#5794=CARTESIAN_POINT('',(24.951575420632,-11.0735998639661,34.));
#5795=CARTESIAN_POINT('Origin',(23.701575420632,-11.0735998639661,34.));
#5796=CARTESIAN_POINT('',(84.7057720548653,-25.1957379026468,34.));
#5797=CARTESIAN_POINT('Origin',(83.4557720548653,-25.1957379026468,34.));
#5798=CARTESIAN_POINT('',(12.4499997496605,-25.1999994367361,34.));
#5799=CARTESIAN_POINT('Origin',(11.1999997496605,-25.1999994367361,34.));
#5800=CARTESIAN_POINT('',(62.9292586422197,-11.0735998639661,34.));
#5801=CARTESIAN_POINT('Origin',(61.3292586422197,-11.0735998639661,34.));
#5802=CARTESIAN_POINT('',(62.9292586422197,-39.0735998639661,34.));
#5803=CARTESIAN_POINT('Origin',(61.3292586422197,-39.0735998639661,34.));
#5804=CARTESIAN_POINT('',(34.9292586422197,-11.0735998639661,34.));
#5805=CARTESIAN_POINT('Origin',(33.3292586422197,-11.0735998639661,34.));
#5806=CARTESIAN_POINT('',(34.9292586422197,-39.0735998639661,34.));
#5807=CARTESIAN_POINT('Origin',(33.3292586422197,-39.0735998639661,34.));
#5808=CARTESIAN_POINT('Origin',(58.8292586422197,-19.4240368130783,33.5));
#5809=CARTESIAN_POINT('',(58.3292586422197,-14.0735998639661,33.5));
#5810=CARTESIAN_POINT('Origin',(58.8292586422197,-13.5735998639661,33.5));
#5811=CARTESIAN_POINT('',(58.3292586422197,-36.0735998639661,33.5));
#5812=CARTESIAN_POINT('',(58.3292586422197,-19.4240368130783,33.5));
#5813=CARTESIAN_POINT('Origin',(58.8292586422197,-36.5735998639661,33.5));
#5814=CARTESIAN_POINT('Origin',(35.8292586422197,-30.4240368130783,33.5));
#5815=CARTESIAN_POINT('',(36.3292586422197,-36.0735998639661,33.5));
#5816=CARTESIAN_POINT('Origin',(35.8292586422197,-36.5735998639661,33.5));
#5817=CARTESIAN_POINT('',(36.3292586422197,-14.0735998639661,33.5));
#5818=CARTESIAN_POINT('',(36.3292586422197,-30.4240368130783,33.5));
#5819=CARTESIAN_POINT('Origin',(35.8292586422197,-13.5735998639661,33.5));
#5820=CARTESIAN_POINT('Origin',(52.8292586422197,-36.5735998639661,33.5));
#5821=CARTESIAN_POINT('',(52.8292586422197,-36.0735998639661,33.5));
#5822=CARTESIAN_POINT('Origin',(41.8292586422197,-13.5735998639661,33.5));
#5823=CARTESIAN_POINT('',(41.8292586422197,-14.0735998639661,33.5));
#5824=CARTESIAN_POINT('Origin',(36.3292586422197,-14.0735998639661,34.));
#5825=CARTESIAN_POINT('',(36.3292586422197,-14.0735998639661,32.));
#5826=CARTESIAN_POINT('',(36.3292586422197,-14.0735998639661,34.));
#5827=CARTESIAN_POINT('',(58.3292586422197,-14.0735998639661,32.));
#5828=CARTESIAN_POINT('',(41.8292586422197,-14.0735998639661,32.));
#5829=CARTESIAN_POINT('',(58.3292586422197,-14.0735998639661,34.));
#5830=CARTESIAN_POINT('Origin',(36.3292586422197,-36.0735998639661,34.));
#5831=CARTESIAN_POINT('',(36.3292586422197,-36.0735998639661,32.));
#5832=CARTESIAN_POINT('',(36.3292586422197,-36.0735998639661,34.));
#5833=CARTESIAN_POINT('',(36.3292586422197,-30.4240368130783,32.));
#5834=CARTESIAN_POINT('Origin',(58.3292586422197,-36.0735998639661,34.));
#5835=CARTESIAN_POINT('',(58.3292586422197,-36.0735998639661,32.));
#5836=CARTESIAN_POINT('',(58.3292586422197,-36.0735998639661,34.));
#5837=CARTESIAN_POINT('',(52.8292586422197,-36.0735998639661,32.));
#5838=CARTESIAN_POINT('Origin',(58.3292586422197,-14.0735998639661,34.));
#5839=CARTESIAN_POINT('',(58.3292586422197,-19.4240368130783,32.));
#5840=CARTESIAN_POINT('Origin',(47.3292586422197,-24.7744737621905,32.));
#5841=CARTESIAN_POINT('',(29.6075027157189,-44.0735998639661,32.));
#5842=CARTESIAN_POINT('',(66.3292586422197,-44.0735998639661,32.));
#5843=CARTESIAN_POINT('',(27.2878915122687,-43.332342545558,32.));
#5844=CARTESIAN_POINT('Origin',(29.6075027157189,-40.0735998639661,32.));
#5845=CARTESIAN_POINT('',(7.02528763388885,-28.9091838123245,32.));
#5846=CARTESIAN_POINT('',(3.30924613042598,-26.2640619521022,32.));
#5847=CARTESIAN_POINT('',(6.41691979307493,-22.9252000925214,32.));
#5848=CARTESIAN_POINT('Origin',(9.344898837339,-25.6504411307326,32.));
#5849=CARTESIAN_POINT('',(21.4720236226488,-6.75010662220364,32.));
#5850=CARTESIAN_POINT('',(22.6585162115558,-5.47534766041484,32.));
#5851=CARTESIAN_POINT('Origin',(24.4000026669128,-9.47534766041484,32.));
#5852=CARTESIAN_POINT('',(72.2042586422197,-11.0735998639661,32.));
#5853=CARTESIAN_POINT('Origin',(70.9542586422197,-11.0735998639661,32.));
#5854=CARTESIAN_POINT('',(24.951575420632,-11.0735998639661,32.));
#5855=CARTESIAN_POINT('Origin',(23.701575420632,-11.0735998639661,32.));
#5856=CARTESIAN_POINT('',(84.7057720548653,-25.1957379026468,32.));
#5857=CARTESIAN_POINT('Origin',(83.4557720548653,-25.1957379026468,32.));
#5858=CARTESIAN_POINT('',(12.4499997496605,-25.1999994367361,32.));
#5859=CARTESIAN_POINT('Origin',(11.1999997496605,-25.1999994367361,32.));
#5860=CARTESIAN_POINT('',(62.9292586422197,-11.0735998639661,32.));
#5861=CARTESIAN_POINT('Origin',(61.3292586422197,-11.0735998639661,32.));
#5862=CARTESIAN_POINT('',(62.9292586422197,-39.0735998639661,32.));
#5863=CARTESIAN_POINT('Origin',(61.3292586422197,-39.0735998639661,32.));
#5864=CARTESIAN_POINT('',(34.9292586422197,-11.0735998639661,32.));
#5865=CARTESIAN_POINT('Origin',(33.3292586422197,-11.0735998639661,32.));
#5866=CARTESIAN_POINT('',(34.9292586422197,-39.0735998639661,32.));
#5867=CARTESIAN_POINT('Origin',(33.3292586422197,-39.0735998639661,32.));
#5868=CARTESIAN_POINT('Origin',(28.3292586422197,-44.0735998639661,32.));
#5869=CARTESIAN_POINT('',(29.6075027157189,-44.0735998639661,32.));
#5870=CARTESIAN_POINT('Origin',(29.6075027157189,-40.0735998639661,32.));
#5871=CARTESIAN_POINT('',(27.2878915122687,-43.332342545558,32.));
#5872=CARTESIAN_POINT('Origin',(24.4000026669128,-9.47534766041484,32.));
#5873=CARTESIAN_POINT('',(21.4720236226488,-6.75010662220364,32.));
#5874=CARTESIAN_POINT('Origin',(22.6585162115558,-5.47534766041484,32.));
#5875=CARTESIAN_POINT('',(6.41691979307493,-22.9252000925214,32.));
#5876=CARTESIAN_POINT('Origin',(9.344898837339,-25.6504411307326,32.));
#5877=CARTESIAN_POINT('',(7.02528763388885,-28.9091838123245,32.));
#5878=CARTESIAN_POINT('Origin',(3.30924613042598,-26.2640619521022,32.));
#5879=CARTESIAN_POINT('Origin',(70.9542586422197,-11.0735998639661,2.));
#5880=CARTESIAN_POINT('',(72.2042586422197,-11.0735998639661,2.));
#5881=CARTESIAN_POINT('Origin',(23.701575420632,-11.0735998639661,2.));
#5882=CARTESIAN_POINT('',(24.951575420632,-11.0735998639661,2.));
#5883=CARTESIAN_POINT('Origin',(83.4557720548653,-25.1957379026468,2.));
#5884=CARTESIAN_POINT('',(84.7057720548653,-25.1957379026468,2.));
#5885=CARTESIAN_POINT('Origin',(11.1999997496605,-25.1999994367361,2.));
#5886=CARTESIAN_POINT('',(12.4499997496605,-25.1999994367361,2.));
#5887=CARTESIAN_POINT('Origin',(33.3292586422197,-39.0735998639661,32.));
#5888=CARTESIAN_POINT('',(34.9292586422197,-39.0735998639661,32.));
#5889=CARTESIAN_POINT('Origin',(33.3292586422197,-11.0735998639661,32.));
#5890=CARTESIAN_POINT('',(34.9292586422197,-11.0735998639661,32.));
#5891=CARTESIAN_POINT('Origin',(61.3292586422197,-39.0735998639661,32.));
#5892=CARTESIAN_POINT('',(62.9292586422197,-39.0735998639661,32.));
#5893=CARTESIAN_POINT('Origin',(61.3292586422197,-11.0735998639661,32.));
#5894=CARTESIAN_POINT('',(62.9292586422197,-11.0735998639661,32.));
#5895=CARTESIAN_POINT('Origin',(12.824732570406,-40.2427432728521,12.));
#5896=CARTESIAN_POINT('',(16.824732570406,-40.2427432728521,12.));
#5897=CARTESIAN_POINT('Origin',(12.824732570406,-40.2427432728521,12.));
#5898=CARTESIAN_POINT('',(16.824732570406,-40.2427432728521,10.5));
#5899=CARTESIAN_POINT('',(16.824732570406,-40.2427432728521,12.));
#5900=CARTESIAN_POINT('Origin',(12.824732570406,-40.2427432728521,10.5));
#5901=CARTESIAN_POINT('Origin',(12.824732570406,-40.2427432728521,10.5));
#5902=CARTESIAN_POINT('Origin',(12.824732570406,-109.242743272852,12.));
#5903=CARTESIAN_POINT('',(16.824732570406,-109.242743272852,12.));
#5904=CARTESIAN_POINT('Origin',(12.824732570406,-109.242743272852,12.));
#5905=CARTESIAN_POINT('',(16.824732570406,-109.242743272852,10.5));
#5906=CARTESIAN_POINT('',(16.824732570406,-109.242743272852,12.));
#5907=CARTESIAN_POINT('Origin',(12.824732570406,-109.242743272852,10.5));
#5908=CARTESIAN_POINT('Origin',(12.824732570406,-109.242743272852,10.5));
#5909=CARTESIAN_POINT('Origin',(21.7248750639997,-107.529171957786,7.5));
#5910=CARTESIAN_POINT('',(8.27490501645277,-117.752584677918,7.5));
#5911=CARTESIAN_POINT('',(7.98424985691107,-117.345743703787,7.));
#5912=CARTESIAN_POINT('Origin',(7.98424985691107,-117.345743703787,7.5));
#5913=CARTESIAN_POINT('',(31.9443704950779,-100.228164281996,7.));
#5914=CARTESIAN_POINT('',(21.7248750639997,-107.529171957786,7.));
#5915=CARTESIAN_POINT('',(32.2350256546196,-100.635005256127,7.5));
#5916=CARTESIAN_POINT('Origin',(31.9443704950779,-100.228164281996,7.5));
#5917=CARTESIAN_POINT('',(22.0155302235414,-107.936012931917,7.5));
#5918=CARTESIAN_POINT('Origin',(29.3284740592026,-96.5665955148179,7.5));
#5919=CARTESIAN_POINT('',(33.8284740592026,-96.5665955148179,7.));
#5920=CARTESIAN_POINT('',(34.3284740592026,-96.5665955148179,7.5));
#5921=CARTESIAN_POINT('Origin',(33.8284740592026,-96.5665955148179,7.5));
#5922=CARTESIAN_POINT('Origin',(29.3284740592026,-96.5665955148179,7.5));
#5923=CARTESIAN_POINT('Origin',(29.3284740592026,-96.5665955148179,7.));
#5924=CARTESIAN_POINT('Origin',(33.8284740592026,-85.5667234772731,7.5));
#5925=CARTESIAN_POINT('',(33.8284740592026,-48.5665955148179,7.));
#5926=CARTESIAN_POINT('',(34.3284740592026,-48.5665955148179,7.5));
#5927=CARTESIAN_POINT('Origin',(33.8284740592026,-48.5665955148179,7.5));
#5928=CARTESIAN_POINT('',(34.3284740592026,-85.5667234772731,7.5));
#5929=CARTESIAN_POINT('',(33.8284740592026,-85.5667234772731,7.));
#5930=CARTESIAN_POINT('Origin',(29.3284740592026,-48.5665955148179,7.5));
#5931=CARTESIAN_POINT('',(31.4873112412313,-44.6182513021776,7.));
#5932=CARTESIAN_POINT('',(31.7271820392345,-44.179546389662,7.5));
#5933=CARTESIAN_POINT('Origin',(31.4873112412313,-44.6182513021776,7.5));
#5934=CARTESIAN_POINT('Origin',(29.3284740592026,-48.5665955148179,7.5));
#5935=CARTESIAN_POINT('Origin',(29.3284740592026,-48.5665955148179,7.));
#5936=CARTESIAN_POINT('Origin',(32.9567265215064,-45.4216838734168,7.5));
#5937=CARTESIAN_POINT('',(7.73032804921854,-31.6286394837458,7.));
#5938=CARTESIAN_POINT('',(7.97019884722173,-31.1899345712302,7.5));
#5939=CARTESIAN_POINT('Origin',(7.73032804921854,-31.6286394837458,7.5));
#5940=CARTESIAN_POINT('',(33.1965973195096,-44.9829789609012,7.5));
#5941=CARTESIAN_POINT('',(32.9567265215064,-45.4216838734168,7.));
#5942=CARTESIAN_POINT('Origin',(6.53097405920256,-33.8221640463237,7.5));
#5943=CARTESIAN_POINT('',(4.03097405920256,-33.8221640463237,7.));
#5944=CARTESIAN_POINT('',(3.53097405920256,-33.8221640463237,7.5));
#5945=CARTESIAN_POINT('Origin',(4.03097405920256,-33.8221640463237,7.5));
#5946=CARTESIAN_POINT('Origin',(6.53097405920256,-33.8221640463237,7.5));
#5947=CARTESIAN_POINT('Origin',(6.53097405920256,-33.8221640463237,7.));
#5948=CARTESIAN_POINT('Origin',(4.03097405920256,-54.194507743026,7.5));
#5949=CARTESIAN_POINT('',(4.03097405920256,-115.311538833133,7.));
#5950=CARTESIAN_POINT('',(3.53097405920256,-115.311538833133,7.5));
#5951=CARTESIAN_POINT('Origin',(4.03097405920256,-115.311538833133,7.5));
#5952=CARTESIAN_POINT('',(3.53097405920256,-54.194507743026,7.5));
#5953=CARTESIAN_POINT('',(4.03097405920256,-54.194507743026,7.));
#5954=CARTESIAN_POINT('Origin',(6.53097405920256,-115.311538833133,7.5));
#5955=CARTESIAN_POINT('Origin',(6.53097405920256,-115.311538833133,7.5));
#5956=CARTESIAN_POINT('Origin',(6.53097405920256,-115.311538833133,7.));
#5957=CARTESIAN_POINT('Origin',(6.53097405920256,-33.8221640463237,7.));
#5958=CARTESIAN_POINT('',(3.53097405920256,-33.8221640463237,12.));
#5959=CARTESIAN_POINT('',(3.53097405920256,-33.8221640463237,7.));
#5960=CARTESIAN_POINT('',(7.97019884722173,-31.1899345712302,12.));
#5961=CARTESIAN_POINT('Origin',(6.53097405920256,-33.8221640463237,12.));
#5962=CARTESIAN_POINT('',(7.97019884722173,-31.1899345712302,7.));
#5963=CARTESIAN_POINT('Origin',(3.53097405920256,-33.8221640463237,7.));
#5964=CARTESIAN_POINT('',(3.53097405920256,-115.311538833133,12.));
#5965=CARTESIAN_POINT('',(3.53097405920256,-115.311538833133,7.));
#5966=CARTESIAN_POINT('',(3.53097405920256,-33.8221640463237,12.));
#5967=CARTESIAN_POINT('Origin',(6.53097405920256,-115.311538833133,7.));
#5968=CARTESIAN_POINT('',(8.27490501645277,-117.752584677918,12.));
#5969=CARTESIAN_POINT('',(8.27490501645277,-117.752584677918,7.));
#5970=CARTESIAN_POINT('Origin',(6.53097405920256,-115.311538833133,12.));
#5971=CARTESIAN_POINT('Origin',(8.27490501645277,-117.752584677918,7.));
#5972=CARTESIAN_POINT('',(32.2350256546196,-100.635005256127,12.));
#5973=CARTESIAN_POINT('',(32.2350256546196,-100.635005256127,7.));
#5974=CARTESIAN_POINT('',(8.27490501645277,-117.752584677918,12.));
#5975=CARTESIAN_POINT('Origin',(18.9297240592026,-74.5668514397283,7.));
#5976=CARTESIAN_POINT('',(12.6935946973694,-102.305971987059,7.));
#5977=CARTESIAN_POINT('',(9.53097405920255,-100.678608090535,7.));
#5978=CARTESIAN_POINT('Origin',(11.5309740592025,-100.678608090535,7.));
#5979=CARTESIAN_POINT('',(23.491094697362,-94.5920265275254,7.));
#5980=CARTESIAN_POINT('',(2.46180182561873,-109.6157651953,7.));
#5981=CARTESIAN_POINT('',(24.3284740591952,-92.9646626310021,7.));
#5982=CARTESIAN_POINT('Origin',(22.3284740591952,-92.9646626310017,7.));
#5983=CARTESIAN_POINT('',(24.3284740592019,-52.7172315392388,7.));
#5984=CARTESIAN_POINT('',(24.3284740591946,-96.5665954944787,7.));
#5985=CARTESIAN_POINT('',(23.2879572512147,-50.9624118891761,7.));
#5986=CARTESIAN_POINT('Origin',(22.3284740592019,-52.7172315392385,7.));
#5987=CARTESIAN_POINT('',(12.4904572512153,-45.0586600333149,7.));
#5988=CARTESIAN_POINT('',(3.17278288715784,-39.964032821542,7.));
#5989=CARTESIAN_POINT('',(9.53097405920256,-46.8134796833773,7.));
#5990=CARTESIAN_POINT('Origin',(11.5309740592026,-46.8134796833773,7.));
#5991=CARTESIAN_POINT('',(9.53097405920257,-33.8221640463237,7.));
#5992=CARTESIAN_POINT('',(7.33097405920256,-33.8221640463237,7.));
#5993=CARTESIAN_POINT('Origin',(6.53097405920256,-33.8221640463237,7.));
#5994=CARTESIAN_POINT('',(30.9284740592026,-48.5665955148179,7.));
#5995=CARTESIAN_POINT('Origin',(29.3284740592026,-48.5665955148179,7.));
#5996=CARTESIAN_POINT('',(30.9284740592026,-96.5665955148179,7.));
#5997=CARTESIAN_POINT('Origin',(29.3284740592026,-96.5665955148179,7.));
#5998=CARTESIAN_POINT('',(7.33097405920256,-115.311538833133,7.));
#5999=CARTESIAN_POINT('Origin',(6.53097405920256,-115.311538833133,7.));
#6000=CARTESIAN_POINT('',(7.33097405920256,-50.4797594908865,7.));
#6001=CARTESIAN_POINT('Origin',(6.53097405920256,-50.4797594908865,7.));
#6002=CARTESIAN_POINT('',(7.33097405920256,-99.8101754180089,7.));
#6003=CARTESIAN_POINT('Origin',(6.53097405920256,-99.8101754180089,7.));
#6004=CARTESIAN_POINT('Origin',(11.5309740592025,-100.678608090535,7.));
#6005=CARTESIAN_POINT('',(9.53097405920255,-100.678608090535,12.));
#6006=CARTESIAN_POINT('',(9.53097405920255,-100.678608090535,7.));
#6007=CARTESIAN_POINT('',(12.6935946973694,-102.305971987059,12.));
#6008=CARTESIAN_POINT('Origin',(11.5309740592025,-100.678608090535,12.));
#6009=CARTESIAN_POINT('',(12.6935946973694,-102.305971987059,7.));
#6010=CARTESIAN_POINT('Origin',(9.53097405920255,-104.565410108108,7.));
#6011=CARTESIAN_POINT('',(9.53097405920256,-46.8134796833773,12.));
#6012=CARTESIAN_POINT('',(9.53097405920256,-46.8134796833773,7.));
#6013=CARTESIAN_POINT('',(9.53097405920257,-33.8221640463237,12.));
#6014=CARTESIAN_POINT('Origin',(22.3284740591952,-92.9646626310017,7.));
#6015=CARTESIAN_POINT('',(23.491094697362,-94.5920265275254,12.));
#6016=CARTESIAN_POINT('',(23.491094697362,-94.5920265275254,7.));
#6017=CARTESIAN_POINT('',(24.3284740591952,-92.9646626310021,12.));
#6018=CARTESIAN_POINT('Origin',(22.3284740591952,-92.9646626310017,12.));
#6019=CARTESIAN_POINT('',(24.3284740591952,-92.9646626310021,7.));
#6020=CARTESIAN_POINT('Origin',(24.328474059195,-93.9937863120937,7.));
#6021=CARTESIAN_POINT('',(2.46180182561873,-109.6157651953,12.));
#6022=CARTESIAN_POINT('Origin',(22.3284740592019,-52.7172315392385,7.));
#6023=CARTESIAN_POINT('',(24.3284740592019,-52.7172315392388,12.));
#6024=CARTESIAN_POINT('',(24.3284740592019,-52.7172315392388,7.));
#6025=CARTESIAN_POINT('',(23.2879572512147,-50.9624118891761,12.));
#6026=CARTESIAN_POINT('Origin',(22.3284740592019,-52.7172315392385,12.));
#6027=CARTESIAN_POINT('',(23.2879572512147,-50.9624118891761,7.));
#6028=CARTESIAN_POINT('Origin',(24.3284740592021,-51.5313355322612,7.));
#6029=CARTESIAN_POINT('',(24.3284740591946,-96.5665954944787,12.));
#6030=CARTESIAN_POINT('Origin',(11.5309740592026,-46.8134796833773,7.));
#6031=CARTESIAN_POINT('',(12.4904572512153,-45.0586600333149,12.));
#6032=CARTESIAN_POINT('',(12.4904572512153,-45.0586600333149,7.));
#6033=CARTESIAN_POINT('Origin',(11.5309740592026,-46.8134796833773,12.));
#6034=CARTESIAN_POINT('Origin',(9.53097405920257,-43.4405026462127,7.));
#6035=CARTESIAN_POINT('',(3.17278288715784,-39.964032821542,12.));
#6036=CARTESIAN_POINT('Origin',(29.3284740592026,-48.5665955148179,12.));
#6037=CARTESIAN_POINT('',(32.3284740592026,-48.5665955148179,12.));
#6038=CARTESIAN_POINT('Origin',(29.3284740592026,-48.5665955148179,12.));
#6039=CARTESIAN_POINT('',(32.3284740592026,-48.5665955148179,10.5));
#6040=CARTESIAN_POINT('',(32.3284740592026,-48.5665955148179,12.));
#6041=CARTESIAN_POINT('Origin',(29.3284740592026,-48.5665955148179,10.5));
#6042=CARTESIAN_POINT('Origin',(29.3284740592026,-48.5665955148179,10.5));
#6043=CARTESIAN_POINT('',(30.9284740592026,-48.5665955148179,10.5));
#6044=CARTESIAN_POINT('Origin',(29.3284740592026,-48.5665955148179,10.5));
#6045=CARTESIAN_POINT('Origin',(29.3284740592026,-96.5665955148179,12.));
#6046=CARTESIAN_POINT('',(32.3284740592026,-96.5665955148179,12.));
#6047=CARTESIAN_POINT('Origin',(29.3284740592026,-96.5665955148179,12.));
#6048=CARTESIAN_POINT('',(32.3284740592026,-96.5665955148179,10.5));
#6049=CARTESIAN_POINT('',(32.3284740592026,-96.5665955148179,12.));
#6050=CARTESIAN_POINT('Origin',(29.3284740592026,-96.5665955148179,10.5));
#6051=CARTESIAN_POINT('Origin',(29.3284740592026,-96.5665955148179,10.5));
#6052=CARTESIAN_POINT('',(30.9284740592026,-96.5665955148179,10.5));
#6053=CARTESIAN_POINT('Origin',(29.3284740592026,-96.5665955148179,10.5));
#6054=CARTESIAN_POINT('Origin',(6.53097405920256,-33.8221640463237,7.));
#6055=CARTESIAN_POINT('',(7.33097405920256,-33.8221640463237,12.));
#6056=CARTESIAN_POINT('Origin',(6.53097405920256,-33.8221640463237,12.));
#6057=CARTESIAN_POINT('',(7.33097405920256,-33.8221640463237,7.));
#6058=CARTESIAN_POINT('Origin',(29.3284740592026,-48.5665955148179,7.));
#6059=CARTESIAN_POINT('',(30.9284740592026,-48.5665955148179,7.));
#6060=CARTESIAN_POINT('Origin',(29.3284740592026,-96.5665955148179,7.));
#6061=CARTESIAN_POINT('',(30.9284740592026,-96.5665955148179,7.));
#6062=CARTESIAN_POINT('Origin',(6.53097405920256,-115.311538833133,7.));
#6063=CARTESIAN_POINT('',(7.33097405920256,-115.311538833133,12.));
#6064=CARTESIAN_POINT('Origin',(6.53097405920256,-115.311538833133,12.));
#6065=CARTESIAN_POINT('',(7.33097405920256,-115.311538833133,7.));
#6066=CARTESIAN_POINT('Origin',(6.53097405920256,-50.4797594908865,7.));
#6067=CARTESIAN_POINT('',(7.33097405920256,-50.4797594908865,12.));
#6068=CARTESIAN_POINT('Origin',(6.53097405920256,-50.4797594908865,12.));
#6069=CARTESIAN_POINT('',(7.33097405920256,-50.4797594908865,7.));
#6070=CARTESIAN_POINT('Origin',(6.53097405920256,-99.8101754180089,7.));
#6071=CARTESIAN_POINT('',(7.33097405920256,-99.8101754180089,12.));
#6072=CARTESIAN_POINT('Origin',(6.53097405920256,-99.8101754180089,12.));
#6073=CARTESIAN_POINT('',(7.33097405920256,-99.8101754180089,7.));
#6074=CARTESIAN_POINT('Origin',(31.7271820392345,-44.179546389662,7.));
#6075=CARTESIAN_POINT('',(31.7271820392345,-44.179546389662,12.));
#6076=CARTESIAN_POINT('',(7.97019884722173,-31.1899345712302,12.));
#6077=CARTESIAN_POINT('',(31.7271820392345,-44.179546389662,7.));
#6078=CARTESIAN_POINT('Origin',(29.3284740592026,-48.5665955148179,7.));
#6079=CARTESIAN_POINT('',(34.3284740592026,-48.5665955148179,12.));
#6080=CARTESIAN_POINT('Origin',(29.3284740592026,-48.5665955148179,12.));
#6081=CARTESIAN_POINT('',(34.3284740592026,-48.5665955148179,7.));
#6082=CARTESIAN_POINT('Origin',(34.3284740592026,-96.5665955148179,7.));
#6083=CARTESIAN_POINT('',(34.3284740592026,-96.5665955148179,12.));
#6084=CARTESIAN_POINT('',(34.3284740592026,-48.5665955148179,12.));
#6085=CARTESIAN_POINT('',(34.3284740592026,-96.5665955148179,7.));
#6086=CARTESIAN_POINT('Origin',(29.3284740592026,-96.5665955148179,7.));
#6087=CARTESIAN_POINT('Origin',(29.3284740592026,-96.5665955148179,12.));
#6088=CARTESIAN_POINT('Origin',(18.9297240592026,-74.5668514397283,12.));
#6089=UNCERTAINTY_MEASURE_WITH_UNIT(LENGTH_MEASURE(0.01),#6093,
'DISTANCE_ACCURACY_VALUE',
'Maximum model space distance between geometric entities at asserted c
onnectivities');
#6090=UNCERTAINTY_MEASURE_WITH_UNIT(LENGTH_MEASURE(0.01),#6093,
'DISTANCE_ACCURACY_VALUE',
'Maximum model space distance between geometric entities at asserted c
onnectivities');
#6091=(
GEOMETRIC_REPRESENTATION_CONTEXT(3)
GLOBAL_UNCERTAINTY_ASSIGNED_CONTEXT((#6089))
GLOBAL_UNIT_ASSIGNED_CONTEXT((#6093,#6095,#6096))
REPRESENTATION_CONTEXT('','3D')
);
#6092=(
GEOMETRIC_REPRESENTATION_CONTEXT(3)
GLOBAL_UNCERTAINTY_ASSIGNED_CONTEXT((#6090))
GLOBAL_UNIT_ASSIGNED_CONTEXT((#6093,#6095,#6096))
REPRESENTATION_CONTEXT('','3D')
);
#6093=(
LENGTH_UNIT()
NAMED_UNIT(*)
SI_UNIT(.MILLI.,.METRE.)
);
#6094=(
LENGTH_UNIT()
NAMED_UNIT(*)
SI_UNIT($,.METRE.)
);
#6095=(
NAMED_UNIT(*)
PLANE_ANGLE_UNIT()
SI_UNIT($,.RADIAN.)
);
#6096=(
NAMED_UNIT(*)
SI_UNIT($,.STERADIAN.)
SOLID_ANGLE_UNIT()
);
#6097=SHAPE_DEFINITION_REPRESENTATION(#6098,#6099);
#6098=PRODUCT_DEFINITION_SHAPE('',$,#6101);
#6099=SHAPE_REPRESENTATION('',(#3497),#6091);
#6100=PRODUCT_DEFINITION_CONTEXT('part definition',#6105,'design');
#6101=PRODUCT_DEFINITION('COMPOUND-SOLID-1(2)','COMPOUND-SOLID-1(2) v8',
#6102,#6100);
#6102=PRODUCT_DEFINITION_FORMATION('',$,#6107);
#6103=PRODUCT_RELATED_PRODUCT_CATEGORY('COMPOUND-SOLID-1(2) v8',
'COMPOUND-SOLID-1(2) v8',(#6107));
#6104=APPLICATION_PROTOCOL_DEFINITION('international standard',
'automotive_design',2009,#6105);
#6105=APPLICATION_CONTEXT(
'Core Data for Automotive Mechanical Design Process');
#6106=PRODUCT_CONTEXT('part definition',#6105,'mechanical');
#6107=PRODUCT('COMPOUND-SOLID-1(2)','COMPOUND-SOLID-1(2) v8',$,(#6106));
#6108=PRESENTATION_STYLE_ASSIGNMENT((#6109));
#6109=SURFACE_STYLE_USAGE(.BOTH.,#6110);
#6110=SURFACE_SIDE_STYLE('',(#6111));
#6111=SURFACE_STYLE_FILL_AREA(#6112);
#6112=FILL_AREA_STYLE('Steel - Satin',(#6113));
#6113=FILL_AREA_STYLE_COLOUR('Steel - Satin',#6114);
#6114=COLOUR_RGB('Steel - Satin',0.627450980392157,0.627450980392157,0.627450980392157);
ENDSEC;
END-ISO-10303-21;
