ISO-10303-21;
HEADER;
/* Generated by software containing ST-Developer
 * from STEP Tools, Inc. (www.steptools.com) 
 */

FILE_DESCRIPTION(
/* description */ (''),
/* implementation_level */ '2;1');

FILE_NAME(
/* name */ 'tyre.step',
/* time_stamp */ '2026-08-04T22:29:33+10:00',
/* author */ (''),
/* organization */ (''),
/* preprocessor_version */ 'ST-DEVELOPER v20.1',
/* originating_system */ 'Autodesk Translation Framework v15.8.0.0',
/* authorisation */ '');

FILE_SCHEMA (('AUTOMOTIVE_DESIGN { 1 0 10303 214 3 1 1 }'));
ENDSEC;

DATA;
#10=MECHANICAL_DESIGN_GEOMETRIC_PRESENTATION_REPRESENTATION('',(#13),#2816);
#11=SHAPE_REPRESENTATION_RELATIONSHIP('SRR','None',#2823,#12);
#12=ADVANCED_BREP_SHAPE_REPRESENTATION('',(#14),#2815);
#13=STYLED_ITEM('',(#2832),#14);
#14=MANIFOLD_SOLID_BREP('Body2',#1638);
#15=CONICAL_SURFACE('',#1666,21.,0.785398163397448);
#16=CONICAL_SURFACE('',#1694,21.,0.785398163397448);
#17=CONICAL_SURFACE('',#1696,21.,0.785398163397449);
#18=CONICAL_SURFACE('',#1698,21.,0.785398163397448);
#19=CONICAL_SURFACE('',#1700,21.,0.785398163397448);
#20=CONICAL_SURFACE('',#1702,21.,0.785398163397448);
#21=CONICAL_SURFACE('',#1704,21.,0.785398163397449);
#22=CONICAL_SURFACE('',#1706,21.,0.785398163397448);
#23=CONICAL_SURFACE('',#1708,21.,0.785398163397449);
#24=CONICAL_SURFACE('',#1710,21.,0.785398163397448);
#25=CONICAL_SURFACE('',#1712,21.,0.785398163397448);
#26=CONICAL_SURFACE('',#1714,21.,0.785398163397449);
#27=CONICAL_SURFACE('',#1716,20.25,0.643501108793284);
#28=CONICAL_SURFACE('',#1748,20.25,0.643501108793284);
#29=CONICAL_SURFACE('',#1750,20.25,0.643501108793284);
#30=CONICAL_SURFACE('',#1752,20.25,0.643501108793284);
#31=CONICAL_SURFACE('',#1754,20.25,0.643501108793284);
#32=CONICAL_SURFACE('',#1756,20.25,0.643501108793284);
#33=CONICAL_SURFACE('',#1758,20.25,0.643501108793284);
#34=CONICAL_SURFACE('',#1760,20.25,0.643501108793284);
#35=CONICAL_SURFACE('',#1762,20.25,0.643501108793284);
#36=CONICAL_SURFACE('',#1764,20.25,0.643501108793284);
#37=CONICAL_SURFACE('',#1766,20.25,0.643501108793284);
#38=CONICAL_SURFACE('',#1768,20.25,0.643501108793284);
#39=FACE_BOUND('',#191,.T.);
#40=FACE_BOUND('',#193,.T.);
#41=FACE_BOUND('',#195,.T.);
#42=FACE_BOUND('',#196,.T.);
#43=FACE_BOUND('',#197,.T.);
#44=FACE_BOUND('',#198,.T.);
#45=FACE_BOUND('',#199,.T.);
#46=FACE_BOUND('',#202,.T.);
#47=FACE_BOUND('',#216,.T.);
#48=FACE_BOUND('',#217,.T.);
#49=FACE_BOUND('',#218,.T.);
#50=FACE_BOUND('',#219,.T.);
#51=FACE_BOUND('',#220,.T.);
#52=FACE_BOUND('',#269,.T.);
#53=FACE_BOUND('',#270,.T.);
#54=FACE_BOUND('',#271,.T.);
#55=FACE_BOUND('',#272,.T.);
#56=FACE_BOUND('',#273,.T.);
#57=FACE_BOUND('',#274,.T.);
#58=FACE_BOUND('',#275,.T.);
#59=FACE_BOUND('',#276,.T.);
#60=FACE_BOUND('',#277,.T.);
#61=FACE_BOUND('',#278,.T.);
#62=FACE_BOUND('',#279,.T.);
#63=FACE_BOUND('',#281,.T.);
#64=FACE_BOUND('',#283,.T.);
#65=FACE_BOUND('',#285,.T.);
#66=FACE_BOUND('',#287,.T.);
#67=FACE_BOUND('',#301,.T.);
#68=FACE_BOUND('',#303,.T.);
#69=PLANE('',#1655);
#70=PLANE('',#1657);
#71=PLANE('',#1659);
#72=PLANE('',#1669);
#73=PLANE('',#1719);
#74=PLANE('',#1770);
#75=PLANE('',#1772);
#76=PLANE('',#1773);
#77=PLANE('',#1775);
#78=PLANE('',#1776);
#79=PLANE('',#1778);
#80=PLANE('',#1779);
#81=PLANE('',#1781);
#82=PLANE('',#1782);
#83=PLANE('',#1784);
#84=PLANE('',#1785);
#85=PLANE('',#1787);
#86=PLANE('',#1788);
#87=PLANE('',#1790);
#88=PLANE('',#1791);
#89=PLANE('',#1793);
#90=PLANE('',#1795);
#91=PLANE('',#1796);
#92=PLANE('',#1797);
#93=PLANE('',#1799);
#94=PLANE('',#1800);
#95=PLANE('',#1802);
#96=PLANE('',#1803);
#97=PLANE('',#1805);
#98=PLANE('',#1808);
#99=PLANE('',#1811);
#100=PLANE('',#1814);
#101=PLANE('',#1817);
#102=PLANE('',#1835);
#103=PLANE('',#1836);
#104=FACE_OUTER_BOUND('',#189,.T.);
#105=FACE_OUTER_BOUND('',#190,.T.);
#106=FACE_OUTER_BOUND('',#192,.T.);
#107=FACE_OUTER_BOUND('',#194,.T.);
#108=FACE_OUTER_BOUND('',#200,.T.);
#109=FACE_OUTER_BOUND('',#201,.T.);
#110=FACE_OUTER_BOUND('',#203,.T.);
#111=FACE_OUTER_BOUND('',#204,.T.);
#112=FACE_OUTER_BOUND('',#205,.T.);
#113=FACE_OUTER_BOUND('',#206,.T.);
#114=FACE_OUTER_BOUND('',#207,.T.);
#115=FACE_OUTER_BOUND('',#208,.T.);
#116=FACE_OUTER_BOUND('',#209,.T.);
#117=FACE_OUTER_BOUND('',#210,.T.);
#118=FACE_OUTER_BOUND('',#211,.T.);
#119=FACE_OUTER_BOUND('',#212,.T.);
#120=FACE_OUTER_BOUND('',#213,.T.);
#121=FACE_OUTER_BOUND('',#214,.T.);
#122=FACE_OUTER_BOUND('',#215,.T.);
#123=FACE_OUTER_BOUND('',#221,.T.);
#124=FACE_OUTER_BOUND('',#222,.T.);
#125=FACE_OUTER_BOUND('',#223,.T.);
#126=FACE_OUTER_BOUND('',#224,.T.);
#127=FACE_OUTER_BOUND('',#225,.T.);
#128=FACE_OUTER_BOUND('',#226,.T.);
#129=FACE_OUTER_BOUND('',#227,.T.);
#130=FACE_OUTER_BOUND('',#228,.T.);
#131=FACE_OUTER_BOUND('',#229,.T.);
#132=FACE_OUTER_BOUND('',#230,.T.);
#133=FACE_OUTER_BOUND('',#231,.T.);
#134=FACE_OUTER_BOUND('',#232,.T.);
#135=FACE_OUTER_BOUND('',#233,.T.);
#136=FACE_OUTER_BOUND('',#234,.T.);
#137=FACE_OUTER_BOUND('',#235,.T.);
#138=FACE_OUTER_BOUND('',#236,.T.);
#139=FACE_OUTER_BOUND('',#237,.T.);
#140=FACE_OUTER_BOUND('',#238,.T.);
#141=FACE_OUTER_BOUND('',#239,.T.);
#142=FACE_OUTER_BOUND('',#240,.T.);
#143=FACE_OUTER_BOUND('',#241,.T.);
#144=FACE_OUTER_BOUND('',#242,.T.);
#145=FACE_OUTER_BOUND('',#243,.T.);
#146=FACE_OUTER_BOUND('',#244,.T.);
#147=FACE_OUTER_BOUND('',#245,.T.);
#148=FACE_OUTER_BOUND('',#246,.T.);
#149=FACE_OUTER_BOUND('',#247,.T.);
#150=FACE_OUTER_BOUND('',#248,.T.);
#151=FACE_OUTER_BOUND('',#249,.T.);
#152=FACE_OUTER_BOUND('',#250,.T.);
#153=FACE_OUTER_BOUND('',#251,.T.);
#154=FACE_OUTER_BOUND('',#252,.T.);
#155=FACE_OUTER_BOUND('',#253,.T.);
#156=FACE_OUTER_BOUND('',#254,.T.);
#157=FACE_OUTER_BOUND('',#255,.T.);
#158=FACE_OUTER_BOUND('',#256,.T.);
#159=FACE_OUTER_BOUND('',#257,.T.);
#160=FACE_OUTER_BOUND('',#258,.T.);
#161=FACE_OUTER_BOUND('',#259,.T.);
#162=FACE_OUTER_BOUND('',#260,.T.);
#163=FACE_OUTER_BOUND('',#261,.T.);
#164=FACE_OUTER_BOUND('',#262,.T.);
#165=FACE_OUTER_BOUND('',#263,.T.);
#166=FACE_OUTER_BOUND('',#264,.T.);
#167=FACE_OUTER_BOUND('',#265,.T.);
#168=FACE_OUTER_BOUND('',#266,.T.);
#169=FACE_OUTER_BOUND('',#267,.T.);
#170=FACE_OUTER_BOUND('',#268,.T.);
#171=FACE_OUTER_BOUND('',#280,.T.);
#172=FACE_OUTER_BOUND('',#282,.T.);
#173=FACE_OUTER_BOUND('',#284,.T.);
#174=FACE_OUTER_BOUND('',#286,.T.);
#175=FACE_OUTER_BOUND('',#288,.T.);
#176=FACE_OUTER_BOUND('',#289,.T.);
#177=FACE_OUTER_BOUND('',#290,.T.);
#178=FACE_OUTER_BOUND('',#291,.T.);
#179=FACE_OUTER_BOUND('',#292,.T.);
#180=FACE_OUTER_BOUND('',#293,.T.);
#181=FACE_OUTER_BOUND('',#294,.T.);
#182=FACE_OUTER_BOUND('',#295,.T.);
#183=FACE_OUTER_BOUND('',#296,.T.);
#184=FACE_OUTER_BOUND('',#297,.T.);
#185=FACE_OUTER_BOUND('',#298,.T.);
#186=FACE_OUTER_BOUND('',#299,.T.);
#187=FACE_OUTER_BOUND('',#300,.T.);
#188=FACE_OUTER_BOUND('',#302,.T.);
#189=EDGE_LOOP('',(#1057,#1058,#1059,#1060));
#190=EDGE_LOOP('',(#1061));
#191=EDGE_LOOP('',(#1062));
#192=EDGE_LOOP('',(#1063));
#193=EDGE_LOOP('',(#1064));
#194=EDGE_LOOP('',(#1065));
#195=EDGE_LOOP('',(#1066));
#196=EDGE_LOOP('',(#1067));
#197=EDGE_LOOP('',(#1068));
#198=EDGE_LOOP('',(#1069));
#199=EDGE_LOOP('',(#1070));
#200=EDGE_LOOP('',(#1071,#1072,#1073,#1074));
#201=EDGE_LOOP('',(#1075,#1076,#1077,#1078,#1079,#1080,#1081,#1082,#1083,
#1084,#1085,#1086,#1087,#1088,#1089,#1090,#1091,#1092,#1093,#1094,#1095,
#1096,#1097,#1098,#1099,#1100,#1101,#1102,#1103,#1104,#1105,#1106,#1107,
#1108,#1109,#1110,#1111,#1112,#1113,#1114,#1115,#1116,#1117,#1118,#1119,
#1120,#1121,#1122));
#202=EDGE_LOOP('',(#1123));
#203=EDGE_LOOP('',(#1124,#1125,#1126,#1127));
#204=EDGE_LOOP('',(#1128,#1129,#1130,#1131));
#205=EDGE_LOOP('',(#1132,#1133,#1134,#1135));
#206=EDGE_LOOP('',(#1136,#1137,#1138,#1139));
#207=EDGE_LOOP('',(#1140,#1141,#1142,#1143));
#208=EDGE_LOOP('',(#1144,#1145,#1146,#1147));
#209=EDGE_LOOP('',(#1148,#1149,#1150,#1151));
#210=EDGE_LOOP('',(#1152,#1153,#1154,#1155));
#211=EDGE_LOOP('',(#1156,#1157,#1158,#1159));
#212=EDGE_LOOP('',(#1160,#1161,#1162,#1163));
#213=EDGE_LOOP('',(#1164,#1165,#1166,#1167));
#214=EDGE_LOOP('',(#1168,#1169,#1170,#1171));
#215=EDGE_LOOP('',(#1172,#1173,#1174,#1175,#1176,#1177,#1178,#1179,#1180,
#1181,#1182,#1183,#1184,#1185,#1186,#1187,#1188,#1189,#1190,#1191,#1192,
#1193,#1194,#1195));
#216=EDGE_LOOP('',(#1196));
#217=EDGE_LOOP('',(#1197));
#218=EDGE_LOOP('',(#1198));
#219=EDGE_LOOP('',(#1199));
#220=EDGE_LOOP('',(#1200));
#221=EDGE_LOOP('',(#1201,#1202,#1203,#1204));
#222=EDGE_LOOP('',(#1205,#1206,#1207,#1208));
#223=EDGE_LOOP('',(#1209,#1210,#1211,#1212));
#224=EDGE_LOOP('',(#1213,#1214,#1215,#1216));
#225=EDGE_LOOP('',(#1217,#1218,#1219,#1220));
#226=EDGE_LOOP('',(#1221,#1222,#1223,#1224));
#227=EDGE_LOOP('',(#1225,#1226,#1227,#1228));
#228=EDGE_LOOP('',(#1229,#1230,#1231,#1232));
#229=EDGE_LOOP('',(#1233,#1234,#1235,#1236));
#230=EDGE_LOOP('',(#1237,#1238,#1239,#1240));
#231=EDGE_LOOP('',(#1241,#1242,#1243,#1244));
#232=EDGE_LOOP('',(#1245,#1246,#1247,#1248,#1249));
#233=EDGE_LOOP('',(#1250,#1251,#1252,#1253));
#234=EDGE_LOOP('',(#1254,#1255,#1256,#1257,#1258));
#235=EDGE_LOOP('',(#1259,#1260,#1261,#1262,#1263));
#236=EDGE_LOOP('',(#1264,#1265,#1266,#1267));
#237=EDGE_LOOP('',(#1268,#1269,#1270,#1271,#1272));
#238=EDGE_LOOP('',(#1273,#1274,#1275,#1276,#1277));
#239=EDGE_LOOP('',(#1278,#1279,#1280,#1281));
#240=EDGE_LOOP('',(#1282,#1283,#1284,#1285,#1286));
#241=EDGE_LOOP('',(#1287,#1288,#1289,#1290,#1291));
#242=EDGE_LOOP('',(#1292,#1293,#1294,#1295));
#243=EDGE_LOOP('',(#1296,#1297,#1298,#1299,#1300));
#244=EDGE_LOOP('',(#1301,#1302,#1303,#1304,#1305));
#245=EDGE_LOOP('',(#1306,#1307,#1308,#1309));
#246=EDGE_LOOP('',(#1310,#1311,#1312,#1313,#1314));
#247=EDGE_LOOP('',(#1315,#1316,#1317,#1318,#1319));
#248=EDGE_LOOP('',(#1320,#1321,#1322,#1323));
#249=EDGE_LOOP('',(#1324,#1325,#1326,#1327,#1328));
#250=EDGE_LOOP('',(#1329,#1330,#1331,#1332,#1333));
#251=EDGE_LOOP('',(#1334,#1335,#1336,#1337));
#252=EDGE_LOOP('',(#1338,#1339,#1340,#1341,#1342));
#253=EDGE_LOOP('',(#1343,#1344,#1345,#1346,#1347));
#254=EDGE_LOOP('',(#1348,#1349,#1350,#1351));
#255=EDGE_LOOP('',(#1352,#1353,#1354,#1355,#1356));
#256=EDGE_LOOP('',(#1357,#1358,#1359,#1360));
#257=EDGE_LOOP('',(#1361,#1362,#1363,#1364,#1365));
#258=EDGE_LOOP('',(#1366,#1367,#1368,#1369,#1370));
#259=EDGE_LOOP('',(#1371,#1372,#1373,#1374,#1375));
#260=EDGE_LOOP('',(#1376,#1377,#1378,#1379));
#261=EDGE_LOOP('',(#1380,#1381,#1382,#1383,#1384));
#262=EDGE_LOOP('',(#1385,#1386,#1387,#1388,#1389));
#263=EDGE_LOOP('',(#1390,#1391,#1392,#1393));
#264=EDGE_LOOP('',(#1394,#1395,#1396,#1397,#1398));
#265=EDGE_LOOP('',(#1399,#1400,#1401,#1402,#1403));
#266=EDGE_LOOP('',(#1404,#1405,#1406,#1407));
#267=EDGE_LOOP('',(#1408,#1409,#1410,#1411,#1412));
#268=EDGE_LOOP('',(#1413,#1414,#1415,#1416,#1417,#1418,#1419,#1420,#1421,
#1422));
#269=EDGE_LOOP('',(#1423,#1424,#1425,#1426));
#270=EDGE_LOOP('',(#1427,#1428,#1429,#1430));
#271=EDGE_LOOP('',(#1431,#1432,#1433,#1434));
#272=EDGE_LOOP('',(#1435,#1436,#1437,#1438));
#273=EDGE_LOOP('',(#1439,#1440,#1441,#1442));
#274=EDGE_LOOP('',(#1443,#1444,#1445,#1446));
#275=EDGE_LOOP('',(#1447,#1448,#1449,#1450));
#276=EDGE_LOOP('',(#1451,#1452,#1453,#1454));
#277=EDGE_LOOP('',(#1455,#1456,#1457,#1458));
#278=EDGE_LOOP('',(#1459,#1460,#1461,#1462));
#279=EDGE_LOOP('',(#1463,#1464,#1465,#1466));
#280=EDGE_LOOP('',(#1467));
#281=EDGE_LOOP('',(#1468));
#282=EDGE_LOOP('',(#1469));
#283=EDGE_LOOP('',(#1470));
#284=EDGE_LOOP('',(#1471));
#285=EDGE_LOOP('',(#1472));
#286=EDGE_LOOP('',(#1473));
#287=EDGE_LOOP('',(#1474));
#288=EDGE_LOOP('',(#1475,#1476,#1477,#1478));
#289=EDGE_LOOP('',(#1479,#1480,#1481,#1482));
#290=EDGE_LOOP('',(#1483,#1484,#1485,#1486));
#291=EDGE_LOOP('',(#1487,#1488,#1489,#1490));
#292=EDGE_LOOP('',(#1491,#1492,#1493,#1494));
#293=EDGE_LOOP('',(#1495,#1496,#1497,#1498));
#294=EDGE_LOOP('',(#1499,#1500,#1501,#1502));
#295=EDGE_LOOP('',(#1503,#1504,#1505,#1506));
#296=EDGE_LOOP('',(#1507,#1508,#1509,#1510));
#297=EDGE_LOOP('',(#1511,#1512,#1513,#1514));
#298=EDGE_LOOP('',(#1515,#1516,#1517,#1518));
#299=EDGE_LOOP('',(#1519,#1520,#1521,#1522));
#300=EDGE_LOOP('',(#1523));
#301=EDGE_LOOP('',(#1524));
#302=EDGE_LOOP('',(#1525));
#303=EDGE_LOOP('',(#1526));
#304=LINE('',#2349,#439);
#305=LINE('',#2373,#440);
#306=LINE('',#2377,#441);
#307=LINE('',#2381,#442);
#308=LINE('',#2385,#443);
#309=LINE('',#2389,#444);
#310=LINE('',#2393,#445);
#311=LINE('',#2397,#446);
#312=LINE('',#2401,#447);
#313=LINE('',#2405,#448);
#314=LINE('',#2409,#449);
#315=LINE('',#2413,#450);
#316=LINE('',#2417,#451);
#317=LINE('',#2421,#452);
#318=LINE('',#2425,#453);
#319=LINE('',#2429,#454);
#320=LINE('',#2433,#455);
#321=LINE('',#2437,#456);
#322=LINE('',#2441,#457);
#323=LINE('',#2445,#458);
#324=LINE('',#2449,#459);
#325=LINE('',#2453,#460);
#326=LINE('',#2457,#461);
#327=LINE('',#2461,#462);
#328=LINE('',#2465,#463);
#329=LINE('',#2469,#464);
#330=LINE('',#2472,#465);
#331=LINE('',#2477,#466);
#332=LINE('',#2479,#467);
#333=LINE('',#2483,#468);
#334=LINE('',#2485,#469);
#335=LINE('',#2489,#470);
#336=LINE('',#2491,#471);
#337=LINE('',#2495,#472);
#338=LINE('',#2497,#473);
#339=LINE('',#2501,#474);
#340=LINE('',#2503,#475);
#341=LINE('',#2507,#476);
#342=LINE('',#2509,#477);
#343=LINE('',#2513,#478);
#344=LINE('',#2515,#479);
#345=LINE('',#2519,#480);
#346=LINE('',#2521,#481);
#347=LINE('',#2525,#482);
#348=LINE('',#2527,#483);
#349=LINE('',#2531,#484);
#350=LINE('',#2533,#485);
#351=LINE('',#2537,#486);
#352=LINE('',#2539,#487);
#353=LINE('',#2544,#488);
#354=LINE('',#2548,#489);
#355=LINE('',#2608,#490);
#356=LINE('',#2610,#491);
#357=LINE('',#2614,#492);
#358=LINE('',#2616,#493);
#359=LINE('',#2620,#494);
#360=LINE('',#2622,#495);
#361=LINE('',#2626,#496);
#362=LINE('',#2628,#497);
#363=LINE('',#2632,#498);
#364=LINE('',#2634,#499);
#365=LINE('',#2638,#500);
#366=LINE('',#2640,#501);
#367=LINE('',#2644,#502);
#368=LINE('',#2646,#503);
#369=LINE('',#2650,#504);
#370=LINE('',#2652,#505);
#371=LINE('',#2656,#506);
#372=LINE('',#2658,#507);
#373=LINE('',#2662,#508);
#374=LINE('',#2664,#509);
#375=LINE('',#2668,#510);
#376=LINE('',#2670,#511);
#377=LINE('',#2673,#512);
#378=LINE('',#2674,#513);
#379=LINE('',#2676,#514);
#380=LINE('',#2678,#515);
#381=LINE('',#2680,#516);
#382=LINE('',#2681,#517);
#383=LINE('',#2683,#518);
#384=LINE('',#2685,#519);
#385=LINE('',#2687,#520);
#386=LINE('',#2688,#521);
#387=LINE('',#2690,#522);
#388=LINE('',#2692,#523);
#389=LINE('',#2694,#524);
#390=LINE('',#2695,#525);
#391=LINE('',#2697,#526);
#392=LINE('',#2699,#527);
#393=LINE('',#2701,#528);
#394=LINE('',#2702,#529);
#395=LINE('',#2704,#530);
#396=LINE('',#2706,#531);
#397=LINE('',#2708,#532);
#398=LINE('',#2709,#533);
#399=LINE('',#2711,#534);
#400=LINE('',#2713,#535);
#401=LINE('',#2715,#536);
#402=LINE('',#2716,#537);
#403=LINE('',#2718,#538);
#404=LINE('',#2720,#539);
#405=LINE('',#2722,#540);
#406=LINE('',#2723,#541);
#407=LINE('',#2725,#542);
#408=LINE('',#2727,#543);
#409=LINE('',#2729,#544);
#410=LINE('',#2730,#545);
#411=LINE('',#2732,#546);
#412=LINE('',#2734,#547);
#413=LINE('',#2736,#548);
#414=LINE('',#2737,#549);
#415=LINE('',#2739,#550);
#416=LINE('',#2741,#551);
#417=LINE('',#2743,#552);
#418=LINE('',#2744,#553);
#419=LINE('',#2746,#554);
#420=LINE('',#2748,#555);
#421=LINE('',#2750,#556);
#422=LINE('',#2751,#557);
#423=LINE('',#2753,#558);
#424=LINE('',#2755,#559);
#425=LINE('',#2757,#560);
#426=LINE('',#2759,#561);
#427=LINE('',#2782,#562);
#428=LINE('',#2787,#563);
#429=LINE('',#2791,#564);
#430=LINE('',#2794,#565);
#431=LINE('',#2796,#566);
#432=LINE('',#2798,#567);
#433=LINE('',#2800,#568);
#434=LINE('',#2802,#569);
#435=LINE('',#2804,#570);
#436=LINE('',#2806,#571);
#437=LINE('',#2808,#572);
#438=LINE('',#2810,#573);
#439=VECTOR('',#1843,25.85);
#440=VECTOR('',#1870,10.);
#441=VECTOR('',#1873,10.);
#442=VECTOR('',#1878,10.);
#443=VECTOR('',#1881,10.);
#444=VECTOR('',#1884,10.);
#445=VECTOR('',#1887,10.);
#446=VECTOR('',#1890,10.);
#447=VECTOR('',#1893,10.);
#448=VECTOR('',#1896,10.);
#449=VECTOR('',#1899,10.);
#450=VECTOR('',#1902,10.);
#451=VECTOR('',#1905,10.);
#452=VECTOR('',#1908,10.);
#453=VECTOR('',#1911,10.);
#454=VECTOR('',#1914,10.);
#455=VECTOR('',#1917,10.);
#456=VECTOR('',#1920,10.);
#457=VECTOR('',#1923,10.);
#458=VECTOR('',#1926,10.);
#459=VECTOR('',#1929,10.);
#460=VECTOR('',#1932,10.);
#461=VECTOR('',#1935,10.);
#462=VECTOR('',#1938,10.);
#463=VECTOR('',#1941,10.);
#464=VECTOR('',#1944,10.);
#465=VECTOR('',#1947,10.);
#466=VECTOR('',#1952,10.);
#467=VECTOR('',#1953,10.);
#468=VECTOR('',#1958,10.);
#469=VECTOR('',#1959,10.);
#470=VECTOR('',#1964,10.);
#471=VECTOR('',#1965,10.);
#472=VECTOR('',#1970,10.);
#473=VECTOR('',#1971,10.);
#474=VECTOR('',#1976,10.);
#475=VECTOR('',#1977,10.);
#476=VECTOR('',#1982,10.);
#477=VECTOR('',#1983,10.);
#478=VECTOR('',#1988,10.);
#479=VECTOR('',#1989,10.);
#480=VECTOR('',#1994,10.);
#481=VECTOR('',#1995,10.);
#482=VECTOR('',#2000,10.);
#483=VECTOR('',#2001,10.);
#484=VECTOR('',#2006,10.);
#485=VECTOR('',#2007,10.);
#486=VECTOR('',#2012,10.);
#487=VECTOR('',#2013,10.);
#488=VECTOR('',#2018,10.);
#489=VECTOR('',#2021,10.);
#490=VECTOR('',#2084,10.);
#491=VECTOR('',#2085,10.);
#492=VECTOR('',#2090,10.);
#493=VECTOR('',#2091,10.);
#494=VECTOR('',#2096,10.);
#495=VECTOR('',#2097,10.);
#496=VECTOR('',#2102,10.);
#497=VECTOR('',#2103,10.);
#498=VECTOR('',#2108,10.);
#499=VECTOR('',#2109,10.);
#500=VECTOR('',#2114,10.);
#501=VECTOR('',#2115,10.);
#502=VECTOR('',#2120,10.);
#503=VECTOR('',#2121,10.);
#504=VECTOR('',#2126,10.);
#505=VECTOR('',#2127,10.);
#506=VECTOR('',#2132,10.);
#507=VECTOR('',#2133,10.);
#508=VECTOR('',#2138,10.);
#509=VECTOR('',#2139,10.);
#510=VECTOR('',#2144,10.);
#511=VECTOR('',#2145,10.);
#512=VECTOR('',#2150,10.);
#513=VECTOR('',#2151,10.);
#514=VECTOR('',#2154,10.);
#515=VECTOR('',#2157,10.);
#516=VECTOR('',#2160,10.);
#517=VECTOR('',#2161,10.);
#518=VECTOR('',#2164,10.);
#519=VECTOR('',#2167,10.);
#520=VECTOR('',#2170,10.);
#521=VECTOR('',#2171,10.);
#522=VECTOR('',#2174,10.);
#523=VECTOR('',#2177,10.);
#524=VECTOR('',#2180,10.);
#525=VECTOR('',#2181,10.);
#526=VECTOR('',#2184,10.);
#527=VECTOR('',#2187,10.);
#528=VECTOR('',#2190,10.);
#529=VECTOR('',#2191,10.);
#530=VECTOR('',#2194,10.);
#531=VECTOR('',#2197,10.);
#532=VECTOR('',#2200,10.);
#533=VECTOR('',#2201,10.);
#534=VECTOR('',#2204,10.);
#535=VECTOR('',#2207,10.);
#536=VECTOR('',#2210,10.);
#537=VECTOR('',#2211,10.);
#538=VECTOR('',#2214,10.);
#539=VECTOR('',#2217,10.);
#540=VECTOR('',#2220,10.);
#541=VECTOR('',#2221,10.);
#542=VECTOR('',#2224,10.);
#543=VECTOR('',#2227,10.);
#544=VECTOR('',#2230,10.);
#545=VECTOR('',#2231,10.);
#546=VECTOR('',#2234,10.);
#547=VECTOR('',#2237,10.);
#548=VECTOR('',#2240,10.);
#549=VECTOR('',#2241,10.);
#550=VECTOR('',#2244,10.);
#551=VECTOR('',#2247,10.);
#552=VECTOR('',#2250,10.);
#553=VECTOR('',#2251,10.);
#554=VECTOR('',#2254,10.);
#555=VECTOR('',#2257,10.);
#556=VECTOR('',#2260,10.);
#557=VECTOR('',#2261,10.);
#558=VECTOR('',#2264,10.);
#559=VECTOR('',#2267,10.);
#560=VECTOR('',#2270,22.5);
#561=VECTOR('',#2271,22.5);
#562=VECTOR('',#2300,3.25);
#563=VECTOR('',#2305,25.85);
#564=VECTOR('',#2310,27.75);
#565=VECTOR('',#2315,2.);
#566=VECTOR('',#2318,2.);
#567=VECTOR('',#2321,2.);
#568=VECTOR('',#2324,2.);
#569=VECTOR('',#2327,1.3);
#570=VECTOR('',#2330,1.3);
#571=VECTOR('',#2333,1.3);
#572=VECTOR('',#2336,1.3);
#573=VECTOR('',#2339,17.25);
#574=CIRCLE('',#1653,25.85);
#575=CIRCLE('',#1654,25.85);
#576=CIRCLE('',#1656,22.5);
#577=CIRCLE('',#1658,27.75);
#578=CIRCLE('',#1660,17.25);
#579=CIRCLE('',#1661,3.25);
#580=CIRCLE('',#1662,1.3);
#581=CIRCLE('',#1663,1.3);
#582=CIRCLE('',#1664,1.3);
#583=CIRCLE('',#1665,1.3);
#584=CIRCLE('',#1667,19.5);
#585=CIRCLE('',#1668,22.5);
#586=CIRCLE('',#1670,18.0000002682209);
#587=CIRCLE('',#1671,19.5);
#588=CIRCLE('',#1672,18.0000002682209);
#589=CIRCLE('',#1673,19.5);
#590=CIRCLE('',#1674,18.0000002682209);
#591=CIRCLE('',#1675,19.5);
#592=CIRCLE('',#1676,18.0000002682209);
#593=CIRCLE('',#1677,19.5);
#594=CIRCLE('',#1678,18.0000002682209);
#595=CIRCLE('',#1679,19.5);
#596=CIRCLE('',#1680,18.0000002682209);
#597=CIRCLE('',#1681,19.5);
#598=CIRCLE('',#1682,18.0000002682209);
#599=CIRCLE('',#1683,19.5);
#600=CIRCLE('',#1684,18.0000002682209);
#601=CIRCLE('',#1685,19.5);
#602=CIRCLE('',#1686,18.0000002682209);
#603=CIRCLE('',#1687,19.5);
#604=CIRCLE('',#1688,18.0000002682209);
#605=CIRCLE('',#1689,19.5);
#606=CIRCLE('',#1690,18.0000002682209);
#607=CIRCLE('',#1691,19.5);
#608=CIRCLE('',#1692,18.0000002682209);
#609=CIRCLE('',#1693,17.25);
#610=CIRCLE('',#1695,22.5);
#611=CIRCLE('',#1697,22.5);
#612=CIRCLE('',#1699,22.5);
#613=CIRCLE('',#1701,22.5);
#614=CIRCLE('',#1703,22.5);
#615=CIRCLE('',#1705,22.5);
#616=CIRCLE('',#1707,22.5);
#617=CIRCLE('',#1709,22.5);
#618=CIRCLE('',#1711,22.5);
#619=CIRCLE('',#1713,22.5);
#620=CIRCLE('',#1715,22.5);
#621=CIRCLE('',#1717,18.);
#622=CIRCLE('',#1718,22.5);
#623=CIRCLE('',#1720,18.0000002682209);
#624=CIRCLE('',#1721,18.);
#625=CIRCLE('',#1722,18.0000002682209);
#626=CIRCLE('',#1723,18.);
#627=CIRCLE('',#1724,18.0000002682209);
#628=CIRCLE('',#1725,18.);
#629=CIRCLE('',#1726,18.0000002682209);
#630=CIRCLE('',#1727,18.);
#631=CIRCLE('',#1728,18.0000002682209);
#632=CIRCLE('',#1729,18.);
#633=CIRCLE('',#1730,18.0000002682209);
#634=CIRCLE('',#1731,18.);
#635=CIRCLE('',#1732,18.0000002682209);
#636=CIRCLE('',#1733,18.);
#637=CIRCLE('',#1734,18.0000002682209);
#638=CIRCLE('',#1735,18.);
#639=CIRCLE('',#1736,18.0000002682209);
#640=CIRCLE('',#1737,18.);
#641=CIRCLE('',#1738,18.0000002682209);
#642=CIRCLE('',#1739,18.);
#643=CIRCLE('',#1740,18.0000002682209);
#644=CIRCLE('',#1741,18.);
#645=CIRCLE('',#1742,18.0000002682209);
#646=CIRCLE('',#1743,3.25);
#647=CIRCLE('',#1744,2.);
#648=CIRCLE('',#1745,2.);
#649=CIRCLE('',#1746,2.);
#650=CIRCLE('',#1747,2.);
#651=CIRCLE('',#1749,22.5);
#652=CIRCLE('',#1751,22.5);
#653=CIRCLE('',#1753,22.5);
#654=CIRCLE('',#1755,22.5);
#655=CIRCLE('',#1757,22.5);
#656=CIRCLE('',#1759,22.5);
#657=CIRCLE('',#1761,22.5);
#658=CIRCLE('',#1763,22.5);
#659=CIRCLE('',#1765,22.5);
#660=CIRCLE('',#1767,22.5);
#661=CIRCLE('',#1769,22.5);
#662=CIRCLE('',#1807,22.5);
#663=CIRCLE('',#1809,2.);
#664=CIRCLE('',#1810,1.3);
#665=CIRCLE('',#1812,2.);
#666=CIRCLE('',#1813,1.3);
#667=CIRCLE('',#1815,2.);
#668=CIRCLE('',#1816,1.3);
#669=CIRCLE('',#1818,2.);
#670=CIRCLE('',#1819,1.3);
#671=CIRCLE('',#1822,25.85);
#672=CIRCLE('',#1823,25.85);
#673=CIRCLE('',#1825,27.75);
#674=VERTEX_POINT('',#2346);
#675=VERTEX_POINT('',#2348);
#676=VERTEX_POINT('',#2352);
#677=VERTEX_POINT('',#2355);
#678=VERTEX_POINT('',#2358);
#679=VERTEX_POINT('',#2360);
#680=VERTEX_POINT('',#2362);
#681=VERTEX_POINT('',#2364);
#682=VERTEX_POINT('',#2366);
#683=VERTEX_POINT('',#2368);
#684=VERTEX_POINT('',#2371);
#685=VERTEX_POINT('',#2372);
#686=VERTEX_POINT('',#2374);
#687=VERTEX_POINT('',#2376);
#688=VERTEX_POINT('',#2380);
#689=VERTEX_POINT('',#2382);
#690=VERTEX_POINT('',#2384);
#691=VERTEX_POINT('',#2386);
#692=VERTEX_POINT('',#2388);
#693=VERTEX_POINT('',#2390);
#694=VERTEX_POINT('',#2392);
#695=VERTEX_POINT('',#2394);
#696=VERTEX_POINT('',#2396);
#697=VERTEX_POINT('',#2398);
#698=VERTEX_POINT('',#2400);
#699=VERTEX_POINT('',#2402);
#700=VERTEX_POINT('',#2404);
#701=VERTEX_POINT('',#2406);
#702=VERTEX_POINT('',#2408);
#703=VERTEX_POINT('',#2410);
#704=VERTEX_POINT('',#2412);
#705=VERTEX_POINT('',#2414);
#706=VERTEX_POINT('',#2416);
#707=VERTEX_POINT('',#2418);
#708=VERTEX_POINT('',#2420);
#709=VERTEX_POINT('',#2422);
#710=VERTEX_POINT('',#2424);
#711=VERTEX_POINT('',#2426);
#712=VERTEX_POINT('',#2428);
#713=VERTEX_POINT('',#2430);
#714=VERTEX_POINT('',#2432);
#715=VERTEX_POINT('',#2434);
#716=VERTEX_POINT('',#2436);
#717=VERTEX_POINT('',#2438);
#718=VERTEX_POINT('',#2440);
#719=VERTEX_POINT('',#2442);
#720=VERTEX_POINT('',#2444);
#721=VERTEX_POINT('',#2446);
#722=VERTEX_POINT('',#2448);
#723=VERTEX_POINT('',#2450);
#724=VERTEX_POINT('',#2452);
#725=VERTEX_POINT('',#2454);
#726=VERTEX_POINT('',#2456);
#727=VERTEX_POINT('',#2458);
#728=VERTEX_POINT('',#2460);
#729=VERTEX_POINT('',#2462);
#730=VERTEX_POINT('',#2464);
#731=VERTEX_POINT('',#2466);
#732=VERTEX_POINT('',#2468);
#733=VERTEX_POINT('',#2470);
#734=VERTEX_POINT('',#2473);
#735=VERTEX_POINT('',#2476);
#736=VERTEX_POINT('',#2478);
#737=VERTEX_POINT('',#2482);
#738=VERTEX_POINT('',#2484);
#739=VERTEX_POINT('',#2488);
#740=VERTEX_POINT('',#2490);
#741=VERTEX_POINT('',#2494);
#742=VERTEX_POINT('',#2496);
#743=VERTEX_POINT('',#2500);
#744=VERTEX_POINT('',#2502);
#745=VERTEX_POINT('',#2506);
#746=VERTEX_POINT('',#2508);
#747=VERTEX_POINT('',#2512);
#748=VERTEX_POINT('',#2514);
#749=VERTEX_POINT('',#2518);
#750=VERTEX_POINT('',#2520);
#751=VERTEX_POINT('',#2524);
#752=VERTEX_POINT('',#2526);
#753=VERTEX_POINT('',#2530);
#754=VERTEX_POINT('',#2532);
#755=VERTEX_POINT('',#2536);
#756=VERTEX_POINT('',#2538);
#757=VERTEX_POINT('',#2542);
#758=VERTEX_POINT('',#2543);
#759=VERTEX_POINT('',#2545);
#760=VERTEX_POINT('',#2547);
#761=VERTEX_POINT('',#2551);
#762=VERTEX_POINT('',#2553);
#763=VERTEX_POINT('',#2555);
#764=VERTEX_POINT('',#2557);
#765=VERTEX_POINT('',#2559);
#766=VERTEX_POINT('',#2561);
#767=VERTEX_POINT('',#2563);
#768=VERTEX_POINT('',#2565);
#769=VERTEX_POINT('',#2567);
#770=VERTEX_POINT('',#2569);
#771=VERTEX_POINT('',#2571);
#772=VERTEX_POINT('',#2573);
#773=VERTEX_POINT('',#2575);
#774=VERTEX_POINT('',#2577);
#775=VERTEX_POINT('',#2579);
#776=VERTEX_POINT('',#2581);
#777=VERTEX_POINT('',#2583);
#778=VERTEX_POINT('',#2585);
#779=VERTEX_POINT('',#2587);
#780=VERTEX_POINT('',#2589);
#781=VERTEX_POINT('',#2591);
#782=VERTEX_POINT('',#2593);
#783=VERTEX_POINT('',#2596);
#784=VERTEX_POINT('',#2598);
#785=VERTEX_POINT('',#2600);
#786=VERTEX_POINT('',#2602);
#787=VERTEX_POINT('',#2604);
#788=VERTEX_POINT('',#2607);
#789=VERTEX_POINT('',#2609);
#790=VERTEX_POINT('',#2613);
#791=VERTEX_POINT('',#2615);
#792=VERTEX_POINT('',#2619);
#793=VERTEX_POINT('',#2621);
#794=VERTEX_POINT('',#2625);
#795=VERTEX_POINT('',#2627);
#796=VERTEX_POINT('',#2631);
#797=VERTEX_POINT('',#2633);
#798=VERTEX_POINT('',#2637);
#799=VERTEX_POINT('',#2639);
#800=VERTEX_POINT('',#2643);
#801=VERTEX_POINT('',#2645);
#802=VERTEX_POINT('',#2649);
#803=VERTEX_POINT('',#2651);
#804=VERTEX_POINT('',#2655);
#805=VERTEX_POINT('',#2657);
#806=VERTEX_POINT('',#2661);
#807=VERTEX_POINT('',#2663);
#808=VERTEX_POINT('',#2667);
#809=VERTEX_POINT('',#2669);
#810=VERTEX_POINT('',#2758);
#811=VERTEX_POINT('',#2762);
#812=VERTEX_POINT('',#2764);
#813=VERTEX_POINT('',#2767);
#814=VERTEX_POINT('',#2769);
#815=VERTEX_POINT('',#2772);
#816=VERTEX_POINT('',#2774);
#817=VERTEX_POINT('',#2777);
#818=VERTEX_POINT('',#2779);
#819=VERTEX_POINT('',#2784);
#820=VERTEX_POINT('',#2786);
#821=VERTEX_POINT('',#2790);
#822=EDGE_CURVE('',#674,#674,#574,.T.);
#823=EDGE_CURVE('',#674,#675,#304,.T.);
#824=EDGE_CURVE('',#675,#675,#575,.T.);
#825=EDGE_CURVE('',#676,#676,#576,.T.);
#826=EDGE_CURVE('',#677,#677,#577,.T.);
#827=EDGE_CURVE('',#678,#678,#578,.T.);
#828=EDGE_CURVE('',#679,#679,#579,.T.);
#829=EDGE_CURVE('',#680,#680,#580,.T.);
#830=EDGE_CURVE('',#681,#681,#581,.T.);
#831=EDGE_CURVE('',#682,#682,#582,.T.);
#832=EDGE_CURVE('',#683,#683,#583,.T.);
#833=EDGE_CURVE('',#684,#685,#305,.T.);
#834=EDGE_CURVE('',#685,#686,#584,.T.);
#835=EDGE_CURVE('',#686,#687,#306,.T.);
#836=EDGE_CURVE('',#687,#684,#585,.T.);
#837=EDGE_CURVE('',#685,#688,#307,.T.);
#838=EDGE_CURVE('',#688,#689,#586,.T.);
#839=EDGE_CURVE('',#689,#690,#308,.T.);
#840=EDGE_CURVE('',#691,#690,#587,.T.);
#841=EDGE_CURVE('',#691,#692,#309,.T.);
#842=EDGE_CURVE('',#692,#693,#588,.T.);
#843=EDGE_CURVE('',#693,#694,#310,.T.);
#844=EDGE_CURVE('',#695,#694,#589,.T.);
#845=EDGE_CURVE('',#695,#696,#311,.T.);
#846=EDGE_CURVE('',#696,#697,#590,.T.);
#847=EDGE_CURVE('',#697,#698,#312,.T.);
#848=EDGE_CURVE('',#699,#698,#591,.T.);
#849=EDGE_CURVE('',#699,#700,#313,.T.);
#850=EDGE_CURVE('',#700,#701,#592,.T.);
#851=EDGE_CURVE('',#701,#702,#314,.T.);
#852=EDGE_CURVE('',#703,#702,#593,.T.);
#853=EDGE_CURVE('',#703,#704,#315,.T.);
#854=EDGE_CURVE('',#704,#705,#594,.T.);
#855=EDGE_CURVE('',#705,#706,#316,.T.);
#856=EDGE_CURVE('',#707,#706,#595,.T.);
#857=EDGE_CURVE('',#707,#708,#317,.T.);
#858=EDGE_CURVE('',#708,#709,#596,.T.);
#859=EDGE_CURVE('',#709,#710,#318,.T.);
#860=EDGE_CURVE('',#711,#710,#597,.T.);
#861=EDGE_CURVE('',#711,#712,#319,.T.);
#862=EDGE_CURVE('',#712,#713,#598,.T.);
#863=EDGE_CURVE('',#713,#714,#320,.T.);
#864=EDGE_CURVE('',#715,#714,#599,.T.);
#865=EDGE_CURVE('',#715,#716,#321,.T.);
#866=EDGE_CURVE('',#716,#717,#600,.T.);
#867=EDGE_CURVE('',#717,#718,#322,.T.);
#868=EDGE_CURVE('',#719,#718,#601,.T.);
#869=EDGE_CURVE('',#719,#720,#323,.T.);
#870=EDGE_CURVE('',#720,#721,#602,.T.);
#871=EDGE_CURVE('',#721,#722,#324,.T.);
#872=EDGE_CURVE('',#723,#722,#603,.T.);
#873=EDGE_CURVE('',#723,#724,#325,.T.);
#874=EDGE_CURVE('',#724,#725,#604,.T.);
#875=EDGE_CURVE('',#725,#726,#326,.T.);
#876=EDGE_CURVE('',#727,#726,#605,.T.);
#877=EDGE_CURVE('',#727,#728,#327,.T.);
#878=EDGE_CURVE('',#728,#729,#606,.T.);
#879=EDGE_CURVE('',#729,#730,#328,.T.);
#880=EDGE_CURVE('',#731,#730,#607,.T.);
#881=EDGE_CURVE('',#731,#732,#329,.T.);
#882=EDGE_CURVE('',#732,#733,#608,.T.);
#883=EDGE_CURVE('',#733,#686,#330,.T.);
#884=EDGE_CURVE('',#734,#734,#609,.T.);
#885=EDGE_CURVE('',#735,#731,#331,.T.);
#886=EDGE_CURVE('',#730,#736,#332,.T.);
#887=EDGE_CURVE('',#736,#735,#610,.T.);
#888=EDGE_CURVE('',#737,#727,#333,.T.);
#889=EDGE_CURVE('',#726,#738,#334,.T.);
#890=EDGE_CURVE('',#738,#737,#611,.T.);
#891=EDGE_CURVE('',#739,#723,#335,.T.);
#892=EDGE_CURVE('',#722,#740,#336,.T.);
#893=EDGE_CURVE('',#740,#739,#612,.T.);
#894=EDGE_CURVE('',#741,#719,#337,.T.);
#895=EDGE_CURVE('',#718,#742,#338,.T.);
#896=EDGE_CURVE('',#742,#741,#613,.T.);
#897=EDGE_CURVE('',#743,#715,#339,.T.);
#898=EDGE_CURVE('',#714,#744,#340,.T.);
#899=EDGE_CURVE('',#744,#743,#614,.T.);
#900=EDGE_CURVE('',#745,#711,#341,.T.);
#901=EDGE_CURVE('',#710,#746,#342,.T.);
#902=EDGE_CURVE('',#746,#745,#615,.T.);
#903=EDGE_CURVE('',#747,#707,#343,.T.);
#904=EDGE_CURVE('',#706,#748,#344,.T.);
#905=EDGE_CURVE('',#748,#747,#616,.T.);
#906=EDGE_CURVE('',#749,#691,#345,.T.);
#907=EDGE_CURVE('',#690,#750,#346,.T.);
#908=EDGE_CURVE('',#750,#749,#617,.T.);
#909=EDGE_CURVE('',#751,#695,#347,.T.);
#910=EDGE_CURVE('',#694,#752,#348,.T.);
#911=EDGE_CURVE('',#752,#751,#618,.T.);
#912=EDGE_CURVE('',#753,#699,#349,.T.);
#913=EDGE_CURVE('',#698,#754,#350,.T.);
#914=EDGE_CURVE('',#754,#753,#619,.T.);
#915=EDGE_CURVE('',#755,#703,#351,.T.);
#916=EDGE_CURVE('',#702,#756,#352,.T.);
#917=EDGE_CURVE('',#756,#755,#620,.T.);
#918=EDGE_CURVE('',#757,#758,#353,.T.);
#919=EDGE_CURVE('',#758,#759,#621,.T.);
#920=EDGE_CURVE('',#759,#760,#354,.T.);
#921=EDGE_CURVE('',#760,#757,#622,.T.);
#922=EDGE_CURVE('',#758,#761,#623,.T.);
#923=EDGE_CURVE('',#762,#761,#624,.T.);
#924=EDGE_CURVE('',#762,#763,#625,.T.);
#925=EDGE_CURVE('',#764,#763,#626,.T.);
#926=EDGE_CURVE('',#764,#765,#627,.T.);
#927=EDGE_CURVE('',#766,#765,#628,.T.);
#928=EDGE_CURVE('',#766,#767,#629,.T.);
#929=EDGE_CURVE('',#768,#767,#630,.T.);
#930=EDGE_CURVE('',#768,#769,#631,.T.);
#931=EDGE_CURVE('',#770,#769,#632,.T.);
#932=EDGE_CURVE('',#770,#771,#633,.T.);
#933=EDGE_CURVE('',#772,#771,#634,.T.);
#934=EDGE_CURVE('',#772,#773,#635,.T.);
#935=EDGE_CURVE('',#774,#773,#636,.T.);
#936=EDGE_CURVE('',#774,#775,#637,.T.);
#937=EDGE_CURVE('',#776,#775,#638,.T.);
#938=EDGE_CURVE('',#776,#777,#639,.T.);
#939=EDGE_CURVE('',#778,#777,#640,.T.);
#940=EDGE_CURVE('',#778,#779,#641,.T.);
#941=EDGE_CURVE('',#780,#779,#642,.T.);
#942=EDGE_CURVE('',#780,#781,#643,.T.);
#943=EDGE_CURVE('',#782,#781,#644,.T.);
#944=EDGE_CURVE('',#782,#759,#645,.T.);
#945=EDGE_CURVE('',#783,#783,#646,.T.);
#946=EDGE_CURVE('',#784,#784,#647,.T.);
#947=EDGE_CURVE('',#785,#785,#648,.T.);
#948=EDGE_CURVE('',#786,#786,#649,.T.);
#949=EDGE_CURVE('',#787,#787,#650,.T.);
#950=EDGE_CURVE('',#788,#762,#355,.T.);
#951=EDGE_CURVE('',#761,#789,#356,.T.);
#952=EDGE_CURVE('',#789,#788,#651,.T.);
#953=EDGE_CURVE('',#790,#764,#357,.T.);
#954=EDGE_CURVE('',#763,#791,#358,.T.);
#955=EDGE_CURVE('',#791,#790,#652,.T.);
#956=EDGE_CURVE('',#792,#766,#359,.T.);
#957=EDGE_CURVE('',#765,#793,#360,.T.);
#958=EDGE_CURVE('',#793,#792,#653,.T.);
#959=EDGE_CURVE('',#794,#782,#361,.T.);
#960=EDGE_CURVE('',#781,#795,#362,.T.);
#961=EDGE_CURVE('',#795,#794,#654,.T.);
#962=EDGE_CURVE('',#796,#780,#363,.T.);
#963=EDGE_CURVE('',#779,#797,#364,.T.);
#964=EDGE_CURVE('',#797,#796,#655,.T.);
#965=EDGE_CURVE('',#798,#778,#365,.T.);
#966=EDGE_CURVE('',#777,#799,#366,.T.);
#967=EDGE_CURVE('',#799,#798,#656,.T.);
#968=EDGE_CURVE('',#800,#776,#367,.T.);
#969=EDGE_CURVE('',#775,#801,#368,.T.);
#970=EDGE_CURVE('',#801,#800,#657,.T.);
#971=EDGE_CURVE('',#802,#768,#369,.T.);
#972=EDGE_CURVE('',#767,#803,#370,.T.);
#973=EDGE_CURVE('',#803,#802,#658,.T.);
#974=EDGE_CURVE('',#804,#770,#371,.T.);
#975=EDGE_CURVE('',#769,#805,#372,.T.);
#976=EDGE_CURVE('',#805,#804,#659,.T.);
#977=EDGE_CURVE('',#806,#772,#373,.T.);
#978=EDGE_CURVE('',#771,#807,#374,.T.);
#979=EDGE_CURVE('',#807,#806,#660,.T.);
#980=EDGE_CURVE('',#808,#774,#375,.T.);
#981=EDGE_CURVE('',#773,#809,#376,.T.);
#982=EDGE_CURVE('',#809,#808,#661,.T.);
#983=EDGE_CURVE('',#742,#794,#377,.T.);
#984=EDGE_CURVE('',#717,#782,#378,.T.);
#985=EDGE_CURVE('',#716,#759,#379,.T.);
#986=EDGE_CURVE('',#743,#760,#380,.T.);
#987=EDGE_CURVE('',#687,#808,#381,.T.);
#988=EDGE_CURVE('',#733,#774,#382,.T.);
#989=EDGE_CURVE('',#732,#775,#383,.T.);
#990=EDGE_CURVE('',#735,#801,#384,.T.);
#991=EDGE_CURVE('',#756,#792,#385,.T.);
#992=EDGE_CURVE('',#701,#766,#386,.T.);
#993=EDGE_CURVE('',#700,#767,#387,.T.);
#994=EDGE_CURVE('',#753,#803,#388,.T.);
#995=EDGE_CURVE('',#754,#802,#389,.T.);
#996=EDGE_CURVE('',#697,#768,#390,.T.);
#997=EDGE_CURVE('',#696,#769,#391,.T.);
#998=EDGE_CURVE('',#751,#805,#392,.T.);
#999=EDGE_CURVE('',#736,#800,#393,.T.);
#1000=EDGE_CURVE('',#729,#776,#394,.T.);
#1001=EDGE_CURVE('',#728,#777,#395,.T.);
#1002=EDGE_CURVE('',#737,#799,#396,.T.);
#1003=EDGE_CURVE('',#744,#757,#397,.T.);
#1004=EDGE_CURVE('',#713,#758,#398,.T.);
#1005=EDGE_CURVE('',#712,#761,#399,.T.);
#1006=EDGE_CURVE('',#745,#789,#400,.T.);
#1007=EDGE_CURVE('',#740,#796,#401,.T.);
#1008=EDGE_CURVE('',#721,#780,#402,.T.);
#1009=EDGE_CURVE('',#720,#781,#403,.T.);
#1010=EDGE_CURVE('',#741,#795,#404,.T.);
#1011=EDGE_CURVE('',#750,#806,#405,.T.);
#1012=EDGE_CURVE('',#689,#772,#406,.T.);
#1013=EDGE_CURVE('',#688,#773,#407,.T.);
#1014=EDGE_CURVE('',#684,#809,#408,.T.);
#1015=EDGE_CURVE('',#705,#764,#409,.T.);
#1016=EDGE_CURVE('',#704,#765,#410,.T.);
#1017=EDGE_CURVE('',#755,#793,#411,.T.);
#1018=EDGE_CURVE('',#748,#790,#412,.T.);
#1019=EDGE_CURVE('',#752,#804,#413,.T.);
#1020=EDGE_CURVE('',#693,#770,#414,.T.);
#1021=EDGE_CURVE('',#692,#771,#415,.T.);
#1022=EDGE_CURVE('',#749,#807,#416,.T.);
#1023=EDGE_CURVE('',#738,#798,#417,.T.);
#1024=EDGE_CURVE('',#725,#778,#418,.T.);
#1025=EDGE_CURVE('',#724,#779,#419,.T.);
#1026=EDGE_CURVE('',#739,#797,#420,.T.);
#1027=EDGE_CURVE('',#746,#788,#421,.T.);
#1028=EDGE_CURVE('',#709,#762,#422,.T.);
#1029=EDGE_CURVE('',#708,#763,#423,.T.);
#1030=EDGE_CURVE('',#747,#791,#424,.T.);
#1031=EDGE_CURVE('',#676,#794,#425,.T.);
#1032=EDGE_CURVE('',#742,#810,#426,.T.);
#1033=EDGE_CURVE('',#810,#810,#662,.T.);
#1034=EDGE_CURVE('',#811,#811,#663,.T.);
#1035=EDGE_CURVE('',#812,#812,#664,.T.);
#1036=EDGE_CURVE('',#813,#813,#665,.T.);
#1037=EDGE_CURVE('',#814,#814,#666,.T.);
#1038=EDGE_CURVE('',#815,#815,#667,.T.);
#1039=EDGE_CURVE('',#816,#816,#668,.T.);
#1040=EDGE_CURVE('',#817,#817,#669,.T.);
#1041=EDGE_CURVE('',#818,#818,#670,.T.);
#1042=EDGE_CURVE('',#679,#783,#427,.T.);
#1043=EDGE_CURVE('',#819,#819,#671,.T.);
#1044=EDGE_CURVE('',#819,#820,#428,.T.);
#1045=EDGE_CURVE('',#820,#820,#672,.T.);
#1046=EDGE_CURVE('',#677,#821,#429,.T.);
#1047=EDGE_CURVE('',#821,#821,#673,.T.);
#1048=EDGE_CURVE('',#784,#817,#430,.T.);
#1049=EDGE_CURVE('',#785,#813,#431,.T.);
#1050=EDGE_CURVE('',#786,#811,#432,.T.);
#1051=EDGE_CURVE('',#787,#815,#433,.T.);
#1052=EDGE_CURVE('',#818,#680,#434,.T.);
#1053=EDGE_CURVE('',#814,#681,#435,.T.);
#1054=EDGE_CURVE('',#812,#682,#436,.T.);
#1055=EDGE_CURVE('',#816,#683,#437,.T.);
#1056=EDGE_CURVE('',#734,#678,#438,.T.);
#1057=ORIENTED_EDGE('',*,*,#822,.F.);
#1058=ORIENTED_EDGE('',*,*,#823,.T.);
#1059=ORIENTED_EDGE('',*,*,#824,.F.);
#1060=ORIENTED_EDGE('',*,*,#823,.F.);
#1061=ORIENTED_EDGE('',*,*,#822,.T.);
#1062=ORIENTED_EDGE('',*,*,#825,.T.);
#1063=ORIENTED_EDGE('',*,*,#826,.T.);
#1064=ORIENTED_EDGE('',*,*,#824,.T.);
#1065=ORIENTED_EDGE('',*,*,#827,.F.);
#1066=ORIENTED_EDGE('',*,*,#828,.T.);
#1067=ORIENTED_EDGE('',*,*,#829,.T.);
#1068=ORIENTED_EDGE('',*,*,#830,.T.);
#1069=ORIENTED_EDGE('',*,*,#831,.T.);
#1070=ORIENTED_EDGE('',*,*,#832,.T.);
#1071=ORIENTED_EDGE('',*,*,#833,.T.);
#1072=ORIENTED_EDGE('',*,*,#834,.T.);
#1073=ORIENTED_EDGE('',*,*,#835,.T.);
#1074=ORIENTED_EDGE('',*,*,#836,.T.);
#1075=ORIENTED_EDGE('',*,*,#834,.F.);
#1076=ORIENTED_EDGE('',*,*,#837,.T.);
#1077=ORIENTED_EDGE('',*,*,#838,.T.);
#1078=ORIENTED_EDGE('',*,*,#839,.T.);
#1079=ORIENTED_EDGE('',*,*,#840,.F.);
#1080=ORIENTED_EDGE('',*,*,#841,.T.);
#1081=ORIENTED_EDGE('',*,*,#842,.T.);
#1082=ORIENTED_EDGE('',*,*,#843,.T.);
#1083=ORIENTED_EDGE('',*,*,#844,.F.);
#1084=ORIENTED_EDGE('',*,*,#845,.T.);
#1085=ORIENTED_EDGE('',*,*,#846,.T.);
#1086=ORIENTED_EDGE('',*,*,#847,.T.);
#1087=ORIENTED_EDGE('',*,*,#848,.F.);
#1088=ORIENTED_EDGE('',*,*,#849,.T.);
#1089=ORIENTED_EDGE('',*,*,#850,.T.);
#1090=ORIENTED_EDGE('',*,*,#851,.T.);
#1091=ORIENTED_EDGE('',*,*,#852,.F.);
#1092=ORIENTED_EDGE('',*,*,#853,.T.);
#1093=ORIENTED_EDGE('',*,*,#854,.T.);
#1094=ORIENTED_EDGE('',*,*,#855,.T.);
#1095=ORIENTED_EDGE('',*,*,#856,.F.);
#1096=ORIENTED_EDGE('',*,*,#857,.T.);
#1097=ORIENTED_EDGE('',*,*,#858,.T.);
#1098=ORIENTED_EDGE('',*,*,#859,.T.);
#1099=ORIENTED_EDGE('',*,*,#860,.F.);
#1100=ORIENTED_EDGE('',*,*,#861,.T.);
#1101=ORIENTED_EDGE('',*,*,#862,.T.);
#1102=ORIENTED_EDGE('',*,*,#863,.T.);
#1103=ORIENTED_EDGE('',*,*,#864,.F.);
#1104=ORIENTED_EDGE('',*,*,#865,.T.);
#1105=ORIENTED_EDGE('',*,*,#866,.T.);
#1106=ORIENTED_EDGE('',*,*,#867,.T.);
#1107=ORIENTED_EDGE('',*,*,#868,.F.);
#1108=ORIENTED_EDGE('',*,*,#869,.T.);
#1109=ORIENTED_EDGE('',*,*,#870,.T.);
#1110=ORIENTED_EDGE('',*,*,#871,.T.);
#1111=ORIENTED_EDGE('',*,*,#872,.F.);
#1112=ORIENTED_EDGE('',*,*,#873,.T.);
#1113=ORIENTED_EDGE('',*,*,#874,.T.);
#1114=ORIENTED_EDGE('',*,*,#875,.T.);
#1115=ORIENTED_EDGE('',*,*,#876,.F.);
#1116=ORIENTED_EDGE('',*,*,#877,.T.);
#1117=ORIENTED_EDGE('',*,*,#878,.T.);
#1118=ORIENTED_EDGE('',*,*,#879,.T.);
#1119=ORIENTED_EDGE('',*,*,#880,.F.);
#1120=ORIENTED_EDGE('',*,*,#881,.T.);
#1121=ORIENTED_EDGE('',*,*,#882,.T.);
#1122=ORIENTED_EDGE('',*,*,#883,.T.);
#1123=ORIENTED_EDGE('',*,*,#884,.F.);
#1124=ORIENTED_EDGE('',*,*,#885,.T.);
#1125=ORIENTED_EDGE('',*,*,#880,.T.);
#1126=ORIENTED_EDGE('',*,*,#886,.T.);
#1127=ORIENTED_EDGE('',*,*,#887,.T.);
#1128=ORIENTED_EDGE('',*,*,#888,.T.);
#1129=ORIENTED_EDGE('',*,*,#876,.T.);
#1130=ORIENTED_EDGE('',*,*,#889,.T.);
#1131=ORIENTED_EDGE('',*,*,#890,.T.);
#1132=ORIENTED_EDGE('',*,*,#891,.T.);
#1133=ORIENTED_EDGE('',*,*,#872,.T.);
#1134=ORIENTED_EDGE('',*,*,#892,.T.);
#1135=ORIENTED_EDGE('',*,*,#893,.T.);
#1136=ORIENTED_EDGE('',*,*,#894,.T.);
#1137=ORIENTED_EDGE('',*,*,#868,.T.);
#1138=ORIENTED_EDGE('',*,*,#895,.T.);
#1139=ORIENTED_EDGE('',*,*,#896,.T.);
#1140=ORIENTED_EDGE('',*,*,#897,.T.);
#1141=ORIENTED_EDGE('',*,*,#864,.T.);
#1142=ORIENTED_EDGE('',*,*,#898,.T.);
#1143=ORIENTED_EDGE('',*,*,#899,.T.);
#1144=ORIENTED_EDGE('',*,*,#900,.T.);
#1145=ORIENTED_EDGE('',*,*,#860,.T.);
#1146=ORIENTED_EDGE('',*,*,#901,.T.);
#1147=ORIENTED_EDGE('',*,*,#902,.T.);
#1148=ORIENTED_EDGE('',*,*,#903,.T.);
#1149=ORIENTED_EDGE('',*,*,#856,.T.);
#1150=ORIENTED_EDGE('',*,*,#904,.T.);
#1151=ORIENTED_EDGE('',*,*,#905,.T.);
#1152=ORIENTED_EDGE('',*,*,#906,.T.);
#1153=ORIENTED_EDGE('',*,*,#840,.T.);
#1154=ORIENTED_EDGE('',*,*,#907,.T.);
#1155=ORIENTED_EDGE('',*,*,#908,.T.);
#1156=ORIENTED_EDGE('',*,*,#909,.T.);
#1157=ORIENTED_EDGE('',*,*,#844,.T.);
#1158=ORIENTED_EDGE('',*,*,#910,.T.);
#1159=ORIENTED_EDGE('',*,*,#911,.T.);
#1160=ORIENTED_EDGE('',*,*,#912,.T.);
#1161=ORIENTED_EDGE('',*,*,#848,.T.);
#1162=ORIENTED_EDGE('',*,*,#913,.T.);
#1163=ORIENTED_EDGE('',*,*,#914,.T.);
#1164=ORIENTED_EDGE('',*,*,#915,.T.);
#1165=ORIENTED_EDGE('',*,*,#852,.T.);
#1166=ORIENTED_EDGE('',*,*,#916,.T.);
#1167=ORIENTED_EDGE('',*,*,#917,.T.);
#1168=ORIENTED_EDGE('',*,*,#918,.T.);
#1169=ORIENTED_EDGE('',*,*,#919,.T.);
#1170=ORIENTED_EDGE('',*,*,#920,.T.);
#1171=ORIENTED_EDGE('',*,*,#921,.T.);
#1172=ORIENTED_EDGE('',*,*,#919,.F.);
#1173=ORIENTED_EDGE('',*,*,#922,.T.);
#1174=ORIENTED_EDGE('',*,*,#923,.F.);
#1175=ORIENTED_EDGE('',*,*,#924,.T.);
#1176=ORIENTED_EDGE('',*,*,#925,.F.);
#1177=ORIENTED_EDGE('',*,*,#926,.T.);
#1178=ORIENTED_EDGE('',*,*,#927,.F.);
#1179=ORIENTED_EDGE('',*,*,#928,.T.);
#1180=ORIENTED_EDGE('',*,*,#929,.F.);
#1181=ORIENTED_EDGE('',*,*,#930,.T.);
#1182=ORIENTED_EDGE('',*,*,#931,.F.);
#1183=ORIENTED_EDGE('',*,*,#932,.T.);
#1184=ORIENTED_EDGE('',*,*,#933,.F.);
#1185=ORIENTED_EDGE('',*,*,#934,.T.);
#1186=ORIENTED_EDGE('',*,*,#935,.F.);
#1187=ORIENTED_EDGE('',*,*,#936,.T.);
#1188=ORIENTED_EDGE('',*,*,#937,.F.);
#1189=ORIENTED_EDGE('',*,*,#938,.T.);
#1190=ORIENTED_EDGE('',*,*,#939,.F.);
#1191=ORIENTED_EDGE('',*,*,#940,.T.);
#1192=ORIENTED_EDGE('',*,*,#941,.F.);
#1193=ORIENTED_EDGE('',*,*,#942,.T.);
#1194=ORIENTED_EDGE('',*,*,#943,.F.);
#1195=ORIENTED_EDGE('',*,*,#944,.T.);
#1196=ORIENTED_EDGE('',*,*,#945,.F.);
#1197=ORIENTED_EDGE('',*,*,#946,.F.);
#1198=ORIENTED_EDGE('',*,*,#947,.F.);
#1199=ORIENTED_EDGE('',*,*,#948,.F.);
#1200=ORIENTED_EDGE('',*,*,#949,.F.);
#1201=ORIENTED_EDGE('',*,*,#950,.T.);
#1202=ORIENTED_EDGE('',*,*,#923,.T.);
#1203=ORIENTED_EDGE('',*,*,#951,.T.);
#1204=ORIENTED_EDGE('',*,*,#952,.T.);
#1205=ORIENTED_EDGE('',*,*,#953,.T.);
#1206=ORIENTED_EDGE('',*,*,#925,.T.);
#1207=ORIENTED_EDGE('',*,*,#954,.T.);
#1208=ORIENTED_EDGE('',*,*,#955,.T.);
#1209=ORIENTED_EDGE('',*,*,#956,.T.);
#1210=ORIENTED_EDGE('',*,*,#927,.T.);
#1211=ORIENTED_EDGE('',*,*,#957,.T.);
#1212=ORIENTED_EDGE('',*,*,#958,.T.);
#1213=ORIENTED_EDGE('',*,*,#959,.T.);
#1214=ORIENTED_EDGE('',*,*,#943,.T.);
#1215=ORIENTED_EDGE('',*,*,#960,.T.);
#1216=ORIENTED_EDGE('',*,*,#961,.T.);
#1217=ORIENTED_EDGE('',*,*,#962,.T.);
#1218=ORIENTED_EDGE('',*,*,#941,.T.);
#1219=ORIENTED_EDGE('',*,*,#963,.T.);
#1220=ORIENTED_EDGE('',*,*,#964,.T.);
#1221=ORIENTED_EDGE('',*,*,#965,.T.);
#1222=ORIENTED_EDGE('',*,*,#939,.T.);
#1223=ORIENTED_EDGE('',*,*,#966,.T.);
#1224=ORIENTED_EDGE('',*,*,#967,.T.);
#1225=ORIENTED_EDGE('',*,*,#968,.T.);
#1226=ORIENTED_EDGE('',*,*,#937,.T.);
#1227=ORIENTED_EDGE('',*,*,#969,.T.);
#1228=ORIENTED_EDGE('',*,*,#970,.T.);
#1229=ORIENTED_EDGE('',*,*,#971,.T.);
#1230=ORIENTED_EDGE('',*,*,#929,.T.);
#1231=ORIENTED_EDGE('',*,*,#972,.T.);
#1232=ORIENTED_EDGE('',*,*,#973,.T.);
#1233=ORIENTED_EDGE('',*,*,#974,.T.);
#1234=ORIENTED_EDGE('',*,*,#931,.T.);
#1235=ORIENTED_EDGE('',*,*,#975,.T.);
#1236=ORIENTED_EDGE('',*,*,#976,.T.);
#1237=ORIENTED_EDGE('',*,*,#977,.T.);
#1238=ORIENTED_EDGE('',*,*,#933,.T.);
#1239=ORIENTED_EDGE('',*,*,#978,.T.);
#1240=ORIENTED_EDGE('',*,*,#979,.T.);
#1241=ORIENTED_EDGE('',*,*,#980,.T.);
#1242=ORIENTED_EDGE('',*,*,#935,.T.);
#1243=ORIENTED_EDGE('',*,*,#981,.T.);
#1244=ORIENTED_EDGE('',*,*,#982,.T.);
#1245=ORIENTED_EDGE('',*,*,#983,.F.);
#1246=ORIENTED_EDGE('',*,*,#895,.F.);
#1247=ORIENTED_EDGE('',*,*,#867,.F.);
#1248=ORIENTED_EDGE('',*,*,#984,.T.);
#1249=ORIENTED_EDGE('',*,*,#959,.F.);
#1250=ORIENTED_EDGE('',*,*,#944,.F.);
#1251=ORIENTED_EDGE('',*,*,#984,.F.);
#1252=ORIENTED_EDGE('',*,*,#866,.F.);
#1253=ORIENTED_EDGE('',*,*,#985,.T.);
#1254=ORIENTED_EDGE('',*,*,#985,.F.);
#1255=ORIENTED_EDGE('',*,*,#865,.F.);
#1256=ORIENTED_EDGE('',*,*,#897,.F.);
#1257=ORIENTED_EDGE('',*,*,#986,.T.);
#1258=ORIENTED_EDGE('',*,*,#920,.F.);
#1259=ORIENTED_EDGE('',*,*,#987,.F.);
#1260=ORIENTED_EDGE('',*,*,#835,.F.);
#1261=ORIENTED_EDGE('',*,*,#883,.F.);
#1262=ORIENTED_EDGE('',*,*,#988,.T.);
#1263=ORIENTED_EDGE('',*,*,#980,.F.);
#1264=ORIENTED_EDGE('',*,*,#936,.F.);
#1265=ORIENTED_EDGE('',*,*,#988,.F.);
#1266=ORIENTED_EDGE('',*,*,#882,.F.);
#1267=ORIENTED_EDGE('',*,*,#989,.T.);
#1268=ORIENTED_EDGE('',*,*,#989,.F.);
#1269=ORIENTED_EDGE('',*,*,#881,.F.);
#1270=ORIENTED_EDGE('',*,*,#885,.F.);
#1271=ORIENTED_EDGE('',*,*,#990,.T.);
#1272=ORIENTED_EDGE('',*,*,#969,.F.);
#1273=ORIENTED_EDGE('',*,*,#991,.F.);
#1274=ORIENTED_EDGE('',*,*,#916,.F.);
#1275=ORIENTED_EDGE('',*,*,#851,.F.);
#1276=ORIENTED_EDGE('',*,*,#992,.T.);
#1277=ORIENTED_EDGE('',*,*,#956,.F.);
#1278=ORIENTED_EDGE('',*,*,#928,.F.);
#1279=ORIENTED_EDGE('',*,*,#992,.F.);
#1280=ORIENTED_EDGE('',*,*,#850,.F.);
#1281=ORIENTED_EDGE('',*,*,#993,.T.);
#1282=ORIENTED_EDGE('',*,*,#993,.F.);
#1283=ORIENTED_EDGE('',*,*,#849,.F.);
#1284=ORIENTED_EDGE('',*,*,#912,.F.);
#1285=ORIENTED_EDGE('',*,*,#994,.T.);
#1286=ORIENTED_EDGE('',*,*,#972,.F.);
#1287=ORIENTED_EDGE('',*,*,#995,.F.);
#1288=ORIENTED_EDGE('',*,*,#913,.F.);
#1289=ORIENTED_EDGE('',*,*,#847,.F.);
#1290=ORIENTED_EDGE('',*,*,#996,.T.);
#1291=ORIENTED_EDGE('',*,*,#971,.F.);
#1292=ORIENTED_EDGE('',*,*,#930,.F.);
#1293=ORIENTED_EDGE('',*,*,#996,.F.);
#1294=ORIENTED_EDGE('',*,*,#846,.F.);
#1295=ORIENTED_EDGE('',*,*,#997,.T.);
#1296=ORIENTED_EDGE('',*,*,#997,.F.);
#1297=ORIENTED_EDGE('',*,*,#845,.F.);
#1298=ORIENTED_EDGE('',*,*,#909,.F.);
#1299=ORIENTED_EDGE('',*,*,#998,.T.);
#1300=ORIENTED_EDGE('',*,*,#975,.F.);
#1301=ORIENTED_EDGE('',*,*,#999,.F.);
#1302=ORIENTED_EDGE('',*,*,#886,.F.);
#1303=ORIENTED_EDGE('',*,*,#879,.F.);
#1304=ORIENTED_EDGE('',*,*,#1000,.T.);
#1305=ORIENTED_EDGE('',*,*,#968,.F.);
#1306=ORIENTED_EDGE('',*,*,#938,.F.);
#1307=ORIENTED_EDGE('',*,*,#1000,.F.);
#1308=ORIENTED_EDGE('',*,*,#878,.F.);
#1309=ORIENTED_EDGE('',*,*,#1001,.T.);
#1310=ORIENTED_EDGE('',*,*,#1001,.F.);
#1311=ORIENTED_EDGE('',*,*,#877,.F.);
#1312=ORIENTED_EDGE('',*,*,#888,.F.);
#1313=ORIENTED_EDGE('',*,*,#1002,.T.);
#1314=ORIENTED_EDGE('',*,*,#966,.F.);
#1315=ORIENTED_EDGE('',*,*,#1003,.F.);
#1316=ORIENTED_EDGE('',*,*,#898,.F.);
#1317=ORIENTED_EDGE('',*,*,#863,.F.);
#1318=ORIENTED_EDGE('',*,*,#1004,.T.);
#1319=ORIENTED_EDGE('',*,*,#918,.F.);
#1320=ORIENTED_EDGE('',*,*,#922,.F.);
#1321=ORIENTED_EDGE('',*,*,#1004,.F.);
#1322=ORIENTED_EDGE('',*,*,#862,.F.);
#1323=ORIENTED_EDGE('',*,*,#1005,.T.);
#1324=ORIENTED_EDGE('',*,*,#1005,.F.);
#1325=ORIENTED_EDGE('',*,*,#861,.F.);
#1326=ORIENTED_EDGE('',*,*,#900,.F.);
#1327=ORIENTED_EDGE('',*,*,#1006,.T.);
#1328=ORIENTED_EDGE('',*,*,#951,.F.);
#1329=ORIENTED_EDGE('',*,*,#1007,.F.);
#1330=ORIENTED_EDGE('',*,*,#892,.F.);
#1331=ORIENTED_EDGE('',*,*,#871,.F.);
#1332=ORIENTED_EDGE('',*,*,#1008,.T.);
#1333=ORIENTED_EDGE('',*,*,#962,.F.);
#1334=ORIENTED_EDGE('',*,*,#942,.F.);
#1335=ORIENTED_EDGE('',*,*,#1008,.F.);
#1336=ORIENTED_EDGE('',*,*,#870,.F.);
#1337=ORIENTED_EDGE('',*,*,#1009,.T.);
#1338=ORIENTED_EDGE('',*,*,#1009,.F.);
#1339=ORIENTED_EDGE('',*,*,#869,.F.);
#1340=ORIENTED_EDGE('',*,*,#894,.F.);
#1341=ORIENTED_EDGE('',*,*,#1010,.T.);
#1342=ORIENTED_EDGE('',*,*,#960,.F.);
#1343=ORIENTED_EDGE('',*,*,#1011,.F.);
#1344=ORIENTED_EDGE('',*,*,#907,.F.);
#1345=ORIENTED_EDGE('',*,*,#839,.F.);
#1346=ORIENTED_EDGE('',*,*,#1012,.T.);
#1347=ORIENTED_EDGE('',*,*,#977,.F.);
#1348=ORIENTED_EDGE('',*,*,#934,.F.);
#1349=ORIENTED_EDGE('',*,*,#1012,.F.);
#1350=ORIENTED_EDGE('',*,*,#838,.F.);
#1351=ORIENTED_EDGE('',*,*,#1013,.T.);
#1352=ORIENTED_EDGE('',*,*,#1013,.F.);
#1353=ORIENTED_EDGE('',*,*,#837,.F.);
#1354=ORIENTED_EDGE('',*,*,#833,.F.);
#1355=ORIENTED_EDGE('',*,*,#1014,.T.);
#1356=ORIENTED_EDGE('',*,*,#981,.F.);
#1357=ORIENTED_EDGE('',*,*,#926,.F.);
#1358=ORIENTED_EDGE('',*,*,#1015,.F.);
#1359=ORIENTED_EDGE('',*,*,#854,.F.);
#1360=ORIENTED_EDGE('',*,*,#1016,.T.);
#1361=ORIENTED_EDGE('',*,*,#1016,.F.);
#1362=ORIENTED_EDGE('',*,*,#853,.F.);
#1363=ORIENTED_EDGE('',*,*,#915,.F.);
#1364=ORIENTED_EDGE('',*,*,#1017,.T.);
#1365=ORIENTED_EDGE('',*,*,#957,.F.);
#1366=ORIENTED_EDGE('',*,*,#1018,.F.);
#1367=ORIENTED_EDGE('',*,*,#904,.F.);
#1368=ORIENTED_EDGE('',*,*,#855,.F.);
#1369=ORIENTED_EDGE('',*,*,#1015,.T.);
#1370=ORIENTED_EDGE('',*,*,#953,.F.);
#1371=ORIENTED_EDGE('',*,*,#1019,.F.);
#1372=ORIENTED_EDGE('',*,*,#910,.F.);
#1373=ORIENTED_EDGE('',*,*,#843,.F.);
#1374=ORIENTED_EDGE('',*,*,#1020,.T.);
#1375=ORIENTED_EDGE('',*,*,#974,.F.);
#1376=ORIENTED_EDGE('',*,*,#932,.F.);
#1377=ORIENTED_EDGE('',*,*,#1020,.F.);
#1378=ORIENTED_EDGE('',*,*,#842,.F.);
#1379=ORIENTED_EDGE('',*,*,#1021,.T.);
#1380=ORIENTED_EDGE('',*,*,#1021,.F.);
#1381=ORIENTED_EDGE('',*,*,#841,.F.);
#1382=ORIENTED_EDGE('',*,*,#906,.F.);
#1383=ORIENTED_EDGE('',*,*,#1022,.T.);
#1384=ORIENTED_EDGE('',*,*,#978,.F.);
#1385=ORIENTED_EDGE('',*,*,#1023,.F.);
#1386=ORIENTED_EDGE('',*,*,#889,.F.);
#1387=ORIENTED_EDGE('',*,*,#875,.F.);
#1388=ORIENTED_EDGE('',*,*,#1024,.T.);
#1389=ORIENTED_EDGE('',*,*,#965,.F.);
#1390=ORIENTED_EDGE('',*,*,#940,.F.);
#1391=ORIENTED_EDGE('',*,*,#1024,.F.);
#1392=ORIENTED_EDGE('',*,*,#874,.F.);
#1393=ORIENTED_EDGE('',*,*,#1025,.T.);
#1394=ORIENTED_EDGE('',*,*,#1025,.F.);
#1395=ORIENTED_EDGE('',*,*,#873,.F.);
#1396=ORIENTED_EDGE('',*,*,#891,.F.);
#1397=ORIENTED_EDGE('',*,*,#1026,.T.);
#1398=ORIENTED_EDGE('',*,*,#963,.F.);
#1399=ORIENTED_EDGE('',*,*,#1027,.F.);
#1400=ORIENTED_EDGE('',*,*,#901,.F.);
#1401=ORIENTED_EDGE('',*,*,#859,.F.);
#1402=ORIENTED_EDGE('',*,*,#1028,.T.);
#1403=ORIENTED_EDGE('',*,*,#950,.F.);
#1404=ORIENTED_EDGE('',*,*,#924,.F.);
#1405=ORIENTED_EDGE('',*,*,#1028,.F.);
#1406=ORIENTED_EDGE('',*,*,#858,.F.);
#1407=ORIENTED_EDGE('',*,*,#1029,.T.);
#1408=ORIENTED_EDGE('',*,*,#1029,.F.);
#1409=ORIENTED_EDGE('',*,*,#857,.F.);
#1410=ORIENTED_EDGE('',*,*,#903,.F.);
#1411=ORIENTED_EDGE('',*,*,#1030,.T.);
#1412=ORIENTED_EDGE('',*,*,#954,.F.);
#1413=ORIENTED_EDGE('',*,*,#825,.F.);
#1414=ORIENTED_EDGE('',*,*,#1031,.T.);
#1415=ORIENTED_EDGE('',*,*,#961,.F.);
#1416=ORIENTED_EDGE('',*,*,#1010,.F.);
#1417=ORIENTED_EDGE('',*,*,#896,.F.);
#1418=ORIENTED_EDGE('',*,*,#1032,.T.);
#1419=ORIENTED_EDGE('',*,*,#1033,.F.);
#1420=ORIENTED_EDGE('',*,*,#1032,.F.);
#1421=ORIENTED_EDGE('',*,*,#983,.T.);
#1422=ORIENTED_EDGE('',*,*,#1031,.F.);
#1423=ORIENTED_EDGE('',*,*,#987,.T.);
#1424=ORIENTED_EDGE('',*,*,#982,.F.);
#1425=ORIENTED_EDGE('',*,*,#1014,.F.);
#1426=ORIENTED_EDGE('',*,*,#836,.F.);
#1427=ORIENTED_EDGE('',*,*,#999,.T.);
#1428=ORIENTED_EDGE('',*,*,#970,.F.);
#1429=ORIENTED_EDGE('',*,*,#990,.F.);
#1430=ORIENTED_EDGE('',*,*,#887,.F.);
#1431=ORIENTED_EDGE('',*,*,#1023,.T.);
#1432=ORIENTED_EDGE('',*,*,#967,.F.);
#1433=ORIENTED_EDGE('',*,*,#1002,.F.);
#1434=ORIENTED_EDGE('',*,*,#890,.F.);
#1435=ORIENTED_EDGE('',*,*,#1007,.T.);
#1436=ORIENTED_EDGE('',*,*,#964,.F.);
#1437=ORIENTED_EDGE('',*,*,#1026,.F.);
#1438=ORIENTED_EDGE('',*,*,#893,.F.);
#1439=ORIENTED_EDGE('',*,*,#1003,.T.);
#1440=ORIENTED_EDGE('',*,*,#921,.F.);
#1441=ORIENTED_EDGE('',*,*,#986,.F.);
#1442=ORIENTED_EDGE('',*,*,#899,.F.);
#1443=ORIENTED_EDGE('',*,*,#1027,.T.);
#1444=ORIENTED_EDGE('',*,*,#952,.F.);
#1445=ORIENTED_EDGE('',*,*,#1006,.F.);
#1446=ORIENTED_EDGE('',*,*,#902,.F.);
#1447=ORIENTED_EDGE('',*,*,#1018,.T.);
#1448=ORIENTED_EDGE('',*,*,#955,.F.);
#1449=ORIENTED_EDGE('',*,*,#1030,.F.);
#1450=ORIENTED_EDGE('',*,*,#905,.F.);
#1451=ORIENTED_EDGE('',*,*,#1011,.T.);
#1452=ORIENTED_EDGE('',*,*,#979,.F.);
#1453=ORIENTED_EDGE('',*,*,#1022,.F.);
#1454=ORIENTED_EDGE('',*,*,#908,.F.);
#1455=ORIENTED_EDGE('',*,*,#1019,.T.);
#1456=ORIENTED_EDGE('',*,*,#976,.F.);
#1457=ORIENTED_EDGE('',*,*,#998,.F.);
#1458=ORIENTED_EDGE('',*,*,#911,.F.);
#1459=ORIENTED_EDGE('',*,*,#995,.T.);
#1460=ORIENTED_EDGE('',*,*,#973,.F.);
#1461=ORIENTED_EDGE('',*,*,#994,.F.);
#1462=ORIENTED_EDGE('',*,*,#914,.F.);
#1463=ORIENTED_EDGE('',*,*,#991,.T.);
#1464=ORIENTED_EDGE('',*,*,#958,.F.);
#1465=ORIENTED_EDGE('',*,*,#1017,.F.);
#1466=ORIENTED_EDGE('',*,*,#917,.F.);
#1467=ORIENTED_EDGE('',*,*,#1034,.F.);
#1468=ORIENTED_EDGE('',*,*,#1035,.F.);
#1469=ORIENTED_EDGE('',*,*,#1036,.F.);
#1470=ORIENTED_EDGE('',*,*,#1037,.F.);
#1471=ORIENTED_EDGE('',*,*,#1038,.F.);
#1472=ORIENTED_EDGE('',*,*,#1039,.F.);
#1473=ORIENTED_EDGE('',*,*,#1040,.F.);
#1474=ORIENTED_EDGE('',*,*,#1041,.F.);
#1475=ORIENTED_EDGE('',*,*,#828,.F.);
#1476=ORIENTED_EDGE('',*,*,#1042,.T.);
#1477=ORIENTED_EDGE('',*,*,#945,.T.);
#1478=ORIENTED_EDGE('',*,*,#1042,.F.);
#1479=ORIENTED_EDGE('',*,*,#1043,.F.);
#1480=ORIENTED_EDGE('',*,*,#1044,.T.);
#1481=ORIENTED_EDGE('',*,*,#1045,.T.);
#1482=ORIENTED_EDGE('',*,*,#1044,.F.);
#1483=ORIENTED_EDGE('',*,*,#826,.F.);
#1484=ORIENTED_EDGE('',*,*,#1046,.T.);
#1485=ORIENTED_EDGE('',*,*,#1047,.F.);
#1486=ORIENTED_EDGE('',*,*,#1046,.F.);
#1487=ORIENTED_EDGE('',*,*,#946,.T.);
#1488=ORIENTED_EDGE('',*,*,#1048,.T.);
#1489=ORIENTED_EDGE('',*,*,#1040,.T.);
#1490=ORIENTED_EDGE('',*,*,#1048,.F.);
#1491=ORIENTED_EDGE('',*,*,#947,.T.);
#1492=ORIENTED_EDGE('',*,*,#1049,.T.);
#1493=ORIENTED_EDGE('',*,*,#1036,.T.);
#1494=ORIENTED_EDGE('',*,*,#1049,.F.);
#1495=ORIENTED_EDGE('',*,*,#948,.T.);
#1496=ORIENTED_EDGE('',*,*,#1050,.T.);
#1497=ORIENTED_EDGE('',*,*,#1034,.T.);
#1498=ORIENTED_EDGE('',*,*,#1050,.F.);
#1499=ORIENTED_EDGE('',*,*,#949,.T.);
#1500=ORIENTED_EDGE('',*,*,#1051,.T.);
#1501=ORIENTED_EDGE('',*,*,#1038,.T.);
#1502=ORIENTED_EDGE('',*,*,#1051,.F.);
#1503=ORIENTED_EDGE('',*,*,#1041,.T.);
#1504=ORIENTED_EDGE('',*,*,#1052,.T.);
#1505=ORIENTED_EDGE('',*,*,#829,.F.);
#1506=ORIENTED_EDGE('',*,*,#1052,.F.);
#1507=ORIENTED_EDGE('',*,*,#1037,.T.);
#1508=ORIENTED_EDGE('',*,*,#1053,.T.);
#1509=ORIENTED_EDGE('',*,*,#830,.F.);
#1510=ORIENTED_EDGE('',*,*,#1053,.F.);
#1511=ORIENTED_EDGE('',*,*,#1035,.T.);
#1512=ORIENTED_EDGE('',*,*,#1054,.T.);
#1513=ORIENTED_EDGE('',*,*,#831,.F.);
#1514=ORIENTED_EDGE('',*,*,#1054,.F.);
#1515=ORIENTED_EDGE('',*,*,#1039,.T.);
#1516=ORIENTED_EDGE('',*,*,#1055,.T.);
#1517=ORIENTED_EDGE('',*,*,#832,.F.);
#1518=ORIENTED_EDGE('',*,*,#1055,.F.);
#1519=ORIENTED_EDGE('',*,*,#884,.T.);
#1520=ORIENTED_EDGE('',*,*,#1056,.T.);
#1521=ORIENTED_EDGE('',*,*,#827,.T.);
#1522=ORIENTED_EDGE('',*,*,#1056,.F.);
#1523=ORIENTED_EDGE('',*,*,#1047,.T.);
#1524=ORIENTED_EDGE('',*,*,#1043,.T.);
#1525=ORIENTED_EDGE('',*,*,#1045,.F.);
#1526=ORIENTED_EDGE('',*,*,#1033,.T.);
#1527=CYLINDRICAL_SURFACE('',#1652,25.85);
#1528=CYLINDRICAL_SURFACE('',#1771,18.0000002682209);
#1529=CYLINDRICAL_SURFACE('',#1774,18.0000002682209);
#1530=CYLINDRICAL_SURFACE('',#1777,18.0000002682209);
#1531=CYLINDRICAL_SURFACE('',#1780,18.0000002682209);
#1532=CYLINDRICAL_SURFACE('',#1783,18.0000002682209);
#1533=CYLINDRICAL_SURFACE('',#1786,18.0000002682209);
#1534=CYLINDRICAL_SURFACE('',#1789,18.0000002682209);
#1535=CYLINDRICAL_SURFACE('',#1792,18.0000002682209);
#1536=CYLINDRICAL_SURFACE('',#1794,18.0000002682209);
#1537=CYLINDRICAL_SURFACE('',#1798,18.0000002682209);
#1538=CYLINDRICAL_SURFACE('',#1801,18.0000002682209);
#1539=CYLINDRICAL_SURFACE('',#1804,18.0000002682209);
#1540=CYLINDRICAL_SURFACE('',#1806,22.5);
#1541=CYLINDRICAL_SURFACE('',#1820,3.25);
#1542=CYLINDRICAL_SURFACE('',#1821,25.85);
#1543=CYLINDRICAL_SURFACE('',#1824,27.75);
#1544=CYLINDRICAL_SURFACE('',#1826,2.);
#1545=CYLINDRICAL_SURFACE('',#1827,2.);
#1546=CYLINDRICAL_SURFACE('',#1828,2.);
#1547=CYLINDRICAL_SURFACE('',#1829,2.);
#1548=CYLINDRICAL_SURFACE('',#1830,1.3);
#1549=CYLINDRICAL_SURFACE('',#1831,1.3);
#1550=CYLINDRICAL_SURFACE('',#1832,1.3);
#1551=CYLINDRICAL_SURFACE('',#1833,1.3);
#1552=CYLINDRICAL_SURFACE('',#1834,17.25);
#1553=ADVANCED_FACE('',(#104),#1527,.T.);
#1554=ADVANCED_FACE('',(#105,#39),#69,.T.);
#1555=ADVANCED_FACE('',(#106,#40),#70,.T.);
#1556=ADVANCED_FACE('',(#107,#41,#42,#43,#44,#45),#71,.F.);
#1557=ADVANCED_FACE('',(#108),#15,.F.);
#1558=ADVANCED_FACE('',(#109,#46),#72,.T.);
#1559=ADVANCED_FACE('',(#110),#16,.F.);
#1560=ADVANCED_FACE('',(#111),#17,.F.);
#1561=ADVANCED_FACE('',(#112),#18,.F.);
#1562=ADVANCED_FACE('',(#113),#19,.F.);
#1563=ADVANCED_FACE('',(#114),#20,.F.);
#1564=ADVANCED_FACE('',(#115),#21,.F.);
#1565=ADVANCED_FACE('',(#116),#22,.F.);
#1566=ADVANCED_FACE('',(#117),#23,.F.);
#1567=ADVANCED_FACE('',(#118),#24,.F.);
#1568=ADVANCED_FACE('',(#119),#25,.F.);
#1569=ADVANCED_FACE('',(#120),#26,.F.);
#1570=ADVANCED_FACE('',(#121),#27,.F.);
#1571=ADVANCED_FACE('',(#122,#47,#48,#49,#50,#51),#73,.F.);
#1572=ADVANCED_FACE('',(#123),#28,.F.);
#1573=ADVANCED_FACE('',(#124),#29,.F.);
#1574=ADVANCED_FACE('',(#125),#30,.F.);
#1575=ADVANCED_FACE('',(#126),#31,.F.);
#1576=ADVANCED_FACE('',(#127),#32,.F.);
#1577=ADVANCED_FACE('',(#128),#33,.F.);
#1578=ADVANCED_FACE('',(#129),#34,.F.);
#1579=ADVANCED_FACE('',(#130),#35,.F.);
#1580=ADVANCED_FACE('',(#131),#36,.F.);
#1581=ADVANCED_FACE('',(#132),#37,.F.);
#1582=ADVANCED_FACE('',(#133),#38,.F.);
#1583=ADVANCED_FACE('',(#134),#74,.F.);
#1584=ADVANCED_FACE('',(#135),#1528,.T.);
#1585=ADVANCED_FACE('',(#136),#75,.F.);
#1586=ADVANCED_FACE('',(#137),#76,.F.);
#1587=ADVANCED_FACE('',(#138),#1529,.T.);
#1588=ADVANCED_FACE('',(#139),#77,.F.);
#1589=ADVANCED_FACE('',(#140),#78,.F.);
#1590=ADVANCED_FACE('',(#141),#1530,.T.);
#1591=ADVANCED_FACE('',(#142),#79,.F.);
#1592=ADVANCED_FACE('',(#143),#80,.F.);
#1593=ADVANCED_FACE('',(#144),#1531,.T.);
#1594=ADVANCED_FACE('',(#145),#81,.F.);
#1595=ADVANCED_FACE('',(#146),#82,.F.);
#1596=ADVANCED_FACE('',(#147),#1532,.T.);
#1597=ADVANCED_FACE('',(#148),#83,.F.);
#1598=ADVANCED_FACE('',(#149),#84,.F.);
#1599=ADVANCED_FACE('',(#150),#1533,.T.);
#1600=ADVANCED_FACE('',(#151),#85,.F.);
#1601=ADVANCED_FACE('',(#152),#86,.F.);
#1602=ADVANCED_FACE('',(#153),#1534,.T.);
#1603=ADVANCED_FACE('',(#154),#87,.F.);
#1604=ADVANCED_FACE('',(#155),#88,.F.);
#1605=ADVANCED_FACE('',(#156),#1535,.T.);
#1606=ADVANCED_FACE('',(#157),#89,.F.);
#1607=ADVANCED_FACE('',(#158),#1536,.T.);
#1608=ADVANCED_FACE('',(#159),#90,.F.);
#1609=ADVANCED_FACE('',(#160),#91,.F.);
#1610=ADVANCED_FACE('',(#161),#92,.F.);
#1611=ADVANCED_FACE('',(#162),#1537,.T.);
#1612=ADVANCED_FACE('',(#163),#93,.F.);
#1613=ADVANCED_FACE('',(#164),#94,.F.);
#1614=ADVANCED_FACE('',(#165),#1538,.T.);
#1615=ADVANCED_FACE('',(#166),#95,.F.);
#1616=ADVANCED_FACE('',(#167),#96,.F.);
#1617=ADVANCED_FACE('',(#168),#1539,.T.);
#1618=ADVANCED_FACE('',(#169),#97,.F.);
#1619=ADVANCED_FACE('',(#170,#52,#53,#54,#55,#56,#57,#58,#59,#60,#61,#62),
#1540,.F.);
#1620=ADVANCED_FACE('',(#171,#63),#98,.T.);
#1621=ADVANCED_FACE('',(#172,#64),#99,.T.);
#1622=ADVANCED_FACE('',(#173,#65),#100,.T.);
#1623=ADVANCED_FACE('',(#174,#66),#101,.T.);
#1624=ADVANCED_FACE('',(#175),#1541,.F.);
#1625=ADVANCED_FACE('',(#176),#1542,.T.);
#1626=ADVANCED_FACE('',(#177),#1543,.T.);
#1627=ADVANCED_FACE('',(#178),#1544,.F.);
#1628=ADVANCED_FACE('',(#179),#1545,.F.);
#1629=ADVANCED_FACE('',(#180),#1546,.F.);
#1630=ADVANCED_FACE('',(#181),#1547,.F.);
#1631=ADVANCED_FACE('',(#182),#1548,.F.);
#1632=ADVANCED_FACE('',(#183),#1549,.F.);
#1633=ADVANCED_FACE('',(#184),#1550,.F.);
#1634=ADVANCED_FACE('',(#185),#1551,.F.);
#1635=ADVANCED_FACE('',(#186),#1552,.F.);
#1636=ADVANCED_FACE('',(#187,#67),#102,.F.);
#1637=ADVANCED_FACE('',(#188,#68),#103,.F.);
#1638=CLOSED_SHELL('',(#1553,#1554,#1555,#1556,#1557,#1558,#1559,#1560,
#1561,#1562,#1563,#1564,#1565,#1566,#1567,#1568,#1569,#1570,#1571,#1572,
#1573,#1574,#1575,#1576,#1577,#1578,#1579,#1580,#1581,#1582,#1583,#1584,
#1585,#1586,#1587,#1588,#1589,#1590,#1591,#1592,#1593,#1594,#1595,#1596,
#1597,#1598,#1599,#1600,#1601,#1602,#1603,#1604,#1605,#1606,#1607,#1608,
#1609,#1610,#1611,#1612,#1613,#1614,#1615,#1616,#1617,#1618,#1619,#1620,
#1621,#1622,#1623,#1624,#1625,#1626,#1627,#1628,#1629,#1630,#1631,#1632,
#1633,#1634,#1635,#1636,#1637));
#1639=DERIVED_UNIT_ELEMENT(#1641,1.);
#1640=DERIVED_UNIT_ELEMENT(#2818,-3.);
#1641=(
MASS_UNIT()
NAMED_UNIT(*)
SI_UNIT(.KILO.,.GRAM.)
);
#1642=DERIVED_UNIT((#1639,#1640));
#1643=MEASURE_REPRESENTATION_ITEM('density measure',
POSITIVE_RATIO_MEASURE(7850.),#1642);
#1644=PROPERTY_DEFINITION_REPRESENTATION(#1649,#1646);
#1645=PROPERTY_DEFINITION_REPRESENTATION(#1650,#1647);
#1646=REPRESENTATION('material name',(#1648),#2815);
#1647=REPRESENTATION('density',(#1643),#2815);
#1648=DESCRIPTIVE_REPRESENTATION_ITEM('Steel','Steel');
#1649=PROPERTY_DEFINITION('material property','material name',#2825);
#1650=PROPERTY_DEFINITION('material property','density of part',#2825);
#1651=AXIS2_PLACEMENT_3D('',#2344,#1837,#1838);
#1652=AXIS2_PLACEMENT_3D('',#2345,#1839,#1840);
#1653=AXIS2_PLACEMENT_3D('',#2347,#1841,#1842);
#1654=AXIS2_PLACEMENT_3D('',#2350,#1844,#1845);
#1655=AXIS2_PLACEMENT_3D('',#2351,#1846,#1847);
#1656=AXIS2_PLACEMENT_3D('',#2353,#1848,#1849);
#1657=AXIS2_PLACEMENT_3D('',#2354,#1850,#1851);
#1658=AXIS2_PLACEMENT_3D('',#2356,#1852,#1853);
#1659=AXIS2_PLACEMENT_3D('',#2357,#1854,#1855);
#1660=AXIS2_PLACEMENT_3D('',#2359,#1856,#1857);
#1661=AXIS2_PLACEMENT_3D('',#2361,#1858,#1859);
#1662=AXIS2_PLACEMENT_3D('',#2363,#1860,#1861);
#1663=AXIS2_PLACEMENT_3D('',#2365,#1862,#1863);
#1664=AXIS2_PLACEMENT_3D('',#2367,#1864,#1865);
#1665=AXIS2_PLACEMENT_3D('',#2369,#1866,#1867);
#1666=AXIS2_PLACEMENT_3D('',#2370,#1868,#1869);
#1667=AXIS2_PLACEMENT_3D('',#2375,#1871,#1872);
#1668=AXIS2_PLACEMENT_3D('',#2378,#1874,#1875);
#1669=AXIS2_PLACEMENT_3D('',#2379,#1876,#1877);
#1670=AXIS2_PLACEMENT_3D('',#2383,#1879,#1880);
#1671=AXIS2_PLACEMENT_3D('',#2387,#1882,#1883);
#1672=AXIS2_PLACEMENT_3D('',#2391,#1885,#1886);
#1673=AXIS2_PLACEMENT_3D('',#2395,#1888,#1889);
#1674=AXIS2_PLACEMENT_3D('',#2399,#1891,#1892);
#1675=AXIS2_PLACEMENT_3D('',#2403,#1894,#1895);
#1676=AXIS2_PLACEMENT_3D('',#2407,#1897,#1898);
#1677=AXIS2_PLACEMENT_3D('',#2411,#1900,#1901);
#1678=AXIS2_PLACEMENT_3D('',#2415,#1903,#1904);
#1679=AXIS2_PLACEMENT_3D('',#2419,#1906,#1907);
#1680=AXIS2_PLACEMENT_3D('',#2423,#1909,#1910);
#1681=AXIS2_PLACEMENT_3D('',#2427,#1912,#1913);
#1682=AXIS2_PLACEMENT_3D('',#2431,#1915,#1916);
#1683=AXIS2_PLACEMENT_3D('',#2435,#1918,#1919);
#1684=AXIS2_PLACEMENT_3D('',#2439,#1921,#1922);
#1685=AXIS2_PLACEMENT_3D('',#2443,#1924,#1925);
#1686=AXIS2_PLACEMENT_3D('',#2447,#1927,#1928);
#1687=AXIS2_PLACEMENT_3D('',#2451,#1930,#1931);
#1688=AXIS2_PLACEMENT_3D('',#2455,#1933,#1934);
#1689=AXIS2_PLACEMENT_3D('',#2459,#1936,#1937);
#1690=AXIS2_PLACEMENT_3D('',#2463,#1939,#1940);
#1691=AXIS2_PLACEMENT_3D('',#2467,#1942,#1943);
#1692=AXIS2_PLACEMENT_3D('',#2471,#1945,#1946);
#1693=AXIS2_PLACEMENT_3D('',#2474,#1948,#1949);
#1694=AXIS2_PLACEMENT_3D('',#2475,#1950,#1951);
#1695=AXIS2_PLACEMENT_3D('',#2480,#1954,#1955);
#1696=AXIS2_PLACEMENT_3D('',#2481,#1956,#1957);
#1697=AXIS2_PLACEMENT_3D('',#2486,#1960,#1961);
#1698=AXIS2_PLACEMENT_3D('',#2487,#1962,#1963);
#1699=AXIS2_PLACEMENT_3D('',#2492,#1966,#1967);
#1700=AXIS2_PLACEMENT_3D('',#2493,#1968,#1969);
#1701=AXIS2_PLACEMENT_3D('',#2498,#1972,#1973);
#1702=AXIS2_PLACEMENT_3D('',#2499,#1974,#1975);
#1703=AXIS2_PLACEMENT_3D('',#2504,#1978,#1979);
#1704=AXIS2_PLACEMENT_3D('',#2505,#1980,#1981);
#1705=AXIS2_PLACEMENT_3D('',#2510,#1984,#1985);
#1706=AXIS2_PLACEMENT_3D('',#2511,#1986,#1987);
#1707=AXIS2_PLACEMENT_3D('',#2516,#1990,#1991);
#1708=AXIS2_PLACEMENT_3D('',#2517,#1992,#1993);
#1709=AXIS2_PLACEMENT_3D('',#2522,#1996,#1997);
#1710=AXIS2_PLACEMENT_3D('',#2523,#1998,#1999);
#1711=AXIS2_PLACEMENT_3D('',#2528,#2002,#2003);
#1712=AXIS2_PLACEMENT_3D('',#2529,#2004,#2005);
#1713=AXIS2_PLACEMENT_3D('',#2534,#2008,#2009);
#1714=AXIS2_PLACEMENT_3D('',#2535,#2010,#2011);
#1715=AXIS2_PLACEMENT_3D('',#2540,#2014,#2015);
#1716=AXIS2_PLACEMENT_3D('',#2541,#2016,#2017);
#1717=AXIS2_PLACEMENT_3D('',#2546,#2019,#2020);
#1718=AXIS2_PLACEMENT_3D('',#2549,#2022,#2023);
#1719=AXIS2_PLACEMENT_3D('',#2550,#2024,#2025);
#1720=AXIS2_PLACEMENT_3D('',#2552,#2026,#2027);
#1721=AXIS2_PLACEMENT_3D('',#2554,#2028,#2029);
#1722=AXIS2_PLACEMENT_3D('',#2556,#2030,#2031);
#1723=AXIS2_PLACEMENT_3D('',#2558,#2032,#2033);
#1724=AXIS2_PLACEMENT_3D('',#2560,#2034,#2035);
#1725=AXIS2_PLACEMENT_3D('',#2562,#2036,#2037);
#1726=AXIS2_PLACEMENT_3D('',#2564,#2038,#2039);
#1727=AXIS2_PLACEMENT_3D('',#2566,#2040,#2041);
#1728=AXIS2_PLACEMENT_3D('',#2568,#2042,#2043);
#1729=AXIS2_PLACEMENT_3D('',#2570,#2044,#2045);
#1730=AXIS2_PLACEMENT_3D('',#2572,#2046,#2047);
#1731=AXIS2_PLACEMENT_3D('',#2574,#2048,#2049);
#1732=AXIS2_PLACEMENT_3D('',#2576,#2050,#2051);
#1733=AXIS2_PLACEMENT_3D('',#2578,#2052,#2053);
#1734=AXIS2_PLACEMENT_3D('',#2580,#2054,#2055);
#1735=AXIS2_PLACEMENT_3D('',#2582,#2056,#2057);
#1736=AXIS2_PLACEMENT_3D('',#2584,#2058,#2059);
#1737=AXIS2_PLACEMENT_3D('',#2586,#2060,#2061);
#1738=AXIS2_PLACEMENT_3D('',#2588,#2062,#2063);
#1739=AXIS2_PLACEMENT_3D('',#2590,#2064,#2065);
#1740=AXIS2_PLACEMENT_3D('',#2592,#2066,#2067);
#1741=AXIS2_PLACEMENT_3D('',#2594,#2068,#2069);
#1742=AXIS2_PLACEMENT_3D('',#2595,#2070,#2071);
#1743=AXIS2_PLACEMENT_3D('',#2597,#2072,#2073);
#1744=AXIS2_PLACEMENT_3D('',#2599,#2074,#2075);
#1745=AXIS2_PLACEMENT_3D('',#2601,#2076,#2077);
#1746=AXIS2_PLACEMENT_3D('',#2603,#2078,#2079);
#1747=AXIS2_PLACEMENT_3D('',#2605,#2080,#2081);
#1748=AXIS2_PLACEMENT_3D('',#2606,#2082,#2083);
#1749=AXIS2_PLACEMENT_3D('',#2611,#2086,#2087);
#1750=AXIS2_PLACEMENT_3D('',#2612,#2088,#2089);
#1751=AXIS2_PLACEMENT_3D('',#2617,#2092,#2093);
#1752=AXIS2_PLACEMENT_3D('',#2618,#2094,#2095);
#1753=AXIS2_PLACEMENT_3D('',#2623,#2098,#2099);
#1754=AXIS2_PLACEMENT_3D('',#2624,#2100,#2101);
#1755=AXIS2_PLACEMENT_3D('',#2629,#2104,#2105);
#1756=AXIS2_PLACEMENT_3D('',#2630,#2106,#2107);
#1757=AXIS2_PLACEMENT_3D('',#2635,#2110,#2111);
#1758=AXIS2_PLACEMENT_3D('',#2636,#2112,#2113);
#1759=AXIS2_PLACEMENT_3D('',#2641,#2116,#2117);
#1760=AXIS2_PLACEMENT_3D('',#2642,#2118,#2119);
#1761=AXIS2_PLACEMENT_3D('',#2647,#2122,#2123);
#1762=AXIS2_PLACEMENT_3D('',#2648,#2124,#2125);
#1763=AXIS2_PLACEMENT_3D('',#2653,#2128,#2129);
#1764=AXIS2_PLACEMENT_3D('',#2654,#2130,#2131);
#1765=AXIS2_PLACEMENT_3D('',#2659,#2134,#2135);
#1766=AXIS2_PLACEMENT_3D('',#2660,#2136,#2137);
#1767=AXIS2_PLACEMENT_3D('',#2665,#2140,#2141);
#1768=AXIS2_PLACEMENT_3D('',#2666,#2142,#2143);
#1769=AXIS2_PLACEMENT_3D('',#2671,#2146,#2147);
#1770=AXIS2_PLACEMENT_3D('',#2672,#2148,#2149);
#1771=AXIS2_PLACEMENT_3D('',#2675,#2152,#2153);
#1772=AXIS2_PLACEMENT_3D('',#2677,#2155,#2156);
#1773=AXIS2_PLACEMENT_3D('',#2679,#2158,#2159);
#1774=AXIS2_PLACEMENT_3D('',#2682,#2162,#2163);
#1775=AXIS2_PLACEMENT_3D('',#2684,#2165,#2166);
#1776=AXIS2_PLACEMENT_3D('',#2686,#2168,#2169);
#1777=AXIS2_PLACEMENT_3D('',#2689,#2172,#2173);
#1778=AXIS2_PLACEMENT_3D('',#2691,#2175,#2176);
#1779=AXIS2_PLACEMENT_3D('',#2693,#2178,#2179);
#1780=AXIS2_PLACEMENT_3D('',#2696,#2182,#2183);
#1781=AXIS2_PLACEMENT_3D('',#2698,#2185,#2186);
#1782=AXIS2_PLACEMENT_3D('',#2700,#2188,#2189);
#1783=AXIS2_PLACEMENT_3D('',#2703,#2192,#2193);
#1784=AXIS2_PLACEMENT_3D('',#2705,#2195,#2196);
#1785=AXIS2_PLACEMENT_3D('',#2707,#2198,#2199);
#1786=AXIS2_PLACEMENT_3D('',#2710,#2202,#2203);
#1787=AXIS2_PLACEMENT_3D('',#2712,#2205,#2206);
#1788=AXIS2_PLACEMENT_3D('',#2714,#2208,#2209);
#1789=AXIS2_PLACEMENT_3D('',#2717,#2212,#2213);
#1790=AXIS2_PLACEMENT_3D('',#2719,#2215,#2216);
#1791=AXIS2_PLACEMENT_3D('',#2721,#2218,#2219);
#1792=AXIS2_PLACEMENT_3D('',#2724,#2222,#2223);
#1793=AXIS2_PLACEMENT_3D('',#2726,#2225,#2226);
#1794=AXIS2_PLACEMENT_3D('',#2728,#2228,#2229);
#1795=AXIS2_PLACEMENT_3D('',#2731,#2232,#2233);
#1796=AXIS2_PLACEMENT_3D('',#2733,#2235,#2236);
#1797=AXIS2_PLACEMENT_3D('',#2735,#2238,#2239);
#1798=AXIS2_PLACEMENT_3D('',#2738,#2242,#2243);
#1799=AXIS2_PLACEMENT_3D('',#2740,#2245,#2246);
#1800=AXIS2_PLACEMENT_3D('',#2742,#2248,#2249);
#1801=AXIS2_PLACEMENT_3D('',#2745,#2252,#2253);
#1802=AXIS2_PLACEMENT_3D('',#2747,#2255,#2256);
#1803=AXIS2_PLACEMENT_3D('',#2749,#2258,#2259);
#1804=AXIS2_PLACEMENT_3D('',#2752,#2262,#2263);
#1805=AXIS2_PLACEMENT_3D('',#2754,#2265,#2266);
#1806=AXIS2_PLACEMENT_3D('',#2756,#2268,#2269);
#1807=AXIS2_PLACEMENT_3D('',#2760,#2272,#2273);
#1808=AXIS2_PLACEMENT_3D('',#2761,#2274,#2275);
#1809=AXIS2_PLACEMENT_3D('',#2763,#2276,#2277);
#1810=AXIS2_PLACEMENT_3D('',#2765,#2278,#2279);
#1811=AXIS2_PLACEMENT_3D('',#2766,#2280,#2281);
#1812=AXIS2_PLACEMENT_3D('',#2768,#2282,#2283);
#1813=AXIS2_PLACEMENT_3D('',#2770,#2284,#2285);
#1814=AXIS2_PLACEMENT_3D('',#2771,#2286,#2287);
#1815=AXIS2_PLACEMENT_3D('',#2773,#2288,#2289);
#1816=AXIS2_PLACEMENT_3D('',#2775,#2290,#2291);
#1817=AXIS2_PLACEMENT_3D('',#2776,#2292,#2293);
#1818=AXIS2_PLACEMENT_3D('',#2778,#2294,#2295);
#1819=AXIS2_PLACEMENT_3D('',#2780,#2296,#2297);
#1820=AXIS2_PLACEMENT_3D('',#2781,#2298,#2299);
#1821=AXIS2_PLACEMENT_3D('',#2783,#2301,#2302);
#1822=AXIS2_PLACEMENT_3D('',#2785,#2303,#2304);
#1823=AXIS2_PLACEMENT_3D('',#2788,#2306,#2307);
#1824=AXIS2_PLACEMENT_3D('',#2789,#2308,#2309);
#1825=AXIS2_PLACEMENT_3D('',#2792,#2311,#2312);
#1826=AXIS2_PLACEMENT_3D('',#2793,#2313,#2314);
#1827=AXIS2_PLACEMENT_3D('',#2795,#2316,#2317);
#1828=AXIS2_PLACEMENT_3D('',#2797,#2319,#2320);
#1829=AXIS2_PLACEMENT_3D('',#2799,#2322,#2323);
#1830=AXIS2_PLACEMENT_3D('',#2801,#2325,#2326);
#1831=AXIS2_PLACEMENT_3D('',#2803,#2328,#2329);
#1832=AXIS2_PLACEMENT_3D('',#2805,#2331,#2332);
#1833=AXIS2_PLACEMENT_3D('',#2807,#2334,#2335);
#1834=AXIS2_PLACEMENT_3D('',#2809,#2337,#2338);
#1835=AXIS2_PLACEMENT_3D('',#2811,#2340,#2341);
#1836=AXIS2_PLACEMENT_3D('',#2812,#2342,#2343);
#1837=DIRECTION('axis',(0.,0.,1.));
#1838=DIRECTION('refdir',(1.,0.,0.));
#1839=DIRECTION('center_axis',(0.,0.,1.));
#1840=DIRECTION('ref_axis',(1.,0.,0.));
#1841=DIRECTION('center_axis',(0.,0.,1.));
#1842=DIRECTION('ref_axis',(1.,0.,0.));
#1843=DIRECTION('',(0.,0.,-1.));
#1844=DIRECTION('center_axis',(0.,0.,-1.));
#1845=DIRECTION('ref_axis',(1.,0.,0.));
#1846=DIRECTION('center_axis',(0.,0.,1.));
#1847=DIRECTION('ref_axis',(1.,0.,0.));
#1848=DIRECTION('center_axis',(0.,0.,-1.));
#1849=DIRECTION('ref_axis',(1.,0.,0.));
#1850=DIRECTION('center_axis',(0.,0.,1.));
#1851=DIRECTION('ref_axis',(1.,0.,0.));
#1852=DIRECTION('center_axis',(0.,0.,1.));
#1853=DIRECTION('ref_axis',(1.,0.,0.));
#1854=DIRECTION('center_axis',(0.,0.,1.));
#1855=DIRECTION('ref_axis',(1.,0.,0.));
#1856=DIRECTION('center_axis',(0.,0.,1.));
#1857=DIRECTION('ref_axis',(1.,0.,0.));
#1858=DIRECTION('center_axis',(0.,0.,1.));
#1859=DIRECTION('ref_axis',(1.,0.,0.));
#1860=DIRECTION('center_axis',(0.,0.,1.));
#1861=DIRECTION('ref_axis',(-1.,0.,0.));
#1862=DIRECTION('center_axis',(0.,0.,1.));
#1863=DIRECTION('ref_axis',(-1.,0.,0.));
#1864=DIRECTION('center_axis',(0.,0.,1.));
#1865=DIRECTION('ref_axis',(-1.,0.,0.));
#1866=DIRECTION('center_axis',(0.,0.,1.));
#1867=DIRECTION('ref_axis',(-1.,0.,0.));
#1868=DIRECTION('center_axis',(0.,0.,-1.));
#1869=DIRECTION('ref_axis',(1.,0.,0.));
#1870=DIRECTION('',(-0.5,-0.5,0.707106781186548));
#1871=DIRECTION('center_axis',(0.,0.,1.));
#1872=DIRECTION('ref_axis',(1.,0.,0.));
#1873=DIRECTION('',(0.353553390593274,0.612372435695795,-0.707106781186547));
#1874=DIRECTION('center_axis',(0.,0.,-1.));
#1875=DIRECTION('ref_axis',(1.,0.,0.));
#1876=DIRECTION('center_axis',(0.,0.,-1.));
#1877=DIRECTION('ref_axis',(1.,0.,0.));
#1878=DIRECTION('',(-0.707106781186547,-0.707106781186548,0.));
#1879=DIRECTION('center_axis',(0.,0.,-1.));
#1880=DIRECTION('ref_axis',(1.,0.,0.));
#1881=DIRECTION('',(0.866025403784438,0.5,0.));
#1882=DIRECTION('center_axis',(0.,0.,1.));
#1883=DIRECTION('ref_axis',(1.,0.,0.));
#1884=DIRECTION('',(-0.965925826289068,-0.258819045102521,0.));
#1885=DIRECTION('center_axis',(0.,0.,-1.));
#1886=DIRECTION('ref_axis',(1.,0.,0.));
#1887=DIRECTION('',(1.,2.22044604925031E-16,0.));
#1888=DIRECTION('center_axis',(0.,0.,1.));
#1889=DIRECTION('ref_axis',(1.,0.,0.));
#1890=DIRECTION('',(-0.965925826289068,0.25881904510252,0.));
#1891=DIRECTION('center_axis',(0.,0.,-1.));
#1892=DIRECTION('ref_axis',(1.,0.,0.));
#1893=DIRECTION('',(0.866025403784439,-0.499999999999999,0.));
#1894=DIRECTION('center_axis',(0.,0.,1.));
#1895=DIRECTION('ref_axis',(1.,0.,0.));
#1896=DIRECTION('',(-0.707106781186548,0.707106781186547,0.));
#1897=DIRECTION('center_axis',(0.,0.,-1.));
#1898=DIRECTION('ref_axis',(1.,0.,0.));
#1899=DIRECTION('',(0.5,-0.866025403784438,0.));
#1900=DIRECTION('center_axis',(0.,0.,1.));
#1901=DIRECTION('ref_axis',(1.,0.,0.));
#1902=DIRECTION('',(-0.258819045102522,0.965925826289068,0.));
#1903=DIRECTION('center_axis',(0.,0.,-1.));
#1904=DIRECTION('ref_axis',(1.,0.,0.));
#1905=DIRECTION('',(0.,-1.,0.));
#1906=DIRECTION('center_axis',(0.,0.,1.));
#1907=DIRECTION('ref_axis',(-1.,0.,0.));
#1908=DIRECTION('',(0.258819045102521,0.965925826289068,0.));
#1909=DIRECTION('center_axis',(0.,0.,-1.));
#1910=DIRECTION('ref_axis',(1.,0.,0.));
#1911=DIRECTION('',(-0.5,-0.866025403784439,0.));
#1912=DIRECTION('center_axis',(0.,0.,1.));
#1913=DIRECTION('ref_axis',(-1.,0.,0.));
#1914=DIRECTION('',(0.707106781186548,0.707106781186547,0.));
#1915=DIRECTION('center_axis',(0.,0.,-1.));
#1916=DIRECTION('ref_axis',(1.,0.,0.));
#1917=DIRECTION('',(-0.866025403784439,-0.5,0.));
#1918=DIRECTION('center_axis',(0.,0.,1.));
#1919=DIRECTION('ref_axis',(-1.,0.,0.));
#1920=DIRECTION('',(0.965925826289068,0.258819045102521,0.));
#1921=DIRECTION('center_axis',(0.,0.,-1.));
#1922=DIRECTION('ref_axis',(1.,0.,0.));
#1923=DIRECTION('',(-1.,2.22044604925031E-16,0.));
#1924=DIRECTION('center_axis',(0.,0.,1.));
#1925=DIRECTION('ref_axis',(-1.,0.,0.));
#1926=DIRECTION('',(0.965925826289068,-0.258819045102521,0.));
#1927=DIRECTION('center_axis',(0.,0.,-1.));
#1928=DIRECTION('ref_axis',(1.,0.,0.));
#1929=DIRECTION('',(-0.866025403784439,0.5,0.));
#1930=DIRECTION('center_axis',(0.,0.,1.));
#1931=DIRECTION('ref_axis',(-1.,0.,0.));
#1932=DIRECTION('',(0.707106781186548,-0.707106781186547,0.));
#1933=DIRECTION('center_axis',(0.,0.,-1.));
#1934=DIRECTION('ref_axis',(1.,0.,0.));
#1935=DIRECTION('',(-0.5,0.866025403784438,0.));
#1936=DIRECTION('center_axis',(0.,0.,1.));
#1937=DIRECTION('ref_axis',(-1.,0.,0.));
#1938=DIRECTION('',(0.258819045102521,-0.965925826289068,0.));
#1939=DIRECTION('center_axis',(0.,0.,-1.));
#1940=DIRECTION('ref_axis',(1.,0.,0.));
#1941=DIRECTION('',(-1.22464679914735E-16,1.,0.));
#1942=DIRECTION('center_axis',(0.,0.,1.));
#1943=DIRECTION('ref_axis',(1.,0.,0.));
#1944=DIRECTION('',(-0.25881904510252,-0.965925826289068,0.));
#1945=DIRECTION('center_axis',(0.,0.,-1.));
#1946=DIRECTION('ref_axis',(1.,0.,0.));
#1947=DIRECTION('',(0.5,0.866025403784439,0.));
#1948=DIRECTION('center_axis',(0.,0.,-1.));
#1949=DIRECTION('ref_axis',(1.,0.,0.));
#1950=DIRECTION('center_axis',(0.,0.,-1.));
#1951=DIRECTION('ref_axis',(1.,0.,0.));
#1952=DIRECTION('',(-0.183012701892219,-0.683012701892219,0.707106781186548));
#1953=DIRECTION('',(-8.65956056235493E-17,0.707106781186547,-0.707106781186548));
#1954=DIRECTION('center_axis',(0.,0.,-1.));
#1955=DIRECTION('ref_axis',(1.,0.,0.));
#1956=DIRECTION('center_axis',(0.,0.,-1.));
#1957=DIRECTION('ref_axis',(-1.,0.,0.));
#1958=DIRECTION('',(0.18301270189222,-0.68301270189222,0.707106781186547));
#1959=DIRECTION('',(-0.353553390593274,0.612372435695795,-0.707106781186547));
#1960=DIRECTION('center_axis',(0.,0.,-1.));
#1961=DIRECTION('ref_axis',(-1.,0.,0.));
#1962=DIRECTION('center_axis',(0.,0.,-1.));
#1963=DIRECTION('ref_axis',(-1.,0.,0.));
#1964=DIRECTION('',(0.5,-0.5,0.707106781186547));
#1965=DIRECTION('',(-0.612372435695795,0.353553390593274,-0.707106781186547));
#1966=DIRECTION('center_axis',(0.,0.,-1.));
#1967=DIRECTION('ref_axis',(-1.,0.,0.));
#1968=DIRECTION('center_axis',(0.,0.,-1.));
#1969=DIRECTION('ref_axis',(-1.,0.,0.));
#1970=DIRECTION('',(0.683012701892219,-0.183012701892219,0.707106781186547));
#1971=DIRECTION('',(-0.707106781186548,1.57009245868377E-16,-0.707106781186548));
#1972=DIRECTION('center_axis',(0.,0.,-1.));
#1973=DIRECTION('ref_axis',(-1.,0.,0.));
#1974=DIRECTION('center_axis',(0.,0.,-1.));
#1975=DIRECTION('ref_axis',(-1.,0.,0.));
#1976=DIRECTION('',(0.683012701892219,0.183012701892219,0.707106781186547));
#1977=DIRECTION('',(-0.612372435695794,-0.353553390593274,-0.707106781186548));
#1978=DIRECTION('center_axis',(0.,0.,-1.));
#1979=DIRECTION('ref_axis',(-1.,0.,0.));
#1980=DIRECTION('center_axis',(0.,0.,-1.));
#1981=DIRECTION('ref_axis',(-1.,0.,0.));
#1982=DIRECTION('',(0.5,0.5,0.707106781186547));
#1983=DIRECTION('',(-0.353553390593274,-0.612372435695795,-0.707106781186547));
#1984=DIRECTION('center_axis',(0.,0.,-1.));
#1985=DIRECTION('ref_axis',(-1.,0.,0.));
#1986=DIRECTION('center_axis',(0.,0.,-1.));
#1987=DIRECTION('ref_axis',(-1.,0.,0.));
#1988=DIRECTION('',(0.183012701892219,0.683012701892219,0.707106781186547));
#1989=DIRECTION('',(0.,-0.707106781186548,-0.707106781186548));
#1990=DIRECTION('center_axis',(0.,0.,-1.));
#1991=DIRECTION('ref_axis',(-1.,0.,0.));
#1992=DIRECTION('center_axis',(0.,0.,-1.));
#1993=DIRECTION('ref_axis',(1.,0.,0.));
#1994=DIRECTION('',(-0.68301270189222,-0.18301270189222,0.707106781186547));
#1995=DIRECTION('',(0.612372435695795,0.353553390593274,-0.707106781186547));
#1996=DIRECTION('center_axis',(0.,0.,-1.));
#1997=DIRECTION('ref_axis',(1.,0.,0.));
#1998=DIRECTION('center_axis',(0.,0.,-1.));
#1999=DIRECTION('ref_axis',(1.,0.,0.));
#2000=DIRECTION('',(-0.683012701892219,0.183012701892219,0.707106781186548));
#2001=DIRECTION('',(0.707106781186547,1.57009245868377E-16,-0.707106781186548));
#2002=DIRECTION('center_axis',(0.,0.,-1.));
#2003=DIRECTION('ref_axis',(1.,0.,0.));
#2004=DIRECTION('center_axis',(0.,0.,-1.));
#2005=DIRECTION('ref_axis',(1.,0.,0.));
#2006=DIRECTION('',(-0.5,0.5,0.707106781186548));
#2007=DIRECTION('',(0.612372435695795,-0.353553390593273,-0.707106781186548));
#2008=DIRECTION('center_axis',(0.,0.,-1.));
#2009=DIRECTION('ref_axis',(1.,0.,0.));
#2010=DIRECTION('center_axis',(0.,0.,-1.));
#2011=DIRECTION('ref_axis',(1.,0.,0.));
#2012=DIRECTION('',(-0.18301270189222,0.68301270189222,0.707106781186547));
#2013=DIRECTION('',(0.353553390593274,-0.612372435695795,-0.707106781186547));
#2014=DIRECTION('center_axis',(0.,0.,-1.));
#2015=DIRECTION('ref_axis',(1.,0.,0.));
#2016=DIRECTION('center_axis',(0.,0.,1.));
#2017=DIRECTION('ref_axis',(-1.,0.,0.));
#2018=DIRECTION('',(0.519615242270663,0.3,-0.8));
#2019=DIRECTION('center_axis',(0.,0.,-1.));
#2020=DIRECTION('ref_axis',(-1.,0.,0.));
#2021=DIRECTION('',(-0.579555495773441,-0.155291427061512,0.8));
#2022=DIRECTION('center_axis',(0.,0.,1.));
#2023=DIRECTION('ref_axis',(-1.,0.,0.));
#2024=DIRECTION('center_axis',(0.,0.,-1.));
#2025=DIRECTION('ref_axis',(1.,0.,0.));
#2026=DIRECTION('center_axis',(0.,0.,1.));
#2027=DIRECTION('ref_axis',(1.,0.,0.));
#2028=DIRECTION('center_axis',(0.,0.,-1.));
#2029=DIRECTION('ref_axis',(-1.,0.,0.));
#2030=DIRECTION('center_axis',(0.,0.,1.));
#2031=DIRECTION('ref_axis',(1.,0.,0.));
#2032=DIRECTION('center_axis',(0.,0.,-1.));
#2033=DIRECTION('ref_axis',(-1.,0.,0.));
#2034=DIRECTION('center_axis',(0.,0.,1.));
#2035=DIRECTION('ref_axis',(1.,0.,0.));
#2036=DIRECTION('center_axis',(0.,0.,-1.));
#2037=DIRECTION('ref_axis',(1.,0.,0.));
#2038=DIRECTION('center_axis',(0.,0.,1.));
#2039=DIRECTION('ref_axis',(1.,0.,0.));
#2040=DIRECTION('center_axis',(0.,0.,-1.));
#2041=DIRECTION('ref_axis',(1.,0.,0.));
#2042=DIRECTION('center_axis',(0.,0.,1.));
#2043=DIRECTION('ref_axis',(1.,0.,0.));
#2044=DIRECTION('center_axis',(0.,0.,-1.));
#2045=DIRECTION('ref_axis',(1.,0.,0.));
#2046=DIRECTION('center_axis',(0.,0.,1.));
#2047=DIRECTION('ref_axis',(1.,0.,0.));
#2048=DIRECTION('center_axis',(0.,0.,-1.));
#2049=DIRECTION('ref_axis',(1.,0.,0.));
#2050=DIRECTION('center_axis',(0.,0.,1.));
#2051=DIRECTION('ref_axis',(1.,0.,0.));
#2052=DIRECTION('center_axis',(0.,0.,-1.));
#2053=DIRECTION('ref_axis',(1.,0.,0.));
#2054=DIRECTION('center_axis',(0.,0.,1.));
#2055=DIRECTION('ref_axis',(1.,0.,0.));
#2056=DIRECTION('center_axis',(0.,0.,-1.));
#2057=DIRECTION('ref_axis',(1.,0.,0.));
#2058=DIRECTION('center_axis',(0.,0.,1.));
#2059=DIRECTION('ref_axis',(1.,0.,0.));
#2060=DIRECTION('center_axis',(0.,0.,-1.));
#2061=DIRECTION('ref_axis',(-1.,0.,0.));
#2062=DIRECTION('center_axis',(0.,0.,1.));
#2063=DIRECTION('ref_axis',(1.,0.,0.));
#2064=DIRECTION('center_axis',(0.,0.,-1.));
#2065=DIRECTION('ref_axis',(-1.,0.,0.));
#2066=DIRECTION('center_axis',(0.,0.,1.));
#2067=DIRECTION('ref_axis',(1.,0.,0.));
#2068=DIRECTION('center_axis',(0.,0.,-1.));
#2069=DIRECTION('ref_axis',(-1.,0.,0.));
#2070=DIRECTION('center_axis',(0.,0.,1.));
#2071=DIRECTION('ref_axis',(1.,0.,0.));
#2072=DIRECTION('center_axis',(0.,0.,1.));
#2073=DIRECTION('ref_axis',(1.,0.,0.));
#2074=DIRECTION('center_axis',(0.,0.,1.));
#2075=DIRECTION('ref_axis',(-1.,0.,0.));
#2076=DIRECTION('center_axis',(0.,0.,1.));
#2077=DIRECTION('ref_axis',(-1.,0.,0.));
#2078=DIRECTION('center_axis',(0.,0.,1.));
#2079=DIRECTION('ref_axis',(-1.,0.,0.));
#2080=DIRECTION('center_axis',(0.,0.,1.));
#2081=DIRECTION('ref_axis',(-1.,0.,0.));
#2082=DIRECTION('center_axis',(0.,0.,1.));
#2083=DIRECTION('ref_axis',(-1.,0.,0.));
#2084=DIRECTION('',(0.3,0.519615242270663,-0.8));
#2085=DIRECTION('',(-0.424264068711928,-0.424264068711928,0.8));
#2086=DIRECTION('center_axis',(0.,0.,1.));
#2087=DIRECTION('ref_axis',(-1.,0.,0.));
#2088=DIRECTION('center_axis',(0.,0.,1.));
#2089=DIRECTION('ref_axis',(-1.,0.,0.));
#2090=DIRECTION('',(0.,0.6,-0.8));
#2091=DIRECTION('',(-0.155291427061512,-0.579555495773441,0.8));
#2092=DIRECTION('center_axis',(0.,0.,1.));
#2093=DIRECTION('ref_axis',(-1.,0.,0.));
#2094=DIRECTION('center_axis',(0.,0.,1.));
#2095=DIRECTION('ref_axis',(1.,0.,0.));
#2096=DIRECTION('',(-0.3,0.519615242270663,-0.8));
#2097=DIRECTION('',(0.155291427061513,-0.579555495773441,0.8));
#2098=DIRECTION('center_axis',(0.,0.,1.));
#2099=DIRECTION('ref_axis',(1.,0.,0.));
#2100=DIRECTION('center_axis',(0.,0.,1.));
#2101=DIRECTION('ref_axis',(-1.,0.,0.));
#2102=DIRECTION('',(0.6,-1.33226762955019E-16,-0.8));
#2103=DIRECTION('',(-0.579555495773441,0.155291427061512,0.8));
#2104=DIRECTION('center_axis',(0.,0.,1.));
#2105=DIRECTION('ref_axis',(-1.,0.,0.));
#2106=DIRECTION('center_axis',(0.,0.,1.));
#2107=DIRECTION('ref_axis',(-1.,0.,0.));
#2108=DIRECTION('',(0.519615242270663,-0.3,-0.8));
#2109=DIRECTION('',(-0.424264068711928,0.424264068711928,0.8));
#2110=DIRECTION('center_axis',(0.,0.,1.));
#2111=DIRECTION('ref_axis',(-1.,0.,0.));
#2112=DIRECTION('center_axis',(0.,0.,1.));
#2113=DIRECTION('ref_axis',(-1.,0.,0.));
#2114=DIRECTION('',(0.3,-0.519615242270663,-0.8));
#2115=DIRECTION('',(-0.155291427061513,0.579555495773441,0.8));
#2116=DIRECTION('center_axis',(0.,0.,1.));
#2117=DIRECTION('ref_axis',(-1.,0.,0.));
#2118=DIRECTION('center_axis',(0.,0.,1.));
#2119=DIRECTION('ref_axis',(1.,0.,0.));
#2120=DIRECTION('',(7.34788079488412E-17,-0.6,-0.8));
#2121=DIRECTION('',(0.155291427061512,0.579555495773441,0.8));
#2122=DIRECTION('center_axis',(0.,0.,1.));
#2123=DIRECTION('ref_axis',(1.,0.,0.));
#2124=DIRECTION('center_axis',(0.,0.,1.));
#2125=DIRECTION('ref_axis',(1.,0.,0.));
#2126=DIRECTION('',(-0.519615242270663,0.3,-0.8));
#2127=DIRECTION('',(0.424264068711929,-0.424264068711928,0.8));
#2128=DIRECTION('center_axis',(0.,0.,1.));
#2129=DIRECTION('ref_axis',(1.,0.,0.));
#2130=DIRECTION('center_axis',(0.,0.,1.));
#2131=DIRECTION('ref_axis',(1.,0.,0.));
#2132=DIRECTION('',(-0.6,-1.33226762955019E-16,-0.8));
#2133=DIRECTION('',(0.579555495773441,-0.155291427061512,0.8));
#2134=DIRECTION('center_axis',(0.,0.,1.));
#2135=DIRECTION('ref_axis',(1.,0.,0.));
#2136=DIRECTION('center_axis',(0.,0.,1.));
#2137=DIRECTION('ref_axis',(1.,0.,0.));
#2138=DIRECTION('',(-0.519615242270663,-0.3,-0.8));
#2139=DIRECTION('',(0.579555495773441,0.155291427061513,0.8));
#2140=DIRECTION('center_axis',(0.,0.,1.));
#2141=DIRECTION('ref_axis',(1.,0.,0.));
#2142=DIRECTION('center_axis',(0.,0.,1.));
#2143=DIRECTION('ref_axis',(1.,0.,0.));
#2144=DIRECTION('',(-0.3,-0.519615242270663,-0.8));
#2145=DIRECTION('',(0.424264068711928,0.424264068711929,0.8));
#2146=DIRECTION('center_axis',(0.,0.,1.));
#2147=DIRECTION('ref_axis',(1.,0.,0.));
#2148=DIRECTION('center_axis',(2.22044604925031E-16,1.,0.));
#2149=DIRECTION('ref_axis',(-1.,2.22044604925031E-16,0.));
#2150=DIRECTION('',(0.,0.,1.));
#2151=DIRECTION('',(0.,0.,1.));
#2152=DIRECTION('center_axis',(0.,0.,1.));
#2153=DIRECTION('ref_axis',(1.,0.,0.));
#2154=DIRECTION('',(0.,0.,1.));
#2155=DIRECTION('center_axis',(0.258819045102521,-0.965925826289068,0.));
#2156=DIRECTION('ref_axis',(0.965925826289068,0.258819045102521,0.));
#2157=DIRECTION('',(0.,0.,1.));
#2158=DIRECTION('center_axis',(0.866025403784439,-0.5,0.));
#2159=DIRECTION('ref_axis',(0.5,0.866025403784439,0.));
#2160=DIRECTION('',(0.,0.,1.));
#2161=DIRECTION('',(0.,0.,1.));
#2162=DIRECTION('center_axis',(0.,0.,1.));
#2163=DIRECTION('ref_axis',(1.,0.,0.));
#2164=DIRECTION('',(0.,0.,1.));
#2165=DIRECTION('center_axis',(-0.965925826289068,0.25881904510252,0.));
#2166=DIRECTION('ref_axis',(-0.25881904510252,-0.965925826289068,0.));
#2167=DIRECTION('',(0.,0.,1.));
#2168=DIRECTION('center_axis',(-0.866025403784438,-0.5,0.));
#2169=DIRECTION('ref_axis',(0.5,-0.866025403784438,0.));
#2170=DIRECTION('',(0.,0.,1.));
#2171=DIRECTION('',(0.,0.,1.));
#2172=DIRECTION('center_axis',(0.,0.,1.));
#2173=DIRECTION('ref_axis',(1.,0.,0.));
#2174=DIRECTION('',(0.,0.,1.));
#2175=DIRECTION('center_axis',(0.707106781186547,0.707106781186548,0.));
#2176=DIRECTION('ref_axis',(-0.707106781186548,0.707106781186547,0.));
#2177=DIRECTION('',(0.,0.,1.));
#2178=DIRECTION('center_axis',(-0.499999999999999,-0.866025403784439,0.));
#2179=DIRECTION('ref_axis',(0.866025403784439,-0.499999999999999,0.));
#2180=DIRECTION('',(0.,0.,1.));
#2181=DIRECTION('',(0.,0.,1.));
#2182=DIRECTION('center_axis',(0.,0.,1.));
#2183=DIRECTION('ref_axis',(1.,0.,0.));
#2184=DIRECTION('',(0.,0.,1.));
#2185=DIRECTION('center_axis',(0.25881904510252,0.965925826289069,0.));
#2186=DIRECTION('ref_axis',(-0.965925826289068,0.25881904510252,0.));
#2187=DIRECTION('',(0.,0.,1.));
#2188=DIRECTION('center_axis',(1.,1.22464679914735E-16,0.));
#2189=DIRECTION('ref_axis',(-1.22464679914735E-16,1.,0.));
#2190=DIRECTION('',(0.,0.,1.));
#2191=DIRECTION('',(0.,0.,1.));
#2192=DIRECTION('center_axis',(0.,0.,1.));
#2193=DIRECTION('ref_axis',(1.,0.,0.));
#2194=DIRECTION('',(0.,0.,1.));
#2195=DIRECTION('center_axis',(-0.965925826289068,-0.258819045102521,0.));
#2196=DIRECTION('ref_axis',(0.258819045102521,-0.965925826289068,0.));
#2197=DIRECTION('',(0.,0.,1.));
#2198=DIRECTION('center_axis',(-0.5,0.866025403784439,0.));
#2199=DIRECTION('ref_axis',(-0.866025403784439,-0.5,0.));
#2200=DIRECTION('',(0.,0.,1.));
#2201=DIRECTION('',(0.,0.,1.));
#2202=DIRECTION('center_axis',(0.,0.,1.));
#2203=DIRECTION('ref_axis',(1.,0.,0.));
#2204=DIRECTION('',(0.,0.,1.));
#2205=DIRECTION('center_axis',(0.707106781186547,-0.707106781186548,0.));
#2206=DIRECTION('ref_axis',(0.707106781186548,0.707106781186547,0.));
#2207=DIRECTION('',(0.,0.,1.));
#2208=DIRECTION('center_axis',(0.5,0.866025403784439,0.));
#2209=DIRECTION('ref_axis',(-0.866025403784439,0.5,0.));
#2210=DIRECTION('',(0.,0.,1.));
#2211=DIRECTION('',(0.,0.,1.));
#2212=DIRECTION('center_axis',(0.,0.,1.));
#2213=DIRECTION('ref_axis',(1.,0.,0.));
#2214=DIRECTION('',(0.,0.,1.));
#2215=DIRECTION('center_axis',(-0.258819045102521,-0.965925826289068,0.));
#2216=DIRECTION('ref_axis',(0.965925826289068,-0.258819045102521,0.));
#2217=DIRECTION('',(0.,0.,1.));
#2218=DIRECTION('center_axis',(0.5,-0.866025403784438,0.));
#2219=DIRECTION('ref_axis',(0.866025403784438,0.5,0.));
#2220=DIRECTION('',(0.,0.,1.));
#2221=DIRECTION('',(0.,0.,1.));
#2222=DIRECTION('center_axis',(0.,0.,1.));
#2223=DIRECTION('ref_axis',(1.,0.,0.));
#2224=DIRECTION('',(0.,0.,1.));
#2225=DIRECTION('center_axis',(-0.707106781186548,0.707106781186547,0.));
#2226=DIRECTION('ref_axis',(-0.707106781186547,-0.707106781186548,0.));
#2227=DIRECTION('',(0.,0.,1.));
#2228=DIRECTION('center_axis',(0.,0.,1.));
#2229=DIRECTION('ref_axis',(1.,0.,0.));
#2230=DIRECTION('',(0.,0.,1.));
#2231=DIRECTION('',(0.,0.,1.));
#2232=DIRECTION('center_axis',(0.965925826289068,0.258819045102522,0.));
#2233=DIRECTION('ref_axis',(-0.258819045102522,0.965925826289068,0.));
#2234=DIRECTION('',(0.,0.,1.));
#2235=DIRECTION('center_axis',(-1.,0.,0.));
#2236=DIRECTION('ref_axis',(0.,-1.,0.));
#2237=DIRECTION('',(0.,0.,1.));
#2238=DIRECTION('center_axis',(2.22044604925031E-16,-1.,0.));
#2239=DIRECTION('ref_axis',(1.,2.22044604925031E-16,0.));
#2240=DIRECTION('',(0.,0.,1.));
#2241=DIRECTION('',(0.,0.,1.));
#2242=DIRECTION('center_axis',(0.,0.,1.));
#2243=DIRECTION('ref_axis',(1.,0.,0.));
#2244=DIRECTION('',(0.,0.,1.));
#2245=DIRECTION('center_axis',(-0.258819045102521,0.965925826289068,0.));
#2246=DIRECTION('ref_axis',(-0.965925826289068,-0.258819045102521,0.));
#2247=DIRECTION('',(0.,0.,1.));
#2248=DIRECTION('center_axis',(0.866025403784438,0.5,0.));
#2249=DIRECTION('ref_axis',(-0.5,0.866025403784438,0.));
#2250=DIRECTION('',(0.,0.,1.));
#2251=DIRECTION('',(0.,0.,1.));
#2252=DIRECTION('center_axis',(0.,0.,1.));
#2253=DIRECTION('ref_axis',(1.,0.,0.));
#2254=DIRECTION('',(0.,0.,1.));
#2255=DIRECTION('center_axis',(-0.707106781186547,-0.707106781186548,0.));
#2256=DIRECTION('ref_axis',(0.707106781186548,-0.707106781186547,0.));
#2257=DIRECTION('',(0.,0.,1.));
#2258=DIRECTION('center_axis',(-0.866025403784439,0.5,0.));
#2259=DIRECTION('ref_axis',(-0.5,-0.866025403784439,0.));
#2260=DIRECTION('',(0.,0.,1.));
#2261=DIRECTION('',(0.,0.,1.));
#2262=DIRECTION('center_axis',(0.,0.,1.));
#2263=DIRECTION('ref_axis',(1.,0.,0.));
#2264=DIRECTION('',(0.,0.,1.));
#2265=DIRECTION('center_axis',(0.965925826289068,-0.258819045102521,0.));
#2266=DIRECTION('ref_axis',(0.258819045102521,0.965925826289068,0.));
#2267=DIRECTION('',(0.,0.,1.));
#2268=DIRECTION('center_axis',(0.,0.,-1.));
#2269=DIRECTION('ref_axis',(1.,0.,0.));
#2270=DIRECTION('',(0.,0.,-1.));
#2271=DIRECTION('',(0.,0.,-1.));
#2272=DIRECTION('center_axis',(0.,0.,1.));
#2273=DIRECTION('ref_axis',(1.,0.,0.));
#2274=DIRECTION('center_axis',(0.,0.,1.));
#2275=DIRECTION('ref_axis',(-1.,0.,0.));
#2276=DIRECTION('center_axis',(0.,0.,-1.));
#2277=DIRECTION('ref_axis',(-1.,0.,0.));
#2278=DIRECTION('center_axis',(0.,0.,1.));
#2279=DIRECTION('ref_axis',(-1.,0.,0.));
#2280=DIRECTION('center_axis',(0.,0.,1.));
#2281=DIRECTION('ref_axis',(-1.,0.,0.));
#2282=DIRECTION('center_axis',(0.,0.,-1.));
#2283=DIRECTION('ref_axis',(-1.,0.,0.));
#2284=DIRECTION('center_axis',(0.,0.,1.));
#2285=DIRECTION('ref_axis',(-1.,0.,0.));
#2286=DIRECTION('center_axis',(0.,0.,1.));
#2287=DIRECTION('ref_axis',(-1.,0.,0.));
#2288=DIRECTION('center_axis',(0.,0.,-1.));
#2289=DIRECTION('ref_axis',(-1.,0.,0.));
#2290=DIRECTION('center_axis',(0.,0.,1.));
#2291=DIRECTION('ref_axis',(-1.,0.,0.));
#2292=DIRECTION('center_axis',(0.,0.,1.));
#2293=DIRECTION('ref_axis',(-1.,0.,0.));
#2294=DIRECTION('center_axis',(0.,0.,-1.));
#2295=DIRECTION('ref_axis',(-1.,0.,0.));
#2296=DIRECTION('center_axis',(0.,0.,1.));
#2297=DIRECTION('ref_axis',(-1.,0.,0.));
#2298=DIRECTION('center_axis',(0.,0.,1.));
#2299=DIRECTION('ref_axis',(1.,0.,0.));
#2300=DIRECTION('',(0.,0.,1.));
#2301=DIRECTION('center_axis',(0.,0.,1.));
#2302=DIRECTION('ref_axis',(1.,0.,0.));
#2303=DIRECTION('center_axis',(0.,0.,1.));
#2304=DIRECTION('ref_axis',(1.,0.,0.));
#2305=DIRECTION('',(0.,0.,-1.));
#2306=DIRECTION('center_axis',(0.,0.,1.));
#2307=DIRECTION('ref_axis',(1.,0.,0.));
#2308=DIRECTION('center_axis',(0.,0.,1.));
#2309=DIRECTION('ref_axis',(1.,0.,0.));
#2310=DIRECTION('',(0.,0.,-1.));
#2311=DIRECTION('center_axis',(0.,0.,-1.));
#2312=DIRECTION('ref_axis',(1.,0.,0.));
#2313=DIRECTION('center_axis',(0.,0.,-1.));
#2314=DIRECTION('ref_axis',(-1.,0.,0.));
#2315=DIRECTION('',(0.,0.,-1.));
#2316=DIRECTION('center_axis',(0.,0.,-1.));
#2317=DIRECTION('ref_axis',(-1.,0.,0.));
#2318=DIRECTION('',(0.,0.,-1.));
#2319=DIRECTION('center_axis',(0.,0.,-1.));
#2320=DIRECTION('ref_axis',(-1.,0.,0.));
#2321=DIRECTION('',(0.,0.,-1.));
#2322=DIRECTION('center_axis',(0.,0.,-1.));
#2323=DIRECTION('ref_axis',(-1.,0.,0.));
#2324=DIRECTION('',(0.,0.,-1.));
#2325=DIRECTION('center_axis',(0.,0.,-1.));
#2326=DIRECTION('ref_axis',(-1.,0.,0.));
#2327=DIRECTION('',(0.,0.,-1.));
#2328=DIRECTION('center_axis',(0.,0.,-1.));
#2329=DIRECTION('ref_axis',(-1.,0.,0.));
#2330=DIRECTION('',(0.,0.,-1.));
#2331=DIRECTION('center_axis',(0.,0.,-1.));
#2332=DIRECTION('ref_axis',(-1.,0.,0.));
#2333=DIRECTION('',(0.,0.,-1.));
#2334=DIRECTION('center_axis',(0.,0.,-1.));
#2335=DIRECTION('ref_axis',(-1.,0.,0.));
#2336=DIRECTION('',(0.,0.,-1.));
#2337=DIRECTION('center_axis',(0.,0.,1.));
#2338=DIRECTION('ref_axis',(1.,0.,0.));
#2339=DIRECTION('',(0.,0.,1.));
#2340=DIRECTION('center_axis',(0.,0.,1.));
#2341=DIRECTION('ref_axis',(1.,0.,0.));
#2342=DIRECTION('center_axis',(0.,0.,1.));
#2343=DIRECTION('ref_axis',(1.,0.,0.));
#2344=CARTESIAN_POINT('',(0.,0.,0.));
#2345=CARTESIAN_POINT('Origin',(0.,0.,22.5));
#2346=CARTESIAN_POINT('',(-25.85,2.22044604925031E-15,26.5));
#2347=CARTESIAN_POINT('Origin',(0.,0.,26.5));
#2348=CARTESIAN_POINT('',(-25.85,3.16571197579591E-15,24.5));
#2349=CARTESIAN_POINT('',(-25.85,-3.16571197579591E-15,22.5));
#2350=CARTESIAN_POINT('Origin',(0.,0.,24.5));
#2351=CARTESIAN_POINT('Origin',(0.,0.,26.5));
#2352=CARTESIAN_POINT('',(-22.5,2.75545529808154E-15,26.5));
#2353=CARTESIAN_POINT('Origin',(0.,0.,26.5));
#2354=CARTESIAN_POINT('Origin',(0.,0.,24.5));
#2355=CARTESIAN_POINT('',(-27.75,3.39839486763391E-15,24.5));
#2356=CARTESIAN_POINT('Origin',(0.,0.,24.5));
#2357=CARTESIAN_POINT('Origin',(0.,0.,10.));
#2358=CARTESIAN_POINT('',(-17.25,-2.11251572852918E-15,10.));
#2359=CARTESIAN_POINT('Origin',(0.,0.,10.));
#2360=CARTESIAN_POINT('',(-3.25,-3.9801020972289E-16,10.));
#2361=CARTESIAN_POINT('Origin',(0.,0.,10.));
#2362=CARTESIAN_POINT('',(9.30000011920929,-1.61715278198087E-15,10.));
#2363=CARTESIAN_POINT('Origin',(8.00000011920929,-1.77635686587003E-15,
10.));
#2364=CARTESIAN_POINT('',(1.3,-8.00000011920929,10.));
#2365=CARTESIAN_POINT('Origin',(-9.7971745391681E-16,-8.00000011920929,
10.));
#2366=CARTESIAN_POINT('',(1.3,8.00000011920929,10.));
#2367=CARTESIAN_POINT('Origin',(0.,8.00000011920929,10.));
#2368=CARTESIAN_POINT('',(-6.70000011920929,-1.61715278198087E-15,10.));
#2369=CARTESIAN_POINT('Origin',(-8.00000011920929,-1.77635686587003E-15,
10.));
#2370=CARTESIAN_POINT('Origin',(0.,0.,5.5));
#2371=CARTESIAN_POINT('',(15.9099025766973,15.9099025766973,4.));
#2372=CARTESIAN_POINT('',(13.7885822331377,13.7885822331377,7.));
#2373=CARTESIAN_POINT('',(14.8492424049175,14.8492424049175,5.5));
#2374=CARTESIAN_POINT('',(9.74999999999999,16.8874953737966,7.));
#2375=CARTESIAN_POINT('Origin',(0.,0.,7.));
#2376=CARTESIAN_POINT('',(11.25,19.4855715851499,4.));
#2377=CARTESIAN_POINT('',(10.5,18.1865334794732,5.5));
#2378=CARTESIAN_POINT('Origin',(0.,0.,4.));
#2379=CARTESIAN_POINT('Origin',(0.,0.,7.));
#2380=CARTESIAN_POINT('',(12.7279222510187,12.7279222510187,7.));
#2381=CARTESIAN_POINT('',(7.95495128834865,7.95495128834866,7.));
#2382=CARTESIAN_POINT('',(15.588457500406,9.00000013411045,7.));
#2383=CARTESIAN_POINT('Origin',(0.,0.,7.));
#2384=CARTESIAN_POINT('',(16.8874953737965,9.75000000000001,7.));
#2385=CARTESIAN_POINT('',(7.794228750203,4.50000006705523,7.));
#2386=CARTESIAN_POINT('',(18.8355536126368,5.04697137949917,7.));
#2387=CARTESIAN_POINT('Origin',(0.,0.,7.));
#2388=CARTESIAN_POINT('',(17.3866651322847,4.65874288126606,7.));
#2389=CARTESIAN_POINT('',(10.866665545752,2.91171425740337,7.));
#2390=CARTESIAN_POINT('',(18.0000002682209,3.99680294820757E-15,7.));
#2391=CARTESIAN_POINT('Origin',(0.,0.,7.));
#2392=CARTESIAN_POINT('',(19.5,4.32986979603811E-15,7.));
#2393=CARTESIAN_POINT('',(9.00000013411045,1.99840147410378E-15,7.));
#2394=CARTESIAN_POINT('',(18.8355536126368,-5.04697137949914,7.));
#2395=CARTESIAN_POINT('Origin',(0.,0.,7.));
#2396=CARTESIAN_POINT('',(17.3866651322847,-4.65874288126604,7.));
#2397=CARTESIAN_POINT('',(10.866665545752,-2.91171425740335,7.));
#2398=CARTESIAN_POINT('',(15.588457500406,-9.00000013411044,7.));
#2399=CARTESIAN_POINT('Origin',(0.,0.,7.));
#2400=CARTESIAN_POINT('',(16.8874953737966,-9.74999999999999,7.));
#2401=CARTESIAN_POINT('',(7.79422875020301,-4.50000006705522,7.));
#2402=CARTESIAN_POINT('',(13.7885822331377,-13.7885822331377,7.));
#2403=CARTESIAN_POINT('Origin',(0.,0.,7.));
#2404=CARTESIAN_POINT('',(12.7279222510187,-12.7279222510187,7.));
#2405=CARTESIAN_POINT('',(7.95495128834866,-7.95495128834866,7.));
#2406=CARTESIAN_POINT('',(9.00000013411046,-15.588457500406,7.));
#2407=CARTESIAN_POINT('Origin',(0.,0.,7.));
#2408=CARTESIAN_POINT('',(9.75000000000001,-16.8874953737965,7.));
#2409=CARTESIAN_POINT('',(4.50000006705523,-7.794228750203,7.));
#2410=CARTESIAN_POINT('',(5.04697137949917,-18.8355536126368,7.));
#2411=CARTESIAN_POINT('Origin',(0.,0.,7.));
#2412=CARTESIAN_POINT('',(4.65874288126607,-17.3866651322847,7.));
#2413=CARTESIAN_POINT('',(2.91171425740337,-10.866665545752,7.));
#2414=CARTESIAN_POINT('',(1.10218213565641E-15,-18.0000002682209,7.));
#2415=CARTESIAN_POINT('Origin',(0.,0.,7.));
#2416=CARTESIAN_POINT('',(0.,-19.5,7.));
#2417=CARTESIAN_POINT('',(0.,-9.00000013411045,7.));
#2418=CARTESIAN_POINT('',(-5.04697137949915,-18.8355536126368,7.));
#2419=CARTESIAN_POINT('Origin',(0.,0.,7.));
#2420=CARTESIAN_POINT('',(-4.65874288126605,-17.3866651322847,7.));
#2421=CARTESIAN_POINT('',(-2.91171425740336,-10.866665545752,7.));
#2422=CARTESIAN_POINT('',(-9.00000013411045,-15.588457500406,7.));
#2423=CARTESIAN_POINT('Origin',(0.,0.,7.));
#2424=CARTESIAN_POINT('',(-9.75,-16.8874953737966,7.));
#2425=CARTESIAN_POINT('',(-4.50000006705522,-7.79422875020301,7.));
#2426=CARTESIAN_POINT('',(-13.7885822331377,-13.7885822331377,7.));
#2427=CARTESIAN_POINT('Origin',(0.,0.,7.));
#2428=CARTESIAN_POINT('',(-12.7279222510187,-12.7279222510187,7.));
#2429=CARTESIAN_POINT('',(-7.95495128834866,-7.95495128834866,7.));
#2430=CARTESIAN_POINT('',(-15.588457500406,-9.00000013411045,7.));
#2431=CARTESIAN_POINT('Origin',(0.,0.,7.));
#2432=CARTESIAN_POINT('',(-16.8874953737966,-9.75,7.));
#2433=CARTESIAN_POINT('',(-7.79422875020301,-4.50000006705523,7.));
#2434=CARTESIAN_POINT('',(-18.8355536126368,-5.04697137949916,7.));
#2435=CARTESIAN_POINT('Origin',(0.,0.,7.));
#2436=CARTESIAN_POINT('',(-17.3866651322847,-4.65874288126605,7.));
#2437=CARTESIAN_POINT('',(-10.866665545752,-2.91171425740336,7.));
#2438=CARTESIAN_POINT('',(-18.0000002682209,3.99680294820757E-15,7.));
#2439=CARTESIAN_POINT('Origin',(0.,0.,7.));
#2440=CARTESIAN_POINT('',(-19.5,4.32986979603811E-15,7.));
#2441=CARTESIAN_POINT('',(-9.00000013411045,1.99840147410378E-15,7.));
#2442=CARTESIAN_POINT('',(-18.8355536126368,5.04697137949915,7.));
#2443=CARTESIAN_POINT('Origin',(0.,0.,7.));
#2444=CARTESIAN_POINT('',(-17.3866651322847,4.65874288126605,7.));
#2445=CARTESIAN_POINT('',(-10.866665545752,2.91171425740336,7.));
#2446=CARTESIAN_POINT('',(-15.588457500406,9.00000013411045,7.));
#2447=CARTESIAN_POINT('Origin',(0.,0.,7.));
#2448=CARTESIAN_POINT('',(-16.8874953737966,9.74999999999999,7.));
#2449=CARTESIAN_POINT('',(-7.79422875020301,4.50000006705522,7.));
#2450=CARTESIAN_POINT('',(-13.7885822331377,13.7885822331377,7.));
#2451=CARTESIAN_POINT('Origin',(0.,0.,7.));
#2452=CARTESIAN_POINT('',(-12.7279222510187,12.7279222510187,7.));
#2453=CARTESIAN_POINT('',(-7.95495128834866,7.95495128834866,7.));
#2454=CARTESIAN_POINT('',(-9.00000013411046,15.588457500406,7.));
#2455=CARTESIAN_POINT('Origin',(0.,0.,7.));
#2456=CARTESIAN_POINT('',(-9.75000000000001,16.8874953737965,7.));
#2457=CARTESIAN_POINT('',(-4.50000006705523,7.794228750203,7.));
#2458=CARTESIAN_POINT('',(-5.04697137949916,18.8355536126368,7.));
#2459=CARTESIAN_POINT('Origin',(0.,0.,7.));
#2460=CARTESIAN_POINT('',(-4.65874288126606,17.3866651322847,7.));
#2461=CARTESIAN_POINT('',(-2.91171425740336,10.866665545752,7.));
#2462=CARTESIAN_POINT('',(-2.20436427131282E-15,18.0000002682209,7.));
#2463=CARTESIAN_POINT('Origin',(0.,0.,7.));
#2464=CARTESIAN_POINT('',(-2.38806125833734E-15,19.5,7.));
#2465=CARTESIAN_POINT('',(-1.10218213565641E-15,9.00000013411045,7.));
#2466=CARTESIAN_POINT('',(5.04697137949915,18.8355536126368,7.));
#2467=CARTESIAN_POINT('Origin',(0.,0.,7.));
#2468=CARTESIAN_POINT('',(4.65874288126604,17.3866651322847,7.));
#2469=CARTESIAN_POINT('',(2.91171425740335,10.866665545752,7.));
#2470=CARTESIAN_POINT('',(9.00000013411045,15.588457500406,7.));
#2471=CARTESIAN_POINT('Origin',(0.,0.,7.));
#2472=CARTESIAN_POINT('',(4.50000006705522,7.79422875020301,7.));
#2473=CARTESIAN_POINT('',(-17.25,2.11251572852918E-15,7.));
#2474=CARTESIAN_POINT('Origin',(0.,0.,7.));
#2475=CARTESIAN_POINT('Origin',(0.,0.,5.5));
#2476=CARTESIAN_POINT('',(5.82342851480671,21.733331091504,4.));
#2477=CARTESIAN_POINT('',(5.43519994715293,20.2844423520704,5.5));
#2478=CARTESIAN_POINT('',(-3.61827596177243E-15,22.5,4.));
#2479=CARTESIAN_POINT('',(-2.57175827820944E-15,21.,5.5));
#2480=CARTESIAN_POINT('Origin',(0.,0.,4.));
#2481=CARTESIAN_POINT('Origin',(0.,0.,5.5));
#2482=CARTESIAN_POINT('',(-5.82342851480673,21.733331091504,4.));
#2483=CARTESIAN_POINT('',(-5.43519994715294,20.2844423520704,5.5));
#2484=CARTESIAN_POINT('',(-11.25,19.4855715851499,4.));
#2485=CARTESIAN_POINT('',(-10.5,18.1865334794732,5.5));
#2486=CARTESIAN_POINT('Origin',(0.,0.,4.));
#2487=CARTESIAN_POINT('Origin',(0.,0.,5.5));
#2488=CARTESIAN_POINT('',(-15.9099025766973,15.9099025766973,4.));
#2489=CARTESIAN_POINT('',(-14.8492424049175,14.8492424049175,5.5));
#2490=CARTESIAN_POINT('',(-19.4855715851499,11.25,4.));
#2491=CARTESIAN_POINT('',(-18.1865334794732,10.5,5.5));
#2492=CARTESIAN_POINT('Origin',(0.,0.,4.));
#2493=CARTESIAN_POINT('Origin',(0.,0.,5.5));
#2494=CARTESIAN_POINT('',(-21.733331091504,5.82342851480672,4.));
#2495=CARTESIAN_POINT('',(-20.2844423520704,5.43519994715294,5.5));
#2496=CARTESIAN_POINT('',(-22.5,4.9960036108132E-15,4.));
#2497=CARTESIAN_POINT('',(-21.,4.66293670342566E-15,5.5));
#2498=CARTESIAN_POINT('Origin',(0.,0.,4.));
#2499=CARTESIAN_POINT('Origin',(0.,0.,5.5));
#2500=CARTESIAN_POINT('',(-21.733331091504,-5.82342851480672,4.));
#2501=CARTESIAN_POINT('',(-20.2844423520704,-5.43519994715294,5.5));
#2502=CARTESIAN_POINT('',(-19.4855715851499,-11.25,4.));
#2503=CARTESIAN_POINT('',(-18.1865334794732,-10.5,5.5));
#2504=CARTESIAN_POINT('Origin',(0.,0.,4.));
#2505=CARTESIAN_POINT('Origin',(0.,0.,5.5));
#2506=CARTESIAN_POINT('',(-15.9099025766973,-15.9099025766973,4.));
#2507=CARTESIAN_POINT('',(-14.8492424049175,-14.8492424049175,5.5));
#2508=CARTESIAN_POINT('',(-11.25,-19.4855715851499,4.));
#2509=CARTESIAN_POINT('',(-10.5,-18.1865334794732,5.5));
#2510=CARTESIAN_POINT('Origin',(0.,0.,4.));
#2511=CARTESIAN_POINT('Origin',(0.,0.,5.5));
#2512=CARTESIAN_POINT('',(-5.82342851480672,-21.733331091504,4.));
#2513=CARTESIAN_POINT('',(-5.43519994715294,-20.2844423520704,5.5));
#2514=CARTESIAN_POINT('',(-1.37772764904077E-15,-22.5,4.));
#2515=CARTESIAN_POINT('',(0.,-21.,5.5));
#2516=CARTESIAN_POINT('Origin',(0.,0.,4.));
#2517=CARTESIAN_POINT('Origin',(0.,0.,5.5));
#2518=CARTESIAN_POINT('',(21.733331091504,5.82342851480673,4.));
#2519=CARTESIAN_POINT('',(20.2844423520704,5.43519994715295,5.5));
#2520=CARTESIAN_POINT('',(19.4855715851499,11.25,4.));
#2521=CARTESIAN_POINT('',(18.1865334794732,10.5,5.5));
#2522=CARTESIAN_POINT('Origin',(0.,0.,4.));
#2523=CARTESIAN_POINT('Origin',(0.,0.,5.5));
#2524=CARTESIAN_POINT('',(21.733331091504,-5.8234285148067,4.));
#2525=CARTESIAN_POINT('',(20.2844423520704,-5.43519994715292,5.5));
#2526=CARTESIAN_POINT('',(22.5,4.9960036108132E-15,4.));
#2527=CARTESIAN_POINT('',(21.,4.66293670342566E-15,5.5));
#2528=CARTESIAN_POINT('Origin',(0.,0.,4.));
#2529=CARTESIAN_POINT('Origin',(0.,0.,5.5));
#2530=CARTESIAN_POINT('',(15.9099025766973,-15.9099025766973,4.));
#2531=CARTESIAN_POINT('',(14.8492424049175,-14.8492424049175,5.5));
#2532=CARTESIAN_POINT('',(19.4855715851499,-11.25,4.));
#2533=CARTESIAN_POINT('',(18.1865334794732,-10.5,5.5));
#2534=CARTESIAN_POINT('Origin',(0.,0.,4.));
#2535=CARTESIAN_POINT('Origin',(0.,0.,5.5));
#2536=CARTESIAN_POINT('',(5.82342851480674,-21.733331091504,4.));
#2537=CARTESIAN_POINT('',(5.43519994715295,-20.2844423520704,5.5));
#2538=CARTESIAN_POINT('',(11.25,-19.4855715851499,4.));
#2539=CARTESIAN_POINT('',(10.5,-18.1865334794732,5.5));
#2540=CARTESIAN_POINT('Origin',(0.,0.,4.));
#2541=CARTESIAN_POINT('Origin',(0.,0.,15.5));
#2542=CARTESIAN_POINT('',(-19.4855715851499,-11.25,18.5));
#2543=CARTESIAN_POINT('',(-15.588457500406,-9.00000013411045,12.5));
#2544=CARTESIAN_POINT('',(-17.5370144266349,-10.125,15.5));
#2545=CARTESIAN_POINT('',(-17.3866651322847,-4.65874288126605,12.5));
#2546=CARTESIAN_POINT('Origin',(0.,0.,12.5));
#2547=CARTESIAN_POINT('',(-21.733331091504,-5.82342851480672,18.5));
#2548=CARTESIAN_POINT('',(-19.5599979823536,-5.24108566332605,15.5));
#2549=CARTESIAN_POINT('Origin',(0.,0.,18.5));
#2550=CARTESIAN_POINT('Origin',(0.,0.,12.5));
#2551=CARTESIAN_POINT('',(-12.7279222510187,-12.7279222510187,12.5));
#2552=CARTESIAN_POINT('Origin',(0.,0.,12.5));
#2553=CARTESIAN_POINT('',(-9.00000013411045,-15.588457500406,12.5));
#2554=CARTESIAN_POINT('Origin',(0.,0.,12.5));
#2555=CARTESIAN_POINT('',(-4.65874288126605,-17.3866651322847,12.5));
#2556=CARTESIAN_POINT('Origin',(0.,0.,12.5));
#2557=CARTESIAN_POINT('',(1.10218213565641E-15,-18.0000002682209,12.5));
#2558=CARTESIAN_POINT('Origin',(0.,0.,12.5));
#2559=CARTESIAN_POINT('',(4.65874288126607,-17.3866651322847,12.5));
#2560=CARTESIAN_POINT('Origin',(0.,0.,12.5));
#2561=CARTESIAN_POINT('',(9.00000013411046,-15.588457500406,12.5));
#2562=CARTESIAN_POINT('Origin',(0.,0.,12.5));
#2563=CARTESIAN_POINT('',(12.7279222510187,-12.7279222510187,12.5));
#2564=CARTESIAN_POINT('Origin',(0.,0.,12.5));
#2565=CARTESIAN_POINT('',(15.588457500406,-9.00000013411044,12.5));
#2566=CARTESIAN_POINT('Origin',(0.,0.,12.5));
#2567=CARTESIAN_POINT('',(17.3866651322847,-4.65874288126604,12.5));
#2568=CARTESIAN_POINT('Origin',(0.,0.,12.5));
#2569=CARTESIAN_POINT('',(18.0000002682209,3.99680294820757E-15,12.5));
#2570=CARTESIAN_POINT('Origin',(0.,0.,12.5));
#2571=CARTESIAN_POINT('',(17.3866651322847,4.65874288126606,12.5));
#2572=CARTESIAN_POINT('Origin',(0.,0.,12.5));
#2573=CARTESIAN_POINT('',(15.588457500406,9.00000013411045,12.5));
#2574=CARTESIAN_POINT('Origin',(0.,0.,12.5));
#2575=CARTESIAN_POINT('',(12.7279222510187,12.7279222510187,12.5));
#2576=CARTESIAN_POINT('Origin',(0.,0.,12.5));
#2577=CARTESIAN_POINT('',(9.00000013411045,15.588457500406,12.5));
#2578=CARTESIAN_POINT('Origin',(0.,0.,12.5));
#2579=CARTESIAN_POINT('',(4.65874288126604,17.3866651322847,12.5));
#2580=CARTESIAN_POINT('Origin',(0.,0.,12.5));
#2581=CARTESIAN_POINT('',(-2.20436427131282E-15,18.0000002682209,12.5));
#2582=CARTESIAN_POINT('Origin',(0.,0.,12.5));
#2583=CARTESIAN_POINT('',(-4.65874288126606,17.3866651322847,12.5));
#2584=CARTESIAN_POINT('Origin',(0.,0.,12.5));
#2585=CARTESIAN_POINT('',(-9.00000013411046,15.588457500406,12.5));
#2586=CARTESIAN_POINT('Origin',(0.,0.,12.5));
#2587=CARTESIAN_POINT('',(-12.7279222510187,12.7279222510187,12.5));
#2588=CARTESIAN_POINT('Origin',(0.,0.,12.5));
#2589=CARTESIAN_POINT('',(-15.588457500406,9.00000013411045,12.5));
#2590=CARTESIAN_POINT('Origin',(0.,0.,12.5));
#2591=CARTESIAN_POINT('',(-17.3866651322847,4.65874288126605,12.5));
#2592=CARTESIAN_POINT('Origin',(0.,0.,12.5));
#2593=CARTESIAN_POINT('',(-18.0000002682209,3.99680294820757E-15,12.5));
#2594=CARTESIAN_POINT('Origin',(0.,0.,12.5));
#2595=CARTESIAN_POINT('Origin',(0.,0.,12.5));
#2596=CARTESIAN_POINT('',(-3.25,-3.9801020972289E-16,12.5));
#2597=CARTESIAN_POINT('Origin',(0.,0.,12.5));
#2598=CARTESIAN_POINT('',(10.0000001192093,-1.53142750604056E-15,12.5));
#2599=CARTESIAN_POINT('Origin',(8.00000011920929,-1.77635686587003E-15,
12.5));
#2600=CARTESIAN_POINT('',(2.,-8.00000011920929,12.5));
#2601=CARTESIAN_POINT('Origin',(-9.7971745391681E-16,-8.00000011920929,
12.5));
#2602=CARTESIAN_POINT('',(2.,8.00000011920929,12.5));
#2603=CARTESIAN_POINT('Origin',(0.,8.00000011920929,12.5));
#2604=CARTESIAN_POINT('',(-6.00000011920929,-1.53142750604056E-15,12.5));
#2605=CARTESIAN_POINT('Origin',(-8.00000011920929,-1.77635686587003E-15,
12.5));
#2606=CARTESIAN_POINT('Origin',(0.,0.,15.5));
#2607=CARTESIAN_POINT('',(-11.25,-19.4855715851499,18.5));
#2608=CARTESIAN_POINT('',(-10.125,-17.5370144266349,15.5));
#2609=CARTESIAN_POINT('',(-15.9099025766973,-15.9099025766973,18.5));
#2610=CARTESIAN_POINT('',(-14.3189123190276,-14.3189123190276,15.5));
#2611=CARTESIAN_POINT('Origin',(0.,0.,18.5));
#2612=CARTESIAN_POINT('Origin',(0.,0.,15.5));
#2613=CARTESIAN_POINT('',(-1.37772764904077E-15,-22.5,18.5));
#2614=CARTESIAN_POINT('',(0.,-20.25,15.5));
#2615=CARTESIAN_POINT('',(-5.82342851480672,-21.733331091504,18.5));
#2616=CARTESIAN_POINT('',(-5.24108566332605,-19.5599979823536,15.5));
#2617=CARTESIAN_POINT('Origin',(0.,0.,18.5));
#2618=CARTESIAN_POINT('Origin',(0.,0.,15.5));
#2619=CARTESIAN_POINT('',(11.25,-19.4855715851499,18.5));
#2620=CARTESIAN_POINT('',(10.125,-17.5370144266349,15.5));
#2621=CARTESIAN_POINT('',(5.82342851480674,-21.733331091504,18.5));
#2622=CARTESIAN_POINT('',(5.24108566332606,-19.5599979823536,15.5));
#2623=CARTESIAN_POINT('Origin',(0.,0.,18.5));
#2624=CARTESIAN_POINT('Origin',(0.,0.,15.5));
#2625=CARTESIAN_POINT('',(-22.5,4.9960036108132E-15,18.5));
#2626=CARTESIAN_POINT('',(-20.25,4.49640324973188E-15,15.5));
#2627=CARTESIAN_POINT('',(-21.733331091504,5.82342851480672,18.5));
#2628=CARTESIAN_POINT('',(-19.5599979823536,5.24108566332604,15.5));
#2629=CARTESIAN_POINT('Origin',(0.,0.,18.5));
#2630=CARTESIAN_POINT('Origin',(0.,0.,15.5));
#2631=CARTESIAN_POINT('',(-19.4855715851499,11.25,18.5));
#2632=CARTESIAN_POINT('',(-17.5370144266349,10.125,15.5));
#2633=CARTESIAN_POINT('',(-15.9099025766973,15.9099025766973,18.5));
#2634=CARTESIAN_POINT('',(-14.3189123190276,14.3189123190276,15.5));
#2635=CARTESIAN_POINT('Origin',(0.,0.,18.5));
#2636=CARTESIAN_POINT('Origin',(0.,0.,15.5));
#2637=CARTESIAN_POINT('',(-11.25,19.4855715851499,18.5));
#2638=CARTESIAN_POINT('',(-10.125,17.5370144266349,15.5));
#2639=CARTESIAN_POINT('',(-5.82342851480673,21.733331091504,18.5));
#2640=CARTESIAN_POINT('',(-5.24108566332605,19.5599979823536,15.5));
#2641=CARTESIAN_POINT('Origin',(0.,0.,18.5));
#2642=CARTESIAN_POINT('Origin',(0.,0.,15.5));
#2643=CARTESIAN_POINT('',(-3.61827596177243E-15,22.5,18.5));
#2644=CARTESIAN_POINT('',(-2.47990976827339E-15,20.25,15.5));
#2645=CARTESIAN_POINT('',(5.82342851480671,21.733331091504,18.5));
#2646=CARTESIAN_POINT('',(5.24108566332604,19.5599979823536,15.5));
#2647=CARTESIAN_POINT('Origin',(0.,0.,18.5));
#2648=CARTESIAN_POINT('Origin',(0.,0.,15.5));
#2649=CARTESIAN_POINT('',(19.4855715851499,-11.25,18.5));
#2650=CARTESIAN_POINT('',(17.5370144266349,-10.125,15.5));
#2651=CARTESIAN_POINT('',(15.9099025766973,-15.9099025766973,18.5));
#2652=CARTESIAN_POINT('',(14.3189123190276,-14.3189123190276,15.5));
#2653=CARTESIAN_POINT('Origin',(0.,0.,18.5));
#2654=CARTESIAN_POINT('Origin',(0.,0.,15.5));
#2655=CARTESIAN_POINT('',(22.5,4.9960036108132E-15,18.5));
#2656=CARTESIAN_POINT('',(20.25,4.49640324973188E-15,15.5));
#2657=CARTESIAN_POINT('',(21.733331091504,-5.8234285148067,18.5));
#2658=CARTESIAN_POINT('',(19.5599979823536,-5.24108566332603,15.5));
#2659=CARTESIAN_POINT('Origin',(0.,0.,18.5));
#2660=CARTESIAN_POINT('Origin',(0.,0.,15.5));
#2661=CARTESIAN_POINT('',(19.4855715851499,11.25,18.5));
#2662=CARTESIAN_POINT('',(17.5370144266349,10.125,15.5));
#2663=CARTESIAN_POINT('',(21.733331091504,5.82342851480673,18.5));
#2664=CARTESIAN_POINT('',(19.5599979823536,5.24108566332606,15.5));
#2665=CARTESIAN_POINT('Origin',(0.,0.,18.5));
#2666=CARTESIAN_POINT('Origin',(0.,0.,15.5));
#2667=CARTESIAN_POINT('',(11.25,19.4855715851499,18.5));
#2668=CARTESIAN_POINT('',(10.125,17.5370144266349,15.5));
#2669=CARTESIAN_POINT('',(15.9099025766973,15.9099025766973,18.5));
#2670=CARTESIAN_POINT('',(14.3189123190276,14.3189123190276,15.5));
#2671=CARTESIAN_POINT('Origin',(0.,0.,18.5));
#2672=CARTESIAN_POINT('Origin',(-18.0000002682209,3.99680294820757E-15,
7.));
#2673=CARTESIAN_POINT('',(-22.5,4.9960036108132E-15,7.));
#2674=CARTESIAN_POINT('',(-18.0000002682209,3.99680294820757E-15,7.));
#2675=CARTESIAN_POINT('Origin',(0.,0.,7.));
#2676=CARTESIAN_POINT('',(-17.3866651322847,-4.65874288126605,7.));
#2677=CARTESIAN_POINT('Origin',(-21.733331091504,-5.82342851480672,7.));
#2678=CARTESIAN_POINT('',(-21.733331091504,-5.82342851480672,7.));
#2679=CARTESIAN_POINT('Origin',(9.00000013411045,15.588457500406,7.));
#2680=CARTESIAN_POINT('',(11.25,19.4855715851499,7.));
#2681=CARTESIAN_POINT('',(9.00000013411045,15.588457500406,7.));
#2682=CARTESIAN_POINT('Origin',(0.,0.,7.));
#2683=CARTESIAN_POINT('',(4.65874288126604,17.3866651322847,7.));
#2684=CARTESIAN_POINT('Origin',(5.82342851480671,21.733331091504,7.));
#2685=CARTESIAN_POINT('',(5.82342851480671,21.733331091504,7.));
#2686=CARTESIAN_POINT('Origin',(9.00000013411046,-15.588457500406,7.));
#2687=CARTESIAN_POINT('',(11.25,-19.4855715851499,7.));
#2688=CARTESIAN_POINT('',(9.00000013411046,-15.588457500406,7.));
#2689=CARTESIAN_POINT('Origin',(0.,0.,7.));
#2690=CARTESIAN_POINT('',(12.7279222510187,-12.7279222510187,7.));
#2691=CARTESIAN_POINT('Origin',(15.9099025766973,-15.9099025766973,7.));
#2692=CARTESIAN_POINT('',(15.9099025766973,-15.9099025766973,7.));
#2693=CARTESIAN_POINT('Origin',(15.588457500406,-9.00000013411044,7.));
#2694=CARTESIAN_POINT('',(19.4855715851499,-11.25,7.));
#2695=CARTESIAN_POINT('',(15.588457500406,-9.00000013411044,7.));
#2696=CARTESIAN_POINT('Origin',(0.,0.,7.));
#2697=CARTESIAN_POINT('',(17.3866651322847,-4.65874288126604,7.));
#2698=CARTESIAN_POINT('Origin',(21.733331091504,-5.8234285148067,7.));
#2699=CARTESIAN_POINT('',(21.733331091504,-5.8234285148067,7.));
#2700=CARTESIAN_POINT('Origin',(-2.20436427131282E-15,18.0000002682209,
7.));
#2701=CARTESIAN_POINT('',(-2.75545529808154E-15,22.5,7.));
#2702=CARTESIAN_POINT('',(-2.20436427131282E-15,18.0000002682209,7.));
#2703=CARTESIAN_POINT('Origin',(0.,0.,7.));
#2704=CARTESIAN_POINT('',(-4.65874288126606,17.3866651322847,7.));
#2705=CARTESIAN_POINT('Origin',(-5.82342851480672,21.733331091504,7.));
#2706=CARTESIAN_POINT('',(-5.82342851480672,21.733331091504,7.));
#2707=CARTESIAN_POINT('Origin',(-15.588457500406,-9.00000013411045,7.));
#2708=CARTESIAN_POINT('',(-19.4855715851499,-11.25,7.));
#2709=CARTESIAN_POINT('',(-15.588457500406,-9.00000013411045,7.));
#2710=CARTESIAN_POINT('Origin',(0.,0.,7.));
#2711=CARTESIAN_POINT('',(-12.7279222510187,-12.7279222510187,7.));
#2712=CARTESIAN_POINT('Origin',(-15.9099025766973,-15.9099025766973,7.));
#2713=CARTESIAN_POINT('',(-15.9099025766973,-15.9099025766973,7.));
#2714=CARTESIAN_POINT('Origin',(-15.588457500406,9.00000013411045,7.));
#2715=CARTESIAN_POINT('',(-19.4855715851499,11.25,7.));
#2716=CARTESIAN_POINT('',(-15.588457500406,9.00000013411045,7.));
#2717=CARTESIAN_POINT('Origin',(0.,0.,7.));
#2718=CARTESIAN_POINT('',(-17.3866651322847,4.65874288126605,7.));
#2719=CARTESIAN_POINT('Origin',(-21.733331091504,5.82342851480672,7.));
#2720=CARTESIAN_POINT('',(-21.733331091504,5.82342851480672,7.));
#2721=CARTESIAN_POINT('Origin',(15.588457500406,9.00000013411045,7.));
#2722=CARTESIAN_POINT('',(19.4855715851499,11.25,7.));
#2723=CARTESIAN_POINT('',(15.588457500406,9.00000013411045,7.));
#2724=CARTESIAN_POINT('Origin',(0.,0.,7.));
#2725=CARTESIAN_POINT('',(12.7279222510187,12.7279222510187,7.));
#2726=CARTESIAN_POINT('Origin',(15.9099025766973,15.9099025766973,7.));
#2727=CARTESIAN_POINT('',(15.9099025766973,15.9099025766973,7.));
#2728=CARTESIAN_POINT('Origin',(0.,0.,7.));
#2729=CARTESIAN_POINT('',(1.10218213565641E-15,-18.0000002682209,7.));
#2730=CARTESIAN_POINT('',(4.65874288126607,-17.3866651322847,7.));
#2731=CARTESIAN_POINT('Origin',(5.82342851480673,-21.733331091504,7.));
#2732=CARTESIAN_POINT('',(5.82342851480673,-21.733331091504,7.));
#2733=CARTESIAN_POINT('Origin',(0.,-18.0000002682209,7.));
#2734=CARTESIAN_POINT('',(1.37772764904077E-15,-22.5,7.));
#2735=CARTESIAN_POINT('Origin',(18.0000002682209,3.99680294820757E-15,7.));
#2736=CARTESIAN_POINT('',(22.5,4.9960036108132E-15,7.));
#2737=CARTESIAN_POINT('',(18.0000002682209,3.99680294820757E-15,7.));
#2738=CARTESIAN_POINT('Origin',(0.,0.,7.));
#2739=CARTESIAN_POINT('',(17.3866651322847,4.65874288126606,7.));
#2740=CARTESIAN_POINT('Origin',(21.733331091504,5.82342851480673,7.));
#2741=CARTESIAN_POINT('',(21.733331091504,5.82342851480673,7.));
#2742=CARTESIAN_POINT('Origin',(-9.00000013411046,15.588457500406,7.));
#2743=CARTESIAN_POINT('',(-11.25,19.4855715851499,7.));
#2744=CARTESIAN_POINT('',(-9.00000013411046,15.588457500406,7.));
#2745=CARTESIAN_POINT('Origin',(0.,0.,7.));
#2746=CARTESIAN_POINT('',(-12.7279222510187,12.7279222510187,7.));
#2747=CARTESIAN_POINT('Origin',(-15.9099025766973,15.9099025766973,7.));
#2748=CARTESIAN_POINT('',(-15.9099025766973,15.9099025766973,7.));
#2749=CARTESIAN_POINT('Origin',(-9.00000013411045,-15.588457500406,7.));
#2750=CARTESIAN_POINT('',(-11.25,-19.4855715851499,7.));
#2751=CARTESIAN_POINT('',(-9.00000013411045,-15.588457500406,7.));
#2752=CARTESIAN_POINT('Origin',(0.,0.,7.));
#2753=CARTESIAN_POINT('',(-4.65874288126605,-17.3866651322847,7.));
#2754=CARTESIAN_POINT('Origin',(-5.82342851480672,-21.733331091504,7.));
#2755=CARTESIAN_POINT('',(-5.82342851480672,-21.733331091504,7.));
#2756=CARTESIAN_POINT('Origin',(0.,0.,22.5));
#2757=CARTESIAN_POINT('',(-22.5,2.75545529808154E-15,22.5));
#2758=CARTESIAN_POINT('',(-22.5,-2.75545529808154E-15,0.));
#2759=CARTESIAN_POINT('',(-22.5,2.75545529808154E-15,22.5));
#2760=CARTESIAN_POINT('Origin',(0.,0.,0.));
#2761=CARTESIAN_POINT('Origin',(0.,8.00000011920929,12.));
#2762=CARTESIAN_POINT('',(2.,8.00000011920929,12.));
#2763=CARTESIAN_POINT('Origin',(0.,8.00000011920929,12.));
#2764=CARTESIAN_POINT('',(1.3,8.00000011920929,12.));
#2765=CARTESIAN_POINT('Origin',(0.,8.00000011920929,12.));
#2766=CARTESIAN_POINT('Origin',(-1.11022302462516E-15,-8.00000011920929,
12.));
#2767=CARTESIAN_POINT('',(2.,-8.00000011920929,12.));
#2768=CARTESIAN_POINT('Origin',(-9.7971745391681E-16,-8.00000011920929,
12.));
#2769=CARTESIAN_POINT('',(1.3,-8.00000011920929,12.));
#2770=CARTESIAN_POINT('Origin',(-9.7971745391681E-16,-8.00000011920929,
12.));
#2771=CARTESIAN_POINT('Origin',(-8.00000011920929,-1.66533453693773E-15,
12.));
#2772=CARTESIAN_POINT('',(-6.00000011920929,-1.53142750604056E-15,12.));
#2773=CARTESIAN_POINT('Origin',(-8.00000011920929,-1.77635686587003E-15,
12.));
#2774=CARTESIAN_POINT('',(-6.70000011920929,-1.61715278198087E-15,12.));
#2775=CARTESIAN_POINT('Origin',(-8.00000011920929,-1.77635686587003E-15,
12.));
#2776=CARTESIAN_POINT('Origin',(8.00000011920929,-1.66533453693773E-15,
12.));
#2777=CARTESIAN_POINT('',(10.0000001192093,-1.53142750604056E-15,12.));
#2778=CARTESIAN_POINT('Origin',(8.00000011920929,-1.77635686587003E-15,
12.));
#2779=CARTESIAN_POINT('',(9.30000011920929,-1.61715278198087E-15,12.));
#2780=CARTESIAN_POINT('Origin',(8.00000011920929,-1.77635686587003E-15,
12.));
#2781=CARTESIAN_POINT('Origin',(0.,0.,2.));
#2782=CARTESIAN_POINT('',(-3.25,-3.9801020972289E-16,2.));
#2783=CARTESIAN_POINT('Origin',(0.,0.,2.));
#2784=CARTESIAN_POINT('',(-25.85,-3.16571197579591E-15,2.));
#2785=CARTESIAN_POINT('Origin',(0.,0.,2.));
#2786=CARTESIAN_POINT('',(-25.85,-3.16571197579591E-15,0.));
#2787=CARTESIAN_POINT('',(-25.85,-3.16571197579591E-15,2.));
#2788=CARTESIAN_POINT('Origin',(0.,0.,0.));
#2789=CARTESIAN_POINT('Origin',(0.,0.,2.));
#2790=CARTESIAN_POINT('',(-27.75,3.39839486763391E-15,2.));
#2791=CARTESIAN_POINT('',(-27.75,-3.39839486763391E-15,2.));
#2792=CARTESIAN_POINT('Origin',(0.,0.,2.));
#2793=CARTESIAN_POINT('Origin',(8.00000011920929,-1.77635686587003E-15,
22.5));
#2794=CARTESIAN_POINT('',(10.0000001192093,-2.0212862256995E-15,22.5));
#2795=CARTESIAN_POINT('Origin',(-9.7971745391681E-16,-8.00000011920929,
22.5));
#2796=CARTESIAN_POINT('',(2.,-8.00000011920929,22.5));
#2797=CARTESIAN_POINT('Origin',(0.,8.00000011920929,22.5));
#2798=CARTESIAN_POINT('',(2.,8.00000011920929,22.5));
#2799=CARTESIAN_POINT('Origin',(-8.00000011920929,-1.77635686587003E-15,
22.5));
#2800=CARTESIAN_POINT('',(-6.00000011920929,-2.0212862256995E-15,22.5));
#2801=CARTESIAN_POINT('Origin',(8.00000011920929,-1.77635686587003E-15,
22.5));
#2802=CARTESIAN_POINT('',(9.30000011920929,-1.93556094975919E-15,22.5));
#2803=CARTESIAN_POINT('Origin',(-9.7971745391681E-16,-8.00000011920929,
22.5));
#2804=CARTESIAN_POINT('',(1.3,-8.00000011920929,22.5));
#2805=CARTESIAN_POINT('Origin',(0.,8.00000011920929,22.5));
#2806=CARTESIAN_POINT('',(1.3,8.00000011920929,22.5));
#2807=CARTESIAN_POINT('Origin',(-8.00000011920929,-1.77635686587003E-15,
22.5));
#2808=CARTESIAN_POINT('',(-6.70000011920929,-1.93556094975919E-15,22.5));
#2809=CARTESIAN_POINT('Origin',(0.,0.,0.));
#2810=CARTESIAN_POINT('',(-17.25,-2.11251572852918E-15,0.));
#2811=CARTESIAN_POINT('Origin',(0.,0.,2.));
#2812=CARTESIAN_POINT('Origin',(0.,0.,0.));
#2813=UNCERTAINTY_MEASURE_WITH_UNIT(LENGTH_MEASURE(0.01),#2817,
'DISTANCE_ACCURACY_VALUE',
'Maximum model space distance between geometric entities at asserted c
onnectivities');
#2814=UNCERTAINTY_MEASURE_WITH_UNIT(LENGTH_MEASURE(0.01),#2817,
'DISTANCE_ACCURACY_VALUE',
'Maximum model space distance between geometric entities at asserted c
onnectivities');
#2815=(
GEOMETRIC_REPRESENTATION_CONTEXT(3)
GLOBAL_UNCERTAINTY_ASSIGNED_CONTEXT((#2813))
GLOBAL_UNIT_ASSIGNED_CONTEXT((#2817,#2819,#2820))
REPRESENTATION_CONTEXT('','3D')
);
#2816=(
GEOMETRIC_REPRESENTATION_CONTEXT(3)
GLOBAL_UNCERTAINTY_ASSIGNED_CONTEXT((#2814))
GLOBAL_UNIT_ASSIGNED_CONTEXT((#2817,#2819,#2820))
REPRESENTATION_CONTEXT('','3D')
);
#2817=(
LENGTH_UNIT()
NAMED_UNIT(*)
SI_UNIT(.MILLI.,.METRE.)
);
#2818=(
LENGTH_UNIT()
NAMED_UNIT(*)
SI_UNIT($,.METRE.)
);
#2819=(
NAMED_UNIT(*)
PLANE_ANGLE_UNIT()
SI_UNIT($,.RADIAN.)
);
#2820=(
NAMED_UNIT(*)
SI_UNIT($,.STERADIAN.)
SOLID_ANGLE_UNIT()
);
#2821=SHAPE_DEFINITION_REPRESENTATION(#2822,#2823);
#2822=PRODUCT_DEFINITION_SHAPE('',$,#2825);
#2823=SHAPE_REPRESENTATION('',(#1651),#2815);
#2824=PRODUCT_DEFINITION_CONTEXT('part definition',#2829,'design');
#2825=PRODUCT_DEFINITION('tyre','tyre v9',#2826,#2824);
#2826=PRODUCT_DEFINITION_FORMATION('',$,#2831);
#2827=PRODUCT_RELATED_PRODUCT_CATEGORY('tyre v9','tyre v9',(#2831));
#2828=APPLICATION_PROTOCOL_DEFINITION('international standard',
'automotive_design',2009,#2829);
#2829=APPLICATION_CONTEXT(
'Core Data for Automotive Mechanical Design Process');
#2830=PRODUCT_CONTEXT('part definition',#2829,'mechanical');
#2831=PRODUCT('tyre','tyre v9',$,(#2830));
#2832=PRESENTATION_STYLE_ASSIGNMENT((#2833));
#2833=SURFACE_STYLE_USAGE(.BOTH.,#2834);
#2834=SURFACE_SIDE_STYLE('',(#2835));
#2835=SURFACE_STYLE_FILL_AREA(#2836);
#2836=FILL_AREA_STYLE('Steel - Satin',(#2837));
#2837=FILL_AREA_STYLE_COLOUR('Steel - Satin',#2838);
#2838=COLOUR_RGB('Steel - Satin',0.627450980392157,0.627450980392157,0.627450980392157);
ENDSEC;
END-ISO-10303-21;
